# Lossless merged Franka web visual
v 0.01525500 -0.06846300 0.02643800
v 0.01525500 -0.06846300 0.02643800
v 0.01525500 -0.06846300 0.02643800
v 0.01525500 -0.06962700 0.02613600
v 0.01525600 0.06845600 0.02644100
v 0.01525600 0.06845600 0.02644100
v 0.01525600 0.06845600 0.02644100
v 0.01525600 0.06845600 0.02644100
v 0.01525400 0.06938500 0.01339000
v 0.01525400 0.06938500 0.01339000
v 0.01525400 0.06938500 0.01339000
v 0.01525400 0.07093400 0.01820800
v 0.01525400 0.07093400 0.01820800
v 0.01525500 0.07196200 0.02213600
v 0.01525500 0.07196200 0.02213600
v 0.01525500 0.07196200 0.02213600
v 0.01525500 0.07189200 0.02323400
v 0.01525500 0.07189200 0.02323400
v 0.01525500 0.07189200 0.02323400
v 0.01525500 0.07155200 0.02429100
v 0.01525500 0.07087700 0.02522400
v 0.01525500 0.07087700 0.02522400
v 0.01525500 0.07016000 0.02582700
v 0.01525500 -0.07078900 0.02532300
v 0.01525500 -0.07078900 0.02532300
v 0.01525500 -0.07078900 0.02532300
v 0.01525500 -0.07078900 0.02532300
v 0.01525500 -0.07159000 0.02423400
v 0.01525500 0.06931900 0.02623500
v 0.01525500 0.06931900 0.02623500
v 0.01525500 0.06931900 0.02623500
v 0.01525500 -0.06638600 0.01107000
v 0.01525500 -0.06638600 0.01107000
v 0.01525500 -0.06638600 0.01107000
v 0.01525500 -0.06638600 0.01107000
v 0.01525500 0.06630700 0.01106100
v 0.01525500 0.06630700 0.01106100
v 0.01525500 0.06630700 0.01106100
v 0.01525500 -0.07197300 0.02268900
v 0.01525500 -0.07197300 0.02268900
v 0.01525500 -0.07185600 0.02158600
v 0.01525500 -0.07185600 0.02158600
v 0.01525500 -0.07185600 0.02158600
v 0.01525400 0.06754800 0.01146300
v 0.01525400 0.06754800 0.01146300
v 0.01525500 0.06862300 0.01224500
v 0.01525500 -0.06930700 0.01320600
v 0.01525500 -0.06930700 0.01320600
v 0.01525500 -0.06930700 0.01320600
v 0.01525500 -0.06847200 0.01210900
v 0.01525500 -0.06758700 0.01148800
v 0.01525500 -0.06758700 0.01148800
v 0.01525500 -0.07075300 0.01761800
v 0.01525500 -0.07075300 0.01761800
v 0.01525500 -0.07075300 0.01761800
v -0.01525500 -0.06846300 0.02643800
v -0.01525500 -0.06846300 0.02643800
v -0.01525500 -0.06846300 0.02643800
v -0.01525500 -0.06962700 0.02613600
v -0.01525600 0.06845600 0.02644100
v -0.01525600 0.06845600 0.02644100
v -0.01525600 0.06845600 0.02644100
v -0.01525600 0.06845600 0.02644100
v -0.01525600 0.06845600 0.02644100
v -0.01525400 0.06938500 0.01339000
v -0.01525400 0.06938500 0.01339000
v -0.01525400 0.06938500 0.01339000
v -0.01525400 0.07093400 0.01820800
v -0.01525400 0.07093400 0.01820800
v -0.01525500 0.07196200 0.02213600
v -0.01525500 0.07196200 0.02213600
v -0.01525500 0.07189200 0.02323400
v -0.01525500 0.07189200 0.02323400
v -0.01525500 0.07189200 0.02323400
v -0.01525500 0.07189200 0.02323400
v -0.01525500 0.07155200 0.02429100
v -0.01525500 0.07087700 0.02522400
v -0.01525500 0.07087700 0.02522400
v -0.01525500 0.07016000 0.02582700
v -0.01525500 -0.07078900 0.02532300
v -0.01525500 -0.07078900 0.02532300
v -0.01525500 -0.07078900 0.02532300
v -0.01525500 -0.07078900 0.02532300
v -0.01525500 -0.07159000 0.02423400
v -0.01525500 0.06931900 0.02623500
v -0.01525500 0.06931900 0.02623500
v -0.01525500 -0.06638600 0.01107000
v -0.01525500 -0.06638600 0.01107000
v -0.01525500 -0.06638600 0.01107000
v -0.01525500 -0.06638600 0.01107000
v -0.01525500 0.06630700 0.01106100
v -0.01525500 0.06630700 0.01106100
v -0.01525500 0.06630700 0.01106100
v -0.01525500 -0.07197300 0.02268900
v -0.01525500 -0.07197300 0.02268900
v -0.01525500 -0.07185600 0.02158600
v -0.01525500 -0.07185600 0.02158600
v -0.01525500 -0.07185600 0.02158600
v -0.01525400 0.06754800 0.01146300
v -0.01525400 0.06754800 0.01146300
v -0.01525500 0.06862300 0.01224500
v -0.01525500 -0.06930700 0.01320600
v -0.01525500 -0.06930700 0.01320600
v -0.01525500 -0.06930700 0.01320600
v -0.01525500 -0.06847200 0.01210900
v -0.01525500 -0.06758700 0.01148800
v -0.01525500 -0.06758700 0.01148800
v -0.01525500 -0.07075300 0.01761800
v -0.01525500 -0.07075300 0.01761800
v -0.01525500 -0.07075300 0.01761800
v 0.00020100 -0.09650900 -0.01928800
v 0.00020100 -0.09650900 -0.01928800
v 0.00020100 -0.09650900 -0.01928800
v 0.00020100 -0.09650900 -0.01928800
v 0.00020100 -0.09650900 -0.01928800
v 0.00020100 -0.09650900 -0.01928800
v 0.00141800 -0.09399400 -0.02006700
v 0.00141800 -0.09399400 -0.02006700
v 0.00141800 -0.09399400 -0.02006700
v 0.00141800 -0.09399400 -0.02006700
v 0.00141800 -0.09399400 -0.02006700
v 0.00141800 -0.09399400 -0.02006700
v 0.00141800 -0.09399400 -0.02006700
v 0.00194300 -0.09633700 -0.01762900
v 0.00194300 -0.09633700 -0.01762900
v 0.00194300 -0.09633700 -0.01762900
v 0.00194300 -0.09633700 -0.01762900
v 0.00194300 -0.09633700 -0.01762900
v 0.00194300 -0.09633700 -0.01762900
v 0.00056100 -0.10390800 -0.00662000
v 0.00056100 -0.10390800 -0.00662000
v 0.00056100 -0.10390800 -0.00662000
v 0.00056100 -0.10390800 -0.00662000
v 0.00056100 -0.10390800 -0.00662000
v 0.00056100 -0.10390800 -0.00662000
v 0.00014000 -0.09730600 -0.01308600
v 0.00014000 -0.09730600 -0.01308600
v 0.00014000 -0.09730600 -0.01308600
v 0.00014000 -0.09730600 -0.01308600
v 0.00014000 -0.09730600 -0.01308600
v 0.00150000 -0.08840300 -0.02148800
v 0.00150000 -0.08840300 -0.02148800
v 0.00150000 -0.08840300 -0.02148800
v 0.00150000 -0.08840300 -0.02148800
v 0.00150000 -0.08840300 -0.02148800
v 0.00150000 -0.08840300 -0.02148800
v 0.00164700 -0.09698500 -0.01792300
v 0.00164700 -0.09698500 -0.01792300
v 0.00164700 -0.09698500 -0.01792300
v 0.00164700 -0.09698500 -0.01792300
v 0.00164700 -0.09698500 -0.01792300
v 0.00164700 -0.09698500 -0.01792300
v 0.00173500 -0.10213000 -0.01057900
v 0.00173500 -0.10213000 -0.01057900
v 0.00173500 -0.10213000 -0.01057900
v 0.00173500 -0.10213000 -0.01057900
v 0.00173500 -0.10213000 -0.01057900
v 0.00173500 -0.10213000 -0.01057900
v 0.00112300 -0.09673700 -0.01873200
v 0.00112300 -0.09673700 -0.01873200
v 0.00112300 -0.09673700 -0.01873200
v 0.00112300 -0.09673700 -0.01873200
v 0.00112300 -0.09673700 -0.01873200
v 0.00112300 -0.09673700 -0.01873200
v 0.00098300 -0.09901000 -0.01690200
v 0.00098300 -0.09901000 -0.01690200
v 0.00098300 -0.09901000 -0.01690200
v 0.00098300 -0.09901000 -0.01690200
v 0.00098300 -0.09901000 -0.01690200
v 0.00098300 -0.09901000 -0.01690200
v 0.00168300 -0.09920300 -0.01572100
v 0.00168300 -0.09920300 -0.01572100
v 0.00168300 -0.09920300 -0.01572100
v 0.00168300 -0.09920300 -0.01572100
v 0.00168300 -0.09920300 -0.01572100
v 0.00168300 -0.09920300 -0.01572100
v 0.00190900 -0.09370700 -0.01932600
v 0.00190900 -0.09370700 -0.01932600
v 0.00190900 -0.09370700 -0.01932600
v 0.00190900 -0.09370700 -0.01932600
v 0.00190900 -0.09370700 -0.01932600
v 0.00190900 -0.09370700 -0.01932600
v 0.00193200 -0.08773300 -0.02076100
v 0.00193200 -0.08773300 -0.02076100
v 0.00193200 -0.08773300 -0.02076100
v 0.00193200 -0.08773300 -0.02076100
v 0.00193200 -0.08773300 -0.02076100
v 0.00193200 -0.08773300 -0.02076100
v 0.00199800 -0.09734500 -0.01598400
v 0.00199800 -0.09734500 -0.01598400
v 0.00199800 -0.09734500 -0.01598400
v 0.00199800 -0.09734500 -0.01598400
v 0.00199800 -0.09734500 -0.01598400
v 0.00199800 -0.09734500 -0.01598400
v 0.00199800 -0.09734500 -0.01598400
v 0.00199800 -0.09734500 -0.01598400
v 0.00200300 -0.10123000 -0.01053100
v 0.00200300 -0.10123000 -0.01053100
v 0.00200300 -0.10123000 -0.01053100
v 0.00200300 -0.10123000 -0.01053100
v 0.00200300 -0.10123000 -0.01053100
v 0.00200300 -0.10123000 -0.01053100
v 0.00200300 -0.10123000 -0.01053100
v 0.00194200 -0.09905600 -0.01499500
v 0.00194200 -0.09905600 -0.01499500
v 0.00194200 -0.09905600 -0.01499500
v 0.00194200 -0.09905600 -0.01499500
v 0.00194200 -0.09905600 -0.01499500
v 0.00118400 -0.09699100 -0.01406800
v 0.00118400 -0.09699100 -0.01406800
v 0.00118400 -0.09699100 -0.01406800
v 0.00118400 -0.09699100 -0.01406800
v 0.00118400 -0.09699100 -0.01406800
v 0.00118400 -0.09699100 -0.01406800
v 0.00118400 -0.09699100 -0.01406800
v 0.00118400 -0.09699100 -0.01406800
v 0.00118400 -0.09699100 -0.01406800
v 0.00188300 -0.09769100 -0.01474300
v 0.00188300 -0.09769100 -0.01474300
v 0.00188300 -0.09769100 -0.01474300
v 0.00188300 -0.09769100 -0.01474300
v 0.00188300 -0.09769100 -0.01474300
v 0.00188300 -0.09769100 -0.01474300
v 0.00200300 -0.09318300 -0.01891300
v 0.00200300 -0.09318300 -0.01891300
v 0.00200300 -0.09318300 -0.01891300
v 0.00200300 -0.09318300 -0.01891300
v 0.00200300 -0.09318300 -0.01891300
v 0.00200300 -0.09318300 -0.01891300
v 0.00200300 -0.09318300 -0.01891300
v 0.00199400 -0.08772200 -0.01988000
v 0.00199400 -0.08772200 -0.01988000
v 0.00199400 -0.08772200 -0.01988000
v 0.00199400 -0.08772200 -0.01988000
v 0.00199400 -0.08772200 -0.01988000
v 0.00199400 -0.08772200 -0.01988000
v 0.00199400 -0.08772200 -0.01988000
v 0.00086500 -0.09508000 -0.01994300
v 0.00086500 -0.09508000 -0.01994300
v 0.00086500 -0.09508000 -0.01994300
v 0.00086500 -0.09508000 -0.01994300
v 0.00195300 -0.10083500 -0.00974000
v 0.00195300 -0.10083500 -0.00974000
v 0.00195300 -0.10083500 -0.00974000
v 0.00195300 -0.10083500 -0.00974000
v 0.00195300 -0.10083500 -0.00974000
v -0.00040400 -0.08809400 -0.01816400
v -0.00040400 -0.08809400 -0.01816400
v -0.00040400 -0.08809400 -0.01816400
v -0.00040400 -0.08809400 -0.01816400
v -0.00040400 -0.08809400 -0.01816400
v 0.00134500 -0.10346600 -0.00659900
v 0.00134500 -0.10346600 -0.00659900
v 0.00134500 -0.10346600 -0.00659900
v 0.00134500 -0.10346600 -0.00659900
v 0.00134500 -0.10346600 -0.00659900
v 0.00134500 -0.10346600 -0.00659900
v 0.00189800 -0.09296900 -0.01818600
v 0.00189800 -0.09296900 -0.01818600
v 0.00189800 -0.09296900 -0.01818600
v 0.00189800 -0.09296900 -0.01818600
v 0.00189800 -0.09296900 -0.01818600
v 0.00189800 -0.09296900 -0.01818600
v 0.00007100 -0.09602800 -0.01451800
v 0.00007100 -0.09602800 -0.01451800
v 0.00007100 -0.09602800 -0.01451800
v 0.00007100 -0.09602800 -0.01451800
v 0.00007100 -0.09602800 -0.01451800
v 0.00007100 -0.09602800 -0.01451800
v 0.00095900 -0.09521100 -0.01557800
v 0.00095900 -0.09521100 -0.01557800
v 0.00095900 -0.09521100 -0.01557800
v 0.00095900 -0.09521100 -0.01557800
v 0.00095900 -0.09521100 -0.01557800
v 0.00040500 -0.09398700 -0.02066300
v 0.00040500 -0.09398700 -0.02066300
v 0.00040500 -0.09398700 -0.02066300
v 0.00040500 -0.09398700 -0.02066300
v 0.00040500 -0.09398700 -0.02066300
v 0.00040500 -0.09398700 -0.02066300
v 0.00011700 -0.10354500 -0.00919700
v 0.00011700 -0.10354500 -0.00919700
v 0.00011700 -0.10354500 -0.00919700
v 0.00011700 -0.10354500 -0.00919700
v 0.00011700 -0.10354500 -0.00919700
v 0.00201800 -0.10199600 -0.00757600
v 0.00201800 -0.10199600 -0.00757600
v 0.00201800 -0.10199600 -0.00757600
v 0.00201800 -0.10199600 -0.00757600
v 0.00201800 -0.10199600 -0.00757600
v 0.00201800 -0.10199600 -0.00757600
v 0.00201800 -0.10199600 -0.00757600
v 0.00201800 -0.10199600 -0.00757600
v 0.00174600 -0.10289100 -0.00728200
v 0.00174600 -0.10289100 -0.00728200
v 0.00174600 -0.10289100 -0.00728200
v 0.00174600 -0.10289100 -0.00728200
v 0.00174600 -0.10289100 -0.00728200
v 0.00174600 -0.10289100 -0.00728200
v 0.00168400 -0.09462300 -0.01680400
v 0.00168400 -0.09462300 -0.01680400
v 0.00168400 -0.09462300 -0.01680400
v 0.00168400 -0.09462300 -0.01680400
v 0.00168400 -0.09462300 -0.01680400
v 0.00168400 -0.09462300 -0.01680400
v 0.00168400 -0.09462300 -0.01680400
v 0.00076500 -0.10317900 -0.01002400
v 0.00076500 -0.10317900 -0.01002400
v 0.00076500 -0.10317900 -0.01002400
v 0.00076500 -0.10317900 -0.01002400
v 0.00076500 -0.10317900 -0.01002400
v 0.00076500 -0.10317900 -0.01002400
v 0.00181500 -0.10107800 -0.00633800
v 0.00181500 -0.10107800 -0.00633800
v 0.00181500 -0.10107800 -0.00633800
v 0.00181500 -0.10107800 -0.00633800
v 0.00181500 -0.10107800 -0.00633800
v 0.00181500 -0.10107800 -0.00633800
v 0.00181500 -0.10107800 -0.00633800
v 0.00125600 -0.10283000 -0.01014200
v 0.00125600 -0.10283000 -0.01014200
v 0.00125600 -0.10283000 -0.01014200
v 0.00125600 -0.10283000 -0.01014200
v 0.00125600 -0.10283000 -0.01014200
v 0.00125600 -0.10283000 -0.01014200
v 0.00112600 -0.10028100 -0.00645700
v 0.00112600 -0.10028100 -0.00645700
v 0.00112600 -0.10028100 -0.00645700
v 0.00112600 -0.10028100 -0.00645700
v 0.00112600 -0.10028100 -0.00645700
v 0.00112600 -0.10028100 -0.00645700
v 0.00112600 -0.10028100 -0.00645700
v 0.00112600 -0.10028100 -0.00645700
v 0.00053100 -0.09461200 -0.01579800
v 0.00053100 -0.09461200 -0.01579800
v 0.00053100 -0.09461200 -0.01579800
v 0.00053100 -0.09461200 -0.01579800
v 0.00053100 -0.09461200 -0.01579800
v 0.00016600 -0.09178400 -0.02150900
v 0.00016600 -0.09178400 -0.02150900
v 0.00016600 -0.09178400 -0.02150900
v 0.00016600 -0.09178400 -0.02150900
v 0.00016600 -0.09178400 -0.02150900
v -0.00005900 -0.09994200 -0.00624100
v -0.00005900 -0.09994200 -0.00624100
v -0.00005900 -0.09994200 -0.00624100
v -0.00005900 -0.09994200 -0.00624100
v -0.00005900 -0.09994200 -0.00624100
v -0.00005900 -0.09994200 -0.00624100
v -0.00005900 -0.09994200 -0.00624100
v 0.00113400 -0.09121200 -0.02132900
v 0.00113400 -0.09121200 -0.02132900
v 0.00113400 -0.09121200 -0.02132900
v 0.00113400 -0.09121200 -0.02132900
v 0.00113400 -0.09121200 -0.02132900
v 0.00113400 -0.09121200 -0.02132900
v 0.00113400 -0.09121200 -0.02132900
v 0.00013400 -0.09280600 -0.01684100
v 0.00013400 -0.09280600 -0.01684100
v 0.00013400 -0.09280600 -0.01684100
v 0.00013400 -0.09280600 -0.01684100
v 0.00013400 -0.09280600 -0.01684100
v 0.00013400 -0.09280600 -0.01684100
v 0.00013400 -0.09280600 -0.01684100
v 0.00013400 -0.09280600 -0.01684100
v 0.00089400 -0.09345000 -0.01668100
v 0.00089400 -0.09345000 -0.01668100
v 0.00089400 -0.09345000 -0.01668100
v 0.00089400 -0.09345000 -0.01668100
v 0.00089400 -0.09345000 -0.01668100
v 0.00174600 -0.10065000 -0.00839000
v 0.00174600 -0.10065000 -0.00839000
v 0.00174600 -0.10065000 -0.00839000
v 0.00174600 -0.10065000 -0.00839000
v 0.00174600 -0.10065000 -0.00839000
v 0.00026500 -0.09982200 -0.00743100
v 0.00026500 -0.09982200 -0.00743100
v 0.00026500 -0.09982200 -0.00743100
v 0.00026500 -0.09982200 -0.00743100
v 0.00166700 -0.09121200 -0.02074600
v 0.00166700 -0.09121200 -0.02074600
v 0.00166700 -0.09121200 -0.02074600
v 0.00166700 -0.09121200 -0.02074600
v 0.00166700 -0.09121200 -0.02074600
v 0.00166700 -0.09121200 -0.02074600
v 0.00008200 -0.10266900 -0.01184000
v 0.00008200 -0.10266900 -0.01184000
v 0.00008200 -0.10266900 -0.01184000
v 0.00008200 -0.10266900 -0.01184000
v 0.00008200 -0.10266900 -0.01184000
v 0.00008200 -0.10266900 -0.01184000
v 0.00131800 -0.09999500 -0.00880300
v 0.00131800 -0.09999500 -0.00880300
v 0.00131800 -0.09999500 -0.00880300
v 0.00131800 -0.09999500 -0.00880300
v 0.00131800 -0.09999500 -0.00880300
v 0.00048100 -0.08977800 -0.02192200
v 0.00048100 -0.08977800 -0.02192200
v 0.00048100 -0.08977800 -0.02192200
v 0.00048100 -0.08977800 -0.02192200
v 0.00048100 -0.08977800 -0.02192200
v 0.00048100 -0.08977800 -0.02192200
v 0.00194300 -0.09110500 -0.02016100
v 0.00194300 -0.09110500 -0.02016100
v 0.00194300 -0.09110500 -0.02016100
v 0.00194300 -0.09110500 -0.02016100
v 0.00194300 -0.09110500 -0.02016100
v 0.00055700 -0.10173800 -0.01359800
v 0.00055700 -0.10173800 -0.01359800
v 0.00055700 -0.10173800 -0.01359800
v 0.00055700 -0.10173800 -0.01359800
v 0.00055700 -0.10173800 -0.01359800
v 0.00055700 -0.10173800 -0.01359800
v 0.00055700 -0.10173800 -0.01359800
v 0.00097200 -0.09193400 -0.01745400
v 0.00097200 -0.09193400 -0.01745400
v 0.00097200 -0.09193400 -0.01745400
v 0.00097200 -0.09193400 -0.01745400
v 0.00097200 -0.09193400 -0.01745400
v 0.00097200 -0.09193400 -0.01745400
v 0.00097200 -0.09193400 -0.01745400
v 0.00154100 -0.10123200 -0.01319600
v 0.00154100 -0.10123200 -0.01319600
v 0.00154100 -0.10123200 -0.01319600
v 0.00154100 -0.10123200 -0.01319600
v 0.00154100 -0.10123200 -0.01319600
v 0.00154100 -0.10123200 -0.01319600
v 0.00154100 -0.10123200 -0.01319600
v 0.00057000 -0.09946300 -0.00915500
v 0.00057000 -0.09946300 -0.00915500
v 0.00057000 -0.09946300 -0.00915500
v 0.00057000 -0.09946300 -0.00915500
v 0.00057000 -0.09946300 -0.00915500
v 0.00057000 -0.09946300 -0.00915500
v 0.00194300 -0.08988400 -0.01941100
v 0.00194300 -0.08988400 -0.01941100
v 0.00194300 -0.08988400 -0.01941100
v 0.00194300 -0.08988400 -0.01941100
v 0.00194300 -0.08988400 -0.01941100
v 0.00159000 -0.09088400 -0.01841200
v 0.00159000 -0.09088400 -0.01841200
v 0.00159000 -0.09088400 -0.01841200
v 0.00159000 -0.09088400 -0.01841200
v 0.00159000 -0.09088400 -0.01841200
v 0.00195900 -0.10060700 -0.01258100
v 0.00195900 -0.10060700 -0.01258100
v 0.00195900 -0.10060700 -0.01258100
v 0.00195900 -0.10060700 -0.01258100
v 0.00195900 -0.10060700 -0.01258100
v -0.00029000 -0.09958200 -0.00854400
v -0.00029000 -0.09958200 -0.00854400
v -0.00029000 -0.09958200 -0.00854400
v -0.00029000 -0.09958200 -0.00854400
v -0.00029000 -0.09958200 -0.00854400
v -0.00029000 -0.09958200 -0.00854400
v -0.00029000 -0.09958200 -0.00854400
v 0.00004200 -0.08786300 -0.02217200
v 0.00004200 -0.08786300 -0.02217200
v 0.00004200 -0.08786300 -0.02217200
v 0.00004200 -0.08786300 -0.02217200
v 0.00019600 -0.10007700 -0.01606000
v 0.00019600 -0.10007700 -0.01606000
v 0.00019600 -0.10007700 -0.01606000
v 0.00019600 -0.10007700 -0.01606000
v 0.00019600 -0.10007700 -0.01606000
v 0.00019600 -0.10007700 -0.01606000
v 0.00100700 -0.10056000 -0.01501500
v 0.00100700 -0.10056000 -0.01501500
v 0.00100700 -0.10056000 -0.01501500
v 0.00100700 -0.10056000 -0.01501500
v 0.00100700 -0.10056000 -0.01501500
v 0.00176700 -0.09974700 -0.01096400
v 0.00176700 -0.09974700 -0.01096400
v 0.00176700 -0.09974700 -0.01096400
v 0.00176700 -0.09974700 -0.01096400
v 0.00176700 -0.09974700 -0.01096400
v 0.00176700 -0.09974700 -0.01096400
v 0.00176700 -0.09974700 -0.01096400
v 0.00176700 -0.09974700 -0.01096400
v 0.00079100 -0.08781700 -0.02201900
v 0.00079100 -0.08781700 -0.02201900
v 0.00079100 -0.08781700 -0.02201900
v 0.00079100 -0.08781700 -0.02201900
v 0.00079100 -0.08781700 -0.02201900
v 0.00107000 -0.08919100 -0.01833900
v 0.00107000 -0.08919100 -0.01833900
v 0.00107000 -0.08919100 -0.01833900
v 0.00107000 -0.08919100 -0.01833900
v 0.00107000 -0.08919100 -0.01833900
v 0.00107000 -0.08919100 -0.01833900
v 0.00107000 -0.08919100 -0.01833900
v 0.00095900 -0.09848600 -0.01179000
v 0.00095900 -0.09848600 -0.01179000
v 0.00095900 -0.09848600 -0.01179000
v 0.00095900 -0.09848600 -0.01179000
v 0.00095900 -0.09848600 -0.01179000
v 0.00095900 -0.09848600 -0.01179000
v -0.00041700 -0.08993700 -0.01787800
v -0.00041700 -0.08993700 -0.01787800
v -0.00041700 -0.08993700 -0.01787800
v -0.00041700 -0.08993700 -0.01787800
v -0.00041700 -0.08993700 -0.01787800
v -0.00041700 -0.08993700 -0.01787800
v -0.00041700 -0.08993700 -0.01787800
v 0.00043100 -0.09832500 -0.01167000
v 0.00043100 -0.09832500 -0.01167000
v 0.00043100 -0.09832500 -0.01167000
v 0.00043100 -0.09832500 -0.01167000
v 0.00043100 -0.09832500 -0.01167000
v 0.00043100 -0.09832500 -0.01167000
v 0.00043100 -0.09832500 -0.01167000
v 0.00053200 -0.09012700 -0.01786400
v 0.00053200 -0.09012700 -0.01786400
v 0.00053200 -0.09012700 -0.01786400
v 0.00053200 -0.09012700 -0.01786400
v 0.00053200 -0.09012700 -0.01786400
v 0.00168800 -0.08813500 -0.01903900
v 0.00168800 -0.08813500 -0.01903900
v 0.00168800 -0.08813500 -0.01903900
v 0.00168800 -0.08813500 -0.01903900
v 0.00168800 -0.08813500 -0.01903900
v 0.00179400 -0.09857300 -0.01328200
v 0.00179400 -0.09857300 -0.01328200
v 0.00179400 -0.09857300 -0.01328200
v 0.00179400 -0.09857300 -0.01328200
v 0.00150600 -0.09820900 -0.01305700
v 0.00150600 -0.09820900 -0.01305700
v 0.00150600 -0.09820900 -0.01305700
v 0.00150600 -0.09820900 -0.01305700
v 0.00004000 -0.09798200 -0.01823000
v 0.00004000 -0.09798200 -0.01823000
v 0.00004000 -0.09798200 -0.01823000
v 0.00004000 -0.09798200 -0.01823000
v 0.00004000 -0.09798200 -0.01823000
v 0.00004000 -0.09798200 -0.01823000
v 0.00004000 -0.09798200 -0.01823000
v 0.00060100 -0.08820700 -0.01821200
v 0.00060100 -0.08820700 -0.01821200
v 0.00060100 -0.08820700 -0.01821200
v 0.00060100 -0.08820700 -0.01821200
v 0.00060100 -0.08820700 -0.01821200
v -0.00112300 -0.09673700 0.01838300
v -0.00112300 -0.09673700 0.01838300
v -0.00112300 -0.09673700 0.01838300
v -0.00112300 -0.09673700 0.01838300
v -0.00112300 -0.09673700 0.01838300
v -0.00112300 -0.09673700 0.01838300
v -0.00006200 -0.09777900 0.01804800
v -0.00006200 -0.09777900 0.01804800
v -0.00006200 -0.09777900 0.01804800
v -0.00006200 -0.09777900 0.01804800
v -0.00006200 -0.09777900 0.01804800
v -0.00006200 -0.09777900 0.01804800
v -0.00006200 -0.09777900 0.01804800
v -0.00006200 -0.09777900 0.01804800
v -0.00168200 -0.09920300 0.01537300
v -0.00168200 -0.09920300 0.01537300
v -0.00168200 -0.09920300 0.01537300
v -0.00168200 -0.09920300 0.01537300
v -0.00168200 -0.09920300 0.01537300
v -0.00168200 -0.09920300 0.01537300
v -0.00168200 -0.09920300 0.01537300
v -0.00027900 -0.10394600 0.00631500
v -0.00027900 -0.10394600 0.00631500
v -0.00027900 -0.10394600 0.00631500
v -0.00027900 -0.10394600 0.00631500
v -0.00027900 -0.10394600 0.00631500
v -0.00027900 -0.10394600 0.00631500
v 0.00042200 -0.09767800 0.01232800
v 0.00042200 -0.09767800 0.01232800
v 0.00042200 -0.09767800 0.01232800
v 0.00042200 -0.09767800 0.01232800
v 0.00042200 -0.09767800 0.01232800
v 0.00042200 -0.09767800 0.01232800
v 0.00042200 -0.09767800 0.01232800
v 0.00042200 -0.09767800 0.01232800
v -0.00074400 -0.09774700 0.01240100
v -0.00074400 -0.09774700 0.01240100
v -0.00074400 -0.09774700 0.01240100
v -0.00074400 -0.09774700 0.01240100
v -0.00074400 -0.09774700 0.01240100
v -0.00074400 -0.09774700 0.01240100
v -0.00164700 -0.09698600 0.01757400
v -0.00164700 -0.09698600 0.01757400
v -0.00164700 -0.09698600 0.01757400
v -0.00164700 -0.09698600 0.01757400
v -0.00164700 -0.09698600 0.01757400
v -0.00164700 -0.09698600 0.01757400
v -0.00164700 -0.09698600 0.01757400
v -0.00098200 -0.09901000 0.01655300
v -0.00098200 -0.09901000 0.01655300
v -0.00098200 -0.09901000 0.01655300
v -0.00098200 -0.09901000 0.01655300
v -0.00098200 -0.09901000 0.01655300
v -0.00098200 -0.09901000 0.01655300
v -0.00169400 -0.10204000 0.01061000
v -0.00169400 -0.10204000 0.01061000
v -0.00169400 -0.10204000 0.01061000
v -0.00169400 -0.10204000 0.01061000
v -0.00169400 -0.10204000 0.01061000
v -0.00199600 -0.10103800 0.01094500
v -0.00199600 -0.10103800 0.01094500
v -0.00199600 -0.10103800 0.01094500
v -0.00199600 -0.10103800 0.01094500
v -0.00199600 -0.10103800 0.01094500
v -0.00199600 -0.10103800 0.01094500
v -0.00199600 -0.10103800 0.01094500
v -0.00199600 -0.10103800 0.01094500
v -0.00200000 -0.09829800 0.01503000
v -0.00200000 -0.09829800 0.01503000
v -0.00200000 -0.09829800 0.01503000
v -0.00200000 -0.09829800 0.01503000
v -0.00200000 -0.09829800 0.01503000
v -0.00200000 -0.09829800 0.01503000
v -0.00200000 -0.09829800 0.01503000
v -0.00194900 -0.09708000 0.01538500
v -0.00194900 -0.09708000 0.01538500
v -0.00194900 -0.09708000 0.01538500
v -0.00194900 -0.09708000 0.01538500
v -0.00194900 -0.09708000 0.01538500
v -0.00194900 -0.09708000 0.01538500
v -0.00194900 -0.09708000 0.01538500
v -0.00194900 -0.09708000 0.01538500
v -0.00116600 -0.09624700 0.01446500
v -0.00116600 -0.09624700 0.01446500
v -0.00116600 -0.09624700 0.01446500
v -0.00116600 -0.09624700 0.01446500
v -0.00116600 -0.09624700 0.01446500
v -0.00116600 -0.09624700 0.01446500
v -0.00116600 -0.09624700 0.01446500
v -0.00116600 -0.09624700 0.01446500
v -0.00197500 -0.10073200 0.00976700
v -0.00197500 -0.10073200 0.00976700
v -0.00197500 -0.10073200 0.00976700
v -0.00197500 -0.10073200 0.00976700
v -0.00197500 -0.10073200 0.00976700
v -0.00197500 -0.10073200 0.00976700
v -0.00197500 -0.10073200 0.00976700
v -0.00180200 -0.09721000 0.01460000
v -0.00180200 -0.09721000 0.01460000
v -0.00180200 -0.09721000 0.01460000
v -0.00180200 -0.09721000 0.01460000
v -0.00180200 -0.09721000 0.01460000
v -0.00091100 -0.10377200 0.00608000
v -0.00091100 -0.10377200 0.00608000
v -0.00091100 -0.10377200 0.00608000
v -0.00091100 -0.10377200 0.00608000
v -0.00091100 -0.10377200 0.00608000
v -0.00091100 -0.10377200 0.00608000
v -0.00014100 -0.09605100 0.01414400
v -0.00014100 -0.09605100 0.01414400
v -0.00014100 -0.09605100 0.01414400
v -0.00014100 -0.09605100 0.01414400
v -0.00014100 -0.09605100 0.01414400
v -0.00014100 -0.09605100 0.01414400
v -0.00169900 -0.10306800 0.00590600
v -0.00169900 -0.10306800 0.00590600
v -0.00169900 -0.10306800 0.00590600
v -0.00169900 -0.10306800 0.00590600
v -0.00169900 -0.10306800 0.00590600
v -0.00169900 -0.10306800 0.00590600
v -0.00132200 -0.10336000 0.00709700
v -0.00132200 -0.10336000 0.00709700
v -0.00132200 -0.10336000 0.00709700
v -0.00132200 -0.10336000 0.00709700
v -0.00010900 -0.10354600 0.00884600
v -0.00010900 -0.10354600 0.00884600
v -0.00010900 -0.10354600 0.00884600
v -0.00010900 -0.10354600 0.00884600
v -0.00010900 -0.10354600 0.00884600
v -0.00010900 -0.10354600 0.00884600
v -0.00199700 -0.10217600 0.00644100
v -0.00199700 -0.10217600 0.00644100
v -0.00199700 -0.10217600 0.00644100
v -0.00199700 -0.10217600 0.00644100
v -0.00199700 -0.10217600 0.00644100
v -0.00199700 -0.10217600 0.00644100
v -0.00199700 -0.10217600 0.00644100
v -0.00106300 -0.10308200 0.00949600
v -0.00106300 -0.10308200 0.00949600
v -0.00106300 -0.10308200 0.00949600
v -0.00106300 -0.10308200 0.00949600
v -0.00106300 -0.10308200 0.00949600
v -0.00106300 -0.10308200 0.00949600
v -0.00106300 -0.10308200 0.00949600
v -0.00106300 -0.10308200 0.00949600
v -0.00106300 -0.10308200 0.00949600
v -0.00195000 -0.10139600 0.00703200
v -0.00195000 -0.10139600 0.00703200
v -0.00195000 -0.10139600 0.00703200
v -0.00195000 -0.10139600 0.00703200
v -0.00165600 -0.10071900 0.00704400
v -0.00165600 -0.10071900 0.00704400
v -0.00165600 -0.10071900 0.00704400
v -0.00165600 -0.10071900 0.00704400
v -0.00165600 -0.10071900 0.00704400
v -0.00165600 -0.10071900 0.00704400
v -0.00165600 -0.10071900 0.00704400
v -0.00183200 -0.10250100 0.00817900
v -0.00183200 -0.10250100 0.00817900
v -0.00183200 -0.10250100 0.00817900
v -0.00183200 -0.10250100 0.00817900
v -0.00183200 -0.10250100 0.00817900
v -0.00183200 -0.10250100 0.00817900
v -0.00123100 -0.10035800 0.00599900
v -0.00123100 -0.10035800 0.00599900
v -0.00123100 -0.10035800 0.00599900
v -0.00123100 -0.10035800 0.00599900
v -0.00123100 -0.10035800 0.00599900
v -0.00123100 -0.10035800 0.00599900
v -0.00042100 -0.10289700 0.01080100
v -0.00042100 -0.10289700 0.01080100
v -0.00042100 -0.10289700 0.01080100
v -0.00042100 -0.10289700 0.01080100
v -0.00035300 -0.09998500 0.00589500
v -0.00035300 -0.09998500 0.00589500
v -0.00035300 -0.09998500 0.00589500
v -0.00035300 -0.09998500 0.00589500
v -0.00035300 -0.09998500 0.00589500
v 0.00021600 -0.10263300 0.01159100
v 0.00021600 -0.10263300 0.01159100
v 0.00021600 -0.10263300 0.01159100
v 0.00021600 -0.10263300 0.01159100
v 0.00021600 -0.10263300 0.01159100
v 0.00021600 -0.10263300 0.01159100
v 0.00021600 -0.10263300 0.01159100
v -0.00081100 -0.10197800 0.01255500
v -0.00081100 -0.10197800 0.01255500
v -0.00081100 -0.10197800 0.01255500
v -0.00081100 -0.10197800 0.01255500
v -0.00081100 -0.10197800 0.01255500
v -0.00081100 -0.10197800 0.01255500
v -0.00098000 -0.09970400 0.00866100
v -0.00098000 -0.09970400 0.00866100
v -0.00098000 -0.09970400 0.00866100
v -0.00098000 -0.09970400 0.00866100
v -0.00098000 -0.09970400 0.00866100
v -0.00098000 -0.09970400 0.00866100
v -0.00044900 -0.09966700 0.00798400
v -0.00044900 -0.09966700 0.00798400
v -0.00044900 -0.09966700 0.00798400
v -0.00044900 -0.09966700 0.00798400
v -0.00044900 -0.09966700 0.00798400
v -0.00044900 -0.09966700 0.00798400
v -0.00154000 -0.10123200 0.01284700
v -0.00154000 -0.10123200 0.01284700
v -0.00154000 -0.10123200 0.01284700
v -0.00154000 -0.10123200 0.01284700
v -0.00154000 -0.10123200 0.01284700
v -0.00154000 -0.10123200 0.01284700
v -0.00140900 -0.09967700 0.00972300
v -0.00140900 -0.09967700 0.00972300
v -0.00140900 -0.09967700 0.00972300
v -0.00140900 -0.09967700 0.00972300
v -0.00140900 -0.09967700 0.00972300
v -0.00140900 -0.09967700 0.00972300
v -0.00002100 -0.10126400 0.01416400
v -0.00002100 -0.10126400 0.01416400
v -0.00002100 -0.10126400 0.01416400
v -0.00002100 -0.10126400 0.01416400
v -0.00002100 -0.10126400 0.01416400
v -0.00002100 -0.10126400 0.01416400
v -0.00189800 -0.10039000 0.01300300
v -0.00189800 -0.10039000 0.01300300
v -0.00189800 -0.10039000 0.01300300
v -0.00189800 -0.10039000 0.01300300
v -0.00189800 -0.10039000 0.01300300
v 0.00028900 -0.09958200 0.00819500
v 0.00028900 -0.09958200 0.00819500
v 0.00028900 -0.09958200 0.00819500
v 0.00028900 -0.09958200 0.00819500
v 0.00028900 -0.09958200 0.00819500
v -0.00019800 -0.10007900 0.01570800
v -0.00019800 -0.10007900 0.01570800
v -0.00019800 -0.10007900 0.01570800
v -0.00019800 -0.10007900 0.01570800
v -0.00019800 -0.10007900 0.01570800
v -0.00100700 -0.10056000 0.01466600
v -0.00100700 -0.10056000 0.01466600
v -0.00100700 -0.10056000 0.01466600
v -0.00100700 -0.10056000 0.01466600
v -0.00100700 -0.10056000 0.01466600
v -0.00100700 -0.10056000 0.01466600
v -0.00195100 -0.09939300 0.01246300
v -0.00195100 -0.09939300 0.01246300
v -0.00195100 -0.09939300 0.01246300
v -0.00195100 -0.09939300 0.01246300
v -0.00195100 -0.09939300 0.01246300
v 0.00011800 -0.09886200 0.01011900
v 0.00011800 -0.09886200 0.01011900
v 0.00011800 -0.09886200 0.01011900
v 0.00011800 -0.09886200 0.01011900
v 0.00011800 -0.09886200 0.01011900
v 0.00011800 -0.09886200 0.01011900
v -0.00032100 -0.09810900 0.01163100
v -0.00032100 -0.09810900 0.01163100
v -0.00032100 -0.09810900 0.01163100
v -0.00032100 -0.09810900 0.01163100
v -0.00032100 -0.09810900 0.01163100
v -0.00157200 -0.09826500 0.01271100
v -0.00157200 -0.09826500 0.01271100
v -0.00157200 -0.09826500 0.01271100
v -0.00157200 -0.09826500 0.01271100
v -0.00157200 -0.09826500 0.01271100
v -0.00157200 -0.09826500 0.01271100
v 0.00204100 -0.08100000 -0.02017400
v 0.00204100 -0.08100000 -0.02017400
v 0.00204100 -0.08100000 -0.02017400
v 0.00204100 -0.08100000 -0.02017400
v -0.00196700 -0.08100000 -0.02071600
v -0.00196700 -0.08100000 -0.02071600
v -0.00196700 -0.08100000 -0.02071600
v -0.00196700 -0.08100000 -0.02071600
v -0.00196700 -0.08100000 -0.02071600
v -0.00196700 -0.08100000 -0.02071600
v -0.00126300 -0.08100000 -0.02175300
v -0.00126300 -0.08100000 -0.02175300
v -0.00126300 -0.08100000 -0.02175300
v -0.00126300 -0.08100000 -0.02175300
v 0.00028200 -0.08100000 -0.02224900
v 0.00028200 -0.08100000 -0.02224900
v 0.00028200 -0.08100000 -0.02224900
v 0.00028200 -0.08100000 -0.02224900
v 0.00028200 -0.08100000 -0.02224900
v 0.00028200 -0.08100000 -0.02224900
v 0.00163900 -0.08100000 -0.02135900
v 0.00163900 -0.08100000 -0.02135900
v 0.00163900 -0.08100000 -0.02135900
v 0.00163900 -0.08100000 -0.02135900
v 0.00144300 -0.10337600 0.00630700
v 0.00144300 -0.10337600 0.00630700
v 0.00144300 -0.10337600 0.00630700
v 0.00144300 -0.10337600 0.00630700
v 0.00144300 -0.10337600 0.00630700
v 0.00144300 -0.10337600 0.00630700
v 0.00194400 -0.10245300 0.00673700
v 0.00194400 -0.10245300 0.00673700
v 0.00194400 -0.10245300 0.00673700
v 0.00194400 -0.10245300 0.00673700
v 0.00194400 -0.10245300 0.00673700
v 0.00194400 -0.10245300 0.00673700
v -0.00201100 -0.10176000 -0.00716200
v -0.00201100 -0.10176000 -0.00716200
v -0.00201100 -0.10176000 -0.00716200
v -0.00201100 -0.10176000 -0.00716200
v -0.00201100 -0.10176000 -0.00716200
v -0.00201100 -0.10176000 -0.00716200
v -0.00201100 -0.10176000 -0.00716200
v -0.00201100 -0.10176000 -0.00716200
v -0.00186500 -0.10272800 -0.00634300
v -0.00186500 -0.10272800 -0.00634300
v -0.00186500 -0.10272800 -0.00634300
v -0.00186500 -0.10272800 -0.00634300
v -0.00186500 -0.10272800 -0.00634300
v -0.00186500 -0.10272800 -0.00634300
v -0.00132900 -0.10348100 -0.00663300
v -0.00132900 -0.10348100 -0.00663300
v -0.00132900 -0.10348100 -0.00663300
v -0.00132900 -0.10348100 -0.00663300
v -0.00132900 -0.10348100 -0.00663300
v -0.00132900 -0.10348100 -0.00663300
v -0.00046500 -0.10390500 -0.00685000
v -0.00046500 -0.10390500 -0.00685000
v -0.00046500 -0.10390500 -0.00685000
v -0.00046500 -0.10390500 -0.00685000
v -0.00046500 -0.10390500 -0.00685000
v -0.00046500 -0.10390500 -0.00685000
v -0.00046500 -0.10390500 -0.00685000
v 0.00052900 -0.10391000 0.00633500
v 0.00052900 -0.10391000 0.00633500
v 0.00052900 -0.10391000 0.00633500
v 0.00052900 -0.10391000 0.00633500
v 0.00052900 -0.10391000 0.00633500
v 0.00052900 -0.10391000 0.00633500
v 0.00163100 -0.09947000 0.01520300
v 0.00163100 -0.09947000 0.01520300
v 0.00163100 -0.09947000 0.01520300
v 0.00163100 -0.09947000 0.01520300
v 0.00163100 -0.09947000 0.01520300
v 0.00163100 -0.09947000 0.01520300
v 0.00163100 -0.09947000 0.01520300
v 0.00158100 -0.10180400 0.01160700
v 0.00158100 -0.10180400 0.01160700
v 0.00158100 -0.10180400 0.01160700
v 0.00158100 -0.10180400 0.01160700
v 0.00158100 -0.10180400 0.01160700
v 0.00158100 -0.10180400 0.01160700
v 0.00189600 -0.10173000 0.01018800
v 0.00189600 -0.10173000 0.01018800
v 0.00189600 -0.10173000 0.01018800
v 0.00189600 -0.10173000 0.01018800
v 0.00189600 -0.10173000 0.01018800
v 0.00189100 -0.09850700 0.01550100
v 0.00189100 -0.09850700 0.01550100
v 0.00189100 -0.09850700 0.01550100
v 0.00189100 -0.09850700 0.01550100
v 0.00189100 -0.09850700 0.01550100
v 0.00189100 -0.09850700 0.01550100
v 0.00107600 -0.09941000 0.01604100
v 0.00107600 -0.09941000 0.01604100
v 0.00107600 -0.09941000 0.01604100
v 0.00107600 -0.09941000 0.01604100
v 0.00107600 -0.09941000 0.01604100
v 0.00041700 -0.09963100 0.01618200
v 0.00041700 -0.09963100 0.01618200
v 0.00041700 -0.09963100 0.01618200
v 0.00041700 -0.09963100 0.01618200
v 0.00041700 -0.09963100 0.01618200
v 0.00195400 -0.09729900 0.01514800
v 0.00195400 -0.09729900 0.01514800
v 0.00195400 -0.09729900 0.01514800
v 0.00195400 -0.09729900 0.01514800
v 0.00195400 -0.09729900 0.01514800
v 0.00200800 -0.09741000 0.01590200
v 0.00200800 -0.09741000 0.01590200
v 0.00200800 -0.09741000 0.01590200
v 0.00200800 -0.09741000 0.01590200
v 0.00200800 -0.09741000 0.01590200
v 0.00200800 -0.09741000 0.01590200
v 0.00200800 -0.09741000 0.01590200
v 0.00200800 -0.09741000 0.01590200
v 0.00200800 -0.09741000 0.01590200
v 0.00200500 -0.10137100 0.00903100
v 0.00200500 -0.10137100 0.00903100
v 0.00200500 -0.10137100 0.00903100
v 0.00200500 -0.10137100 0.00903100
v 0.00200500 -0.10137100 0.00903100
v 0.00200500 -0.10137100 0.00903100
v 0.00200500 -0.10137100 0.00903100
v 0.00064700 -0.10005200 0.00599200
v 0.00064700 -0.10005200 0.00599200
v 0.00064700 -0.10005200 0.00599200
v 0.00064700 -0.10005200 0.00599200
v 0.00064700 -0.10005200 0.00599200
v 0.00064700 -0.10005200 0.00599200
v 0.00064700 -0.10005200 0.00599200
v 0.00130600 -0.10043900 0.00610400
v 0.00130600 -0.10043900 0.00610400
v 0.00130600 -0.10043900 0.00610400
v 0.00130600 -0.10043900 0.00610400
v 0.00130600 -0.10043900 0.00610400
v 0.00130600 -0.10043900 0.00610400
v 0.00165700 -0.10075900 0.00695700
v 0.00165700 -0.10075900 0.00695700
v 0.00165700 -0.10075900 0.00695700
v 0.00165700 -0.10075900 0.00695700
v 0.00165700 -0.10075900 0.00695700
v 0.00181000 -0.10026100 0.00969300
v 0.00181000 -0.10026100 0.00969300
v 0.00181000 -0.10026100 0.00969300
v 0.00181000 -0.10026100 0.00969300
v 0.00181000 -0.10026100 0.00969300
v 0.00181000 -0.10026100 0.00969300
v 0.00189600 -0.10123100 0.00703100
v 0.00189600 -0.10123100 0.00703100
v 0.00189600 -0.10123100 0.00703100
v 0.00189600 -0.10123100 0.00703100
v 0.00189600 -0.10123100 0.00703100
v 0.00182500 -0.09749500 0.01431900
v 0.00182500 -0.09749500 0.01431900
v 0.00182500 -0.09749500 0.01431900
v 0.00182500 -0.09749500 0.01431900
v 0.00182500 -0.09749500 0.01431900
v 0.00182500 -0.09749500 0.01431900
v 0.00086200 -0.09982800 0.00798100
v 0.00086200 -0.09982800 0.00798100
v 0.00086200 -0.09982800 0.00798100
v 0.00086200 -0.09982800 0.00798100
v 0.00086200 -0.09982800 0.00798100
v 0.00103000 -0.09718000 0.01812000
v 0.00103000 -0.09718000 0.01812000
v 0.00103000 -0.09718000 0.01812000
v 0.00103000 -0.09718000 0.01812000
v 0.00103000 -0.09718000 0.01812000
v 0.00103000 -0.09718000 0.01812000
v 0.00103000 -0.09718000 0.01812000
v 0.00133600 -0.09993000 0.00881200
v 0.00133600 -0.09993000 0.00881200
v 0.00133600 -0.09993000 0.00881200
v 0.00133600 -0.09993000 0.00881200
v 0.00133600 -0.09993000 0.00881200
v 0.00133600 -0.09993000 0.00881200
v 0.00133600 -0.09993000 0.00881200
v 0.00123000 -0.09687800 0.01394500
v 0.00123000 -0.09687800 0.01394500
v 0.00123000 -0.09687800 0.01394500
v 0.00123000 -0.09687800 0.01394500
v 0.00123000 -0.09687800 0.01394500
v 0.00123000 -0.09687800 0.01394500
v 0.00123000 -0.09687800 0.01394500
v 0.00163900 -0.10271300 0.00868000
v 0.00163900 -0.10271300 0.00868000
v 0.00163900 -0.10271300 0.00868000
v 0.00163900 -0.10271300 0.00868000
v 0.00163900 -0.10271300 0.00868000
v 0.00163900 -0.10271300 0.00868000
v 0.00095800 -0.09905200 0.01032100
v 0.00095800 -0.09905200 0.01032100
v 0.00095800 -0.09905200 0.01032100
v 0.00095800 -0.09905200 0.01032100
v 0.00095800 -0.09905200 0.01032100
v 0.00095800 -0.09905200 0.01032100
v 0.00092600 -0.10331700 0.00886200
v 0.00092600 -0.10331700 0.00886200
v 0.00092600 -0.10331700 0.00886200
v 0.00092600 -0.10331700 0.00886200
v 0.00092600 -0.10331700 0.00886200
v 0.00092600 -0.10331700 0.00886200
v 0.00122400 -0.09861400 0.01157000
v 0.00122400 -0.09861400 0.01157000
v 0.00122400 -0.09861400 0.01157000
v 0.00122400 -0.09861400 0.01157000
v 0.00122400 -0.09861400 0.01157000
v 0.00166500 -0.09887500 0.01209900
v 0.00166500 -0.09887500 0.01209900
v 0.00166500 -0.09887500 0.01209900
v 0.00166500 -0.09887500 0.01209900
v 0.00166500 -0.09887500 0.01209900
v 0.00166500 -0.09887500 0.01209900
v 0.00197900 -0.09948600 0.01246200
v 0.00197900 -0.09948600 0.01246200
v 0.00197900 -0.09948600 0.01246200
v 0.00197900 -0.09948600 0.01246200
v 0.00197900 -0.09948600 0.01246200
v 0.00197900 -0.09948600 0.01246200
v 0.00197900 -0.09948600 0.01246200
v 0.00194200 -0.10062400 0.01237800
v 0.00194200 -0.10062400 0.01237800
v 0.00194200 -0.10062400 0.01237800
v 0.00194200 -0.10062400 0.01237800
v 0.00194200 -0.10062400 0.01237800
v 0.00194200 -0.10062400 0.01237800
v 0.00194200 -0.10062400 0.01237800
v 0.00107300 -0.10241100 0.01133500
v 0.00107300 -0.10241100 0.01133500
v 0.00107300 -0.10241100 0.01133500
v 0.00107300 -0.10241100 0.01133500
v 0.00107300 -0.10241100 0.01133500
v 0.00075800 -0.09608700 0.01432800
v 0.00075800 -0.09608700 0.01432800
v 0.00075800 -0.09608700 0.01432800
v 0.00075800 -0.09608700 0.01432800
v 0.00075800 -0.09608700 0.01432800
v 0.00075800 -0.09608700 0.01432800
v 0.00075800 -0.09608700 0.01432800
v 0.00098100 -0.10121200 0.01374000
v 0.00098100 -0.10121200 0.01374000
v 0.00098100 -0.10121200 0.01374000
v 0.00098100 -0.10121200 0.01374000
v 0.00098100 -0.10121200 0.01374000
v 0.00098100 -0.10121200 0.01374000
v 0.00098100 -0.10121200 0.01374000
v -0.00179500 -0.10099800 -0.00732500
v -0.00179500 -0.10099800 -0.00732500
v -0.00179500 -0.10099800 -0.00732500
v -0.00179500 -0.10099800 -0.00732500
v -0.00179500 -0.10099800 -0.00732500
v -0.00179500 -0.10099800 -0.00732500
v -0.00129300 -0.10039600 -0.00647400
v -0.00129300 -0.10039600 -0.00647400
v -0.00129300 -0.10039600 -0.00647400
v -0.00129300 -0.10039600 -0.00647400
v -0.00129300 -0.10039600 -0.00647400
v -0.00129300 -0.10039600 -0.00647400
v -0.00146700 -0.08805100 -0.02153100
v -0.00146700 -0.08805100 -0.02153100
v -0.00146700 -0.08805100 -0.02153100
v -0.00146700 -0.08805100 -0.02153100
v -0.00146700 -0.08805100 -0.02153100
v -0.00133200 -0.09633500 -0.01491400
v -0.00133200 -0.09633500 -0.01491400
v -0.00133200 -0.09633500 -0.01491400
v -0.00133200 -0.09633500 -0.01491400
v -0.00133200 -0.09633500 -0.01491400
v -0.00133900 -0.09949800 -0.01598100
v -0.00133900 -0.09949800 -0.01598100
v -0.00133900 -0.09949800 -0.01598100
v -0.00133900 -0.09949800 -0.01598100
v -0.00133900 -0.09949800 -0.01598100
v -0.00133900 -0.09949800 -0.01598100
v -0.00043900 -0.09462600 -0.01575100
v -0.00043900 -0.09462600 -0.01575100
v -0.00043900 -0.09462600 -0.01575100
v -0.00043900 -0.09462600 -0.01575100
v -0.00043900 -0.09462600 -0.01575100
v -0.00043900 -0.09462600 -0.01575100
v -0.00151000 -0.10215100 -0.01136500
v -0.00151000 -0.10215100 -0.01136500
v -0.00151000 -0.10215100 -0.01136500
v -0.00151000 -0.10215100 -0.01136500
v -0.00151000 -0.10215100 -0.01136500
v -0.00151000 -0.10215100 -0.01136500
v -0.00151000 -0.10215100 -0.01136500
v -0.00175900 -0.09912100 -0.01559700
v -0.00175900 -0.09912100 -0.01559700
v -0.00175900 -0.09912100 -0.01559700
v -0.00175900 -0.09912100 -0.01559700
v -0.00175900 -0.09912100 -0.01559700
v -0.00140100 -0.09304100 -0.02050800
v -0.00140100 -0.09304100 -0.02050800
v -0.00140100 -0.09304100 -0.02050800
v -0.00140100 -0.09304100 -0.02050800
v -0.00140100 -0.09304100 -0.02050800
v -0.00140100 -0.09304100 -0.02050800
v -0.00140100 -0.09304100 -0.02050800
v -0.00176000 -0.09369100 -0.01969100
v -0.00176000 -0.09369100 -0.01969100
v -0.00176000 -0.09369100 -0.01969100
v -0.00176000 -0.09369100 -0.01969100
v -0.00176000 -0.09369100 -0.01969100
v -0.00090600 -0.09442000 -0.02026400
v -0.00090600 -0.09442000 -0.02026400
v -0.00090600 -0.09442000 -0.02026400
v -0.00090600 -0.09442000 -0.02026400
v -0.00090600 -0.09442000 -0.02026400
v -0.00133700 -0.09448600 -0.01641600
v -0.00133700 -0.09448600 -0.01641600
v -0.00133700 -0.09448600 -0.01641600
v -0.00133700 -0.09448600 -0.01641600
v -0.00133700 -0.09448600 -0.01641600
v -0.00133700 -0.09448600 -0.01641600
v -0.00187300 -0.10199000 -0.01002500
v -0.00187300 -0.10199000 -0.01002500
v -0.00187300 -0.10199000 -0.01002500
v -0.00187300 -0.10199000 -0.01002500
v -0.00187300 -0.10199000 -0.01002500
v -0.00187300 -0.10199000 -0.01002500
v -0.00053300 -0.09990500 -0.01616900
v -0.00053300 -0.09990500 -0.01616900
v -0.00053300 -0.09990500 -0.01616900
v -0.00053300 -0.09990500 -0.01616900
v -0.00053300 -0.09990500 -0.01616900
v -0.00194100 -0.09566500 -0.01682400
v -0.00194100 -0.09566500 -0.01682400
v -0.00194100 -0.09566500 -0.01682400
v -0.00194100 -0.09566500 -0.01682400
v -0.00194100 -0.09566500 -0.01682400
v -0.00194100 -0.09566500 -0.01682400
v -0.00176000 -0.08883500 -0.02108700
v -0.00176000 -0.08883500 -0.02108700
v -0.00176000 -0.08883500 -0.02108700
v -0.00176000 -0.08883500 -0.02108700
v -0.00176000 -0.08883500 -0.02108700
v -0.00176000 -0.08883500 -0.02108700
v -0.00199800 -0.10125300 -0.01061000
v -0.00199800 -0.10125300 -0.01061000
v -0.00199800 -0.10125300 -0.01061000
v -0.00199800 -0.10125300 -0.01061000
v -0.00199800 -0.10125300 -0.01061000
v -0.00199800 -0.10125300 -0.01061000
v -0.00199800 -0.10125300 -0.01061000
v -0.00197700 -0.09845100 -0.01540500
v -0.00197700 -0.09845100 -0.01540500
v -0.00197700 -0.09845100 -0.01540500
v -0.00197700 -0.09845100 -0.01540500
v -0.00197700 -0.09845100 -0.01540500
v -0.00197700 -0.09845100 -0.01540500
v -0.00200400 -0.09352400 -0.01894500
v -0.00200400 -0.09352400 -0.01894500
v -0.00200400 -0.09352400 -0.01894500
v -0.00200400 -0.09352400 -0.01894500
v -0.00200400 -0.09352400 -0.01894500
v -0.00200400 -0.09352400 -0.01894500
v -0.00200400 -0.09352400 -0.01894500
v -0.00200400 -0.09352400 -0.01894500
v -0.00200400 -0.09352400 -0.01894500
v -0.00200400 -0.09352400 -0.01894500
v -0.00184300 -0.09681700 -0.01763800
v -0.00184300 -0.09681700 -0.01763800
v -0.00184300 -0.09681700 -0.01763800
v -0.00184300 -0.09681700 -0.01763800
v -0.00184300 -0.09681700 -0.01763800
v -0.00184300 -0.09681700 -0.01763800
v -0.00184300 -0.09681700 -0.01763800
v -0.00199900 -0.08736000 -0.02040500
v -0.00199900 -0.08736000 -0.02040500
v -0.00199900 -0.08736000 -0.02040500
v -0.00199900 -0.08736000 -0.02040500
v -0.00199900 -0.08736000 -0.02040500
v -0.00199500 -0.09805700 -0.01487700
v -0.00199500 -0.09805700 -0.01487700
v -0.00199500 -0.09805700 -0.01487700
v -0.00199500 -0.09805700 -0.01487700
v -0.00199500 -0.09805700 -0.01487700
v -0.00089400 -0.09343900 -0.01668700
v -0.00089400 -0.09343900 -0.01668700
v -0.00089400 -0.09343900 -0.01668700
v -0.00089400 -0.09343900 -0.01668700
v -0.00089400 -0.09343900 -0.01668700
v -0.00191200 -0.10040600 -0.01037400
v -0.00191200 -0.10040600 -0.01037400
v -0.00191200 -0.10040600 -0.01037400
v -0.00191200 -0.10040600 -0.01037400
v -0.00191200 -0.10040600 -0.01037400
v -0.00116700 -0.09796200 -0.01772400
v -0.00116700 -0.09796200 -0.01772400
v -0.00116700 -0.09796200 -0.01772400
v -0.00116700 -0.09796200 -0.01772400
v -0.00116700 -0.09796200 -0.01772400
v -0.00116700 -0.09796200 -0.01772400
v -0.00190200 -0.09415100 -0.01764700
v -0.00190200 -0.09415100 -0.01764700
v -0.00190200 -0.09415100 -0.01764700
v -0.00190200 -0.09415100 -0.01764700
v -0.00190200 -0.09415100 -0.01764700
v -0.00190200 -0.09415100 -0.01764700
v -0.00098100 -0.10006500 -0.00744100
v -0.00098100 -0.10006500 -0.00744100
v -0.00098100 -0.10006500 -0.00744100
v -0.00098100 -0.10006500 -0.00744100
v -0.00098100 -0.10006500 -0.00744100
v -0.00194900 -0.08760700 -0.01969600
v -0.00194900 -0.08760700 -0.01969600
v -0.00194900 -0.08760700 -0.01969600
v -0.00194900 -0.08760700 -0.01969600
v -0.00194900 -0.08760700 -0.01969600
v -0.00194900 -0.08760700 -0.01969600
v -0.00083600 -0.09186700 -0.01740700
v -0.00083600 -0.09186700 -0.01740700
v -0.00083600 -0.09186700 -0.01740700
v -0.00083600 -0.09186700 -0.01740700
v -0.00083600 -0.09186700 -0.01740700
v -0.00160500 -0.09218500 -0.01796000
v -0.00160500 -0.09218500 -0.01796000
v -0.00160500 -0.09218500 -0.01796000
v -0.00160500 -0.09218500 -0.01796000
v -0.00160500 -0.09218500 -0.01796000
v -0.00160500 -0.09218500 -0.01796000
v -0.00145200 -0.09991800 -0.00966100
v -0.00145200 -0.09991800 -0.00966100
v -0.00145200 -0.09991800 -0.00966100
v -0.00145200 -0.09991800 -0.00966100
v -0.00145200 -0.09991800 -0.00966100
v -0.00145200 -0.09991800 -0.00966100
v -0.00145200 -0.09991800 -0.00966100
v -0.00145200 -0.09991800 -0.00966100
v -0.00151900 -0.09580100 -0.01894500
v -0.00151900 -0.09580100 -0.01894500
v -0.00151900 -0.09580100 -0.01894500
v -0.00151900 -0.09580100 -0.01894500
v -0.00151900 -0.09580100 -0.01894500
v -0.00151900 -0.09580100 -0.01894500
v -0.00066400 -0.09649200 -0.01918600
v -0.00066400 -0.09649200 -0.01918600
v -0.00066400 -0.09649200 -0.01918600
v -0.00066400 -0.09649200 -0.01918600
v -0.00066400 -0.09649200 -0.01918600
v -0.00066400 -0.09649200 -0.01918600
v -0.00099900 -0.09957000 -0.00941600
v -0.00099900 -0.09957000 -0.00941600
v -0.00099900 -0.09957000 -0.00941600
v -0.00099900 -0.09957000 -0.00941600
v -0.00163300 -0.10281300 -0.00862300
v -0.00163300 -0.10281300 -0.00862300
v -0.00163300 -0.10281300 -0.00862300
v -0.00163300 -0.10281300 -0.00862300
v -0.00163300 -0.10281300 -0.00862300
v -0.00064000 -0.09889200 -0.01065100
v -0.00064000 -0.09889200 -0.01065100
v -0.00064000 -0.09889200 -0.01065100
v -0.00064000 -0.09889200 -0.01065100
v -0.00064000 -0.09889200 -0.01065100
v -0.00064000 -0.09889200 -0.01065100
v -0.00185500 -0.09012800 -0.01909600
v -0.00185500 -0.09012800 -0.01909600
v -0.00185500 -0.09012800 -0.01909600
v -0.00185500 -0.09012800 -0.01909600
v -0.00185500 -0.09012800 -0.01909600
v -0.00185500 -0.09012800 -0.01909600
v -0.00133200 -0.09022600 -0.01827200
v -0.00133200 -0.09022600 -0.01827200
v -0.00133200 -0.09022600 -0.01827200
v -0.00133200 -0.09022600 -0.01827200
v -0.00133200 -0.09022600 -0.01827200
v -0.00113000 -0.10298800 -0.00996500
v -0.00113000 -0.10298800 -0.00996500
v -0.00113000 -0.10298800 -0.00996500
v -0.00113000 -0.10298800 -0.00996500
v -0.00113000 -0.10298800 -0.00996500
v -0.00113000 -0.10298800 -0.00996500
v -0.00038500 -0.09388300 -0.02070400
v -0.00038500 -0.09388300 -0.02070400
v -0.00038500 -0.09388300 -0.02070400
v -0.00038500 -0.09388300 -0.02070400
v -0.00038500 -0.09388300 -0.02070400
v -0.00038500 -0.09388300 -0.02070400
v -0.00057800 -0.10321700 -0.01010700
v -0.00057800 -0.10321700 -0.01010700
v -0.00057800 -0.10321700 -0.01010700
v -0.00057800 -0.10321700 -0.01010700
v -0.00057800 -0.10321700 -0.01010700
v -0.00053000 -0.09801500 -0.01220900
v -0.00053000 -0.09801500 -0.01220900
v -0.00053000 -0.09801500 -0.01220900
v -0.00053000 -0.09801500 -0.01220900
v -0.00053000 -0.09801500 -0.01220900
v -0.00187800 -0.09069000 -0.02048700
v -0.00187800 -0.09069000 -0.02048700
v -0.00187800 -0.09069000 -0.02048700
v -0.00187800 -0.09069000 -0.02048700
v -0.00187800 -0.09069000 -0.02048700
v -0.00133700 -0.09812200 -0.01283600
v -0.00133700 -0.09812200 -0.01283600
v -0.00133700 -0.09812200 -0.01283600
v -0.00133700 -0.09812200 -0.01283600
v -0.00133700 -0.09812200 -0.01283600
v -0.00133700 -0.09812200 -0.01283600
v -0.00133700 -0.09812200 -0.01283600
v -0.00139100 -0.08826100 -0.01865800
v -0.00139100 -0.08826100 -0.01865800
v -0.00139100 -0.08826100 -0.01865800
v -0.00139100 -0.08826100 -0.01865800
v -0.00139100 -0.08826100 -0.01865800
v -0.00139100 -0.08826100 -0.01865800
v -0.00189900 -0.10034800 -0.01341500
v -0.00189900 -0.10034800 -0.01341500
v -0.00189900 -0.10034800 -0.01341500
v -0.00189900 -0.10034800 -0.01341500
v -0.00189900 -0.10034800 -0.01341500
v -0.00189900 -0.10034800 -0.01341500
v -0.00191100 -0.09898800 -0.01311000
v -0.00191100 -0.09898800 -0.01311000
v -0.00191100 -0.09898800 -0.01311000
v -0.00191100 -0.09898800 -0.01311000
v -0.00191100 -0.09898800 -0.01311000
v -0.00191100 -0.09898800 -0.01311000
v -0.00071000 -0.09125000 -0.02153600
v -0.00071000 -0.09125000 -0.02153600
v -0.00071000 -0.09125000 -0.02153600
v -0.00071000 -0.09125000 -0.02153600
v -0.00071000 -0.09125000 -0.02153600
v -0.00071000 -0.09125000 -0.02153600
v -0.00071000 -0.09125000 -0.02153600
v -0.00085800 -0.09667100 -0.01417200
v -0.00085800 -0.09667100 -0.01417200
v -0.00085800 -0.09667100 -0.01417200
v -0.00085800 -0.09667100 -0.01417200
v -0.00085800 -0.09667100 -0.01417200
v -0.00085800 -0.09667100 -0.01417200
v -0.00085800 -0.09667100 -0.01417200
v -0.00065000 -0.10226100 -0.01247700
v -0.00065000 -0.10226100 -0.01247700
v -0.00065000 -0.10226100 -0.01247700
v -0.00065000 -0.10226100 -0.01247700
v -0.00065000 -0.10226100 -0.01247700
v -0.00126200 -0.08978400 -0.02151800
v -0.00126200 -0.08978400 -0.02151800
v -0.00126200 -0.08978400 -0.02151800
v -0.00126200 -0.08978400 -0.02151800
v -0.00126200 -0.08978400 -0.02151800
v -0.00152000 -0.10076100 -0.01399200
v -0.00152000 -0.10076100 -0.01399200
v -0.00152000 -0.10076100 -0.01399200
v -0.00152000 -0.10076100 -0.01399200
v -0.00152000 -0.10076100 -0.01399200
v -0.00065400 -0.10128900 -0.01424100
v -0.00065400 -0.10128900 -0.01424100
v -0.00065400 -0.10128900 -0.01424100
v -0.00065400 -0.10128900 -0.01424100
v -0.00065400 -0.10128900 -0.01424100
v -0.00065400 -0.10128900 -0.01424100
v -0.00065400 -0.10128900 -0.01424100
v -0.00065400 -0.10128900 -0.01424100
v -0.00067900 -0.08849000 -0.02203600
v -0.00067900 -0.08849000 -0.02203600
v -0.00067900 -0.08849000 -0.02203600
v -0.00067900 -0.08849000 -0.02203600
v -0.00067900 -0.08849000 -0.02203600
v -0.00067900 -0.08849000 -0.02203600
v -0.00067900 -0.08849000 -0.02203600
v 0.00163900 -0.08100000 -0.01899000
v 0.00163900 -0.08100000 -0.01899000
v 0.00163900 -0.08100000 -0.01899000
v 0.00163900 -0.08100000 -0.01899000
v 0.00163900 -0.08100000 -0.01899000
v 0.00028200 -0.08100000 -0.01809900
v 0.00028200 -0.08100000 -0.01809900
v 0.00028200 -0.08100000 -0.01809900
v 0.00028200 -0.08100000 -0.01809900
v 0.00028200 -0.08100000 -0.01809900
v -0.00169500 -0.08100000 -0.01894600
v -0.00169500 -0.08100000 -0.01894600
v -0.00169500 -0.08100000 -0.01894600
v -0.00169500 -0.08100000 -0.01894600
v -0.00169500 -0.08100000 -0.01894600
v 0.00128800 -0.09672700 0.01820100
v 0.00128800 -0.09672700 0.01820100
v 0.00128800 -0.09672700 0.01820100
v 0.00128800 -0.09672700 0.01820100
v 0.00128800 -0.09672700 0.01820100
v -0.00168100 -0.09617200 0.01522500
v -0.00168100 -0.09617200 0.01522500
v -0.00168100 -0.09617200 0.01522500
v -0.00168100 -0.09617200 0.01522500
v -0.00111600 -0.09603300 0.01460500
v -0.00111600 -0.09603300 0.01460500
v -0.00111600 -0.09603300 0.01460500
v 0.00073200 -0.09595900 0.01442100
v 0.00073200 -0.09595900 0.01442100
v 0.00073200 -0.09595900 0.01442100
v 0.00073200 -0.09595900 0.01442100
v -0.00017500 -0.09594000 0.01424300
v -0.00017500 -0.09594000 0.01424300
v -0.00017500 -0.09594000 0.01424300
v -0.00017500 -0.09594000 0.01424300
v -0.00017500 -0.09594000 0.01424300
v -0.00017500 -0.09594000 0.01424300
v -0.00017500 -0.09594000 0.01424300
v 0.00176900 -0.09614900 0.01544400
v 0.00176900 -0.09614900 0.01544400
v 0.00176900 -0.09614900 0.01544400
v -0.00165700 -0.09668700 0.01772400
v -0.00165700 -0.09668700 0.01772400
v -0.00165700 -0.09668700 0.01772400
v -0.00165700 -0.09668700 0.01772400
v -0.00165700 -0.09668700 0.01772400
v -0.00165700 -0.09668700 0.01772400
v -0.00194900 -0.09655100 0.01703500
v -0.00194900 -0.09655100 0.01703500
v -0.00194900 -0.09655100 0.01703500
v -0.00194900 -0.09655100 0.01703500
v -0.00194900 -0.09655100 0.01703500
v -0.00194900 -0.09655100 0.01703500
v 0.00024600 -0.09684000 0.01865200
v 0.00024600 -0.09684000 0.01865200
v 0.00024600 -0.09684000 0.01865200
v 0.00024600 -0.09684000 0.01865200
v 0.00024600 -0.09684000 0.01865200
v 0.00024600 -0.09684000 0.01865200
v 0.00182800 -0.09619700 0.01568000
v 0.00182800 -0.09619700 0.01568000
v 0.00182800 -0.09619700 0.01568000
v 0.00182800 -0.09619700 0.01568000
v 0.00182800 -0.09619700 0.01568000
v 0.00181500 -0.09655800 0.01743200
v 0.00181500 -0.09655800 0.01743200
v 0.00181500 -0.09655800 0.01743200
v -0.00016100 -0.09685700 0.01869500
v -0.00016100 -0.09685700 0.01869500
v -0.00016100 -0.09685700 0.01869500
v 0.00200700 -0.09638400 0.01660300
v 0.00200700 -0.09638400 0.01660300
v 0.00200700 -0.09638400 0.01660300
v 0.00150600 -0.09608200 0.01509300
v 0.00150600 -0.09608200 0.01509300
v 0.00150600 -0.09608200 0.01509300
v 0.00150600 -0.09608200 0.01509300
v 0.00150600 -0.09608200 0.01509300
v 0.00150600 -0.09608200 0.01509300
v -0.00163400 -0.09669600 0.01777100
v -0.00163400 -0.09669600 0.01777100
v -0.00163400 -0.09669600 0.01777100
v -0.00163400 -0.09669600 0.01777100
v -0.00163400 -0.09669600 0.01777100
v -0.00192100 -0.09656900 0.01712600
v -0.00192100 -0.09656900 0.01712600
v -0.00192100 -0.09656900 0.01712600
v -0.00192100 -0.09656900 0.01712600
v -0.00192100 -0.09656900 0.01712600
v -0.00192100 -0.09656900 0.01712600
v 0.00152600 -0.09666400 0.01791700
v 0.00152600 -0.09666400 0.01791700
v 0.00152600 -0.09666400 0.01791700
v 0.00152600 -0.09666400 0.01791700
v 0.00152600 -0.09666400 0.01791700
v 0.00152600 -0.09666400 0.01791700
v 0.00152600 -0.09666400 0.01791700
v 0.00086300 -0.09679100 0.01847300
v 0.00086300 -0.09679100 0.01847300
v 0.00086300 -0.09679100 0.01847300
v 0.00086300 -0.09679100 0.01847300
v 0.00086300 -0.09679100 0.01847300
v 0.00086300 -0.09679100 0.01847300
v -0.00181100 -0.09662500 0.01741100
v -0.00181100 -0.09662500 0.01741100
v -0.00181100 -0.09662500 0.01741100
v -0.00181100 -0.09662500 0.01741100
v -0.00010200 -0.09593800 0.01424100
v -0.00010200 -0.09593800 0.01424100
v -0.00010200 -0.09593800 0.01424100
v -0.00010200 -0.09593800 0.01424100
v -0.00119400 -0.09604600 0.01465700
v -0.00119400 -0.09604600 0.01465700
v -0.00119400 -0.09604600 0.01465700
v -0.00119400 -0.09604600 0.01465700
v -0.00119400 -0.09604600 0.01465700
v -0.00119400 -0.09604600 0.01465700
v 0.00081200 -0.09596700 0.01446800
v 0.00081200 -0.09596700 0.01446800
v 0.00081200 -0.09596700 0.01446800
v 0.00081200 -0.09596700 0.01446800
v 0.00081200 -0.09596700 0.01446800
v 0.00081200 -0.09596700 0.01446800
v 0.00196600 -0.09642300 0.01678900
v 0.00196600 -0.09642300 0.01678900
v 0.00196600 -0.09642300 0.01678900
v 0.00196600 -0.09642300 0.01678900
v 0.00196600 -0.09642300 0.01678900
v 0.00196600 -0.09642300 0.01678900
v 0.00196600 -0.09642300 0.01678900
v 0.00186900 -0.09651600 0.01723500
v 0.00186900 -0.09651600 0.01723500
v 0.00186900 -0.09651600 0.01723500
v 0.00186900 -0.09651600 0.01723500
v 0.00186900 -0.09651600 0.01723500
v 0.00186900 -0.09651600 0.01723500
v 0.00103700 -0.09676700 0.01837000
v 0.00103700 -0.09676700 0.01837000
v 0.00103700 -0.09676700 0.01837000
v 0.00148800 -0.09667800 0.01798400
v 0.00148800 -0.09667800 0.01798400
v 0.00148800 -0.09667800 0.01798400
v 0.00148800 -0.09667800 0.01798400
v -0.00180800 -0.09626800 0.01567600
v -0.00180800 -0.09626800 0.01567600
v -0.00180800 -0.09626800 0.01567600
v -0.00180800 -0.09626800 0.01567600
v -0.00180800 -0.09626800 0.01567600
v -0.00180800 -0.09626800 0.01567600
v -0.00180800 -0.09626800 0.01567600
v 0.00126600 -0.09601200 0.01472900
v 0.00126600 -0.09601200 0.01472900
v 0.00126600 -0.09601200 0.01472900
v 0.00126600 -0.09601200 0.01472900
v -0.00195900 -0.09633000 0.01596300
v -0.00195900 -0.09633000 0.01596300
v -0.00195900 -0.09633000 0.01596300
v -0.00195900 -0.09633000 0.01596300
v -0.00195900 -0.09633000 0.01596300
v -0.00200100 -0.09639600 0.01628100
v -0.00200100 -0.09639600 0.01628100
v -0.00200100 -0.09639600 0.01628100
v -0.00200100 -0.09639600 0.01628100
v -0.00192000 -0.09629800 0.01581500
v -0.00192000 -0.09629800 0.01581500
v -0.00192000 -0.09629800 0.01581500
v 0.00198800 -0.09634300 0.01640500
v 0.00198800 -0.09634300 0.01640500
v 0.00198800 -0.09634300 0.01640500
v 0.00198800 -0.09634300 0.01640500
v 0.00194800 -0.09623200 0.01586300
v 0.00194800 -0.09623200 0.01586300
v 0.00194800 -0.09623200 0.01586300
v 0.00194800 -0.09623200 0.01586300
v 0.00194800 -0.09623200 0.01586300
v -0.00123000 -0.08825800 -0.01570700
v -0.00123000 -0.08825800 -0.01570700
v -0.00123000 -0.08825800 -0.01570700
v -0.00123000 -0.08825800 -0.01570700
v -0.00123000 -0.08825800 -0.01570700
v 0.00185600 -0.08876100 -0.02375400
v 0.00185600 -0.08876100 -0.02375400
v 0.00185600 -0.08876100 -0.02375400
v 0.00185600 -0.08876100 -0.02375400
v 0.00354500 -0.08878100 -0.01839300
v 0.00354500 -0.08878100 -0.01839300
v 0.00354500 -0.08878100 -0.01839300
v 0.00354500 -0.08878100 -0.01839300
v 0.00354500 -0.08878100 -0.01839300
v 0.00354500 -0.08878100 -0.01839300
v 0.00291300 -0.08877500 -0.02295600
v 0.00291300 -0.08877500 -0.02295600
v 0.00291300 -0.08877500 -0.02295600
v 0.00291300 -0.08877500 -0.02295600
v 0.00291300 -0.08877500 -0.02295600
v 0.00291300 -0.08877500 -0.02295600
v 0.00444600 -0.08827100 -0.02154700
v 0.00444600 -0.08827100 -0.02154700
v 0.00444600 -0.08827100 -0.02154700
v 0.00444600 -0.08827100 -0.02154700
v 0.00444600 -0.08827100 -0.02154700
v 0.00444600 -0.08827100 -0.02154700
v 0.00385200 -0.08877000 -0.02131800
v 0.00385200 -0.08877000 -0.02131800
v 0.00385200 -0.08877000 -0.02131800
v 0.00385200 -0.08877000 -0.02131800
v 0.00385200 -0.08877000 -0.02131800
v 0.00385200 -0.08877000 -0.02131800
v 0.00385200 -0.08877000 -0.02131800
v 0.00461700 -0.08829500 -0.01991800
v 0.00461700 -0.08829500 -0.01991800
v 0.00461700 -0.08829500 -0.01991800
v 0.00461700 -0.08829500 -0.01991800
v 0.00461700 -0.08829500 -0.01991800
v 0.00461700 -0.08829500 -0.01991800
v 0.00432800 -0.08858800 -0.02072300
v 0.00432800 -0.08858800 -0.02072300
v 0.00432800 -0.08858800 -0.02072300
v 0.00432800 -0.08858800 -0.02072300
v 0.00432800 -0.08858800 -0.02072300
v 0.00415600 -0.08870900 -0.01967500
v 0.00415600 -0.08870900 -0.01967500
v 0.00415600 -0.08870900 -0.01967500
v 0.00415600 -0.08870900 -0.01967500
v 0.00415600 -0.08870900 -0.01967500
v 0.00415600 -0.08870900 -0.01967500
v 0.00437000 -0.08833900 -0.01871900
v 0.00437000 -0.08833900 -0.01871900
v 0.00437000 -0.08833900 -0.01871900
v 0.00437000 -0.08833900 -0.01871900
v 0.00437000 -0.08833900 -0.01871900
v 0.00437000 -0.08833900 -0.01871900
v 0.00437000 -0.08833900 -0.01871900
v 0.00260000 -0.08853300 -0.02376800
v 0.00260000 -0.08853300 -0.02376800
v 0.00260000 -0.08853300 -0.02376800
v 0.00260000 -0.08853300 -0.02376800
v 0.00260000 -0.08853300 -0.02376800
v 0.00260000 -0.08853300 -0.02376800
v 0.00237100 -0.08877900 -0.01693300
v 0.00237100 -0.08877900 -0.01693300
v 0.00237100 -0.08877900 -0.01693300
v 0.00237100 -0.08877900 -0.01693300
v 0.00237100 -0.08877900 -0.01693300
v 0.00378700 -0.08858300 -0.02241600
v 0.00378700 -0.08858300 -0.02241600
v 0.00378700 -0.08858300 -0.02241600
v 0.00378700 -0.08858300 -0.02241600
v 0.00378700 -0.08858300 -0.02241600
v 0.00378700 -0.08858300 -0.02241600
v 0.00378700 -0.08858300 -0.02241600
v 0.00336600 -0.08863500 -0.01744700
v 0.00336600 -0.08863500 -0.01744700
v 0.00336600 -0.08863500 -0.01744700
v 0.00336600 -0.08863500 -0.01744700
v 0.00336600 -0.08863500 -0.01744700
v 0.00336600 -0.08863500 -0.01744700
v 0.00336600 -0.08863500 -0.01744700
v 0.00382500 -0.08820100 -0.01748600
v 0.00382500 -0.08820100 -0.01748600
v 0.00382500 -0.08820100 -0.01748600
v 0.00382500 -0.08820100 -0.01748600
v 0.00382500 -0.08820100 -0.01748600
v 0.00382500 -0.08820100 -0.01748600
v -0.00193900 -0.08874800 -0.01657600
v -0.00193900 -0.08874800 -0.01657600
v -0.00193900 -0.08874800 -0.01657600
v -0.00193900 -0.08874800 -0.01657600
v -0.00193900 -0.08874800 -0.01657600
v -0.00214300 -0.08845900 -0.01622400
v -0.00214300 -0.08845900 -0.01622400
v -0.00214300 -0.08845900 -0.01622400
v -0.00214300 -0.08845900 -0.01622400
v -0.00214300 -0.08845900 -0.01622400
v -0.00214300 -0.08845900 -0.01622400
v -0.00206800 -0.08807900 -0.01592900
v -0.00206800 -0.08807900 -0.01592900
v -0.00206800 -0.08807900 -0.01592900
v -0.00206800 -0.08807900 -0.01592900
v -0.00206800 -0.08807900 -0.01592900
v -0.00206800 -0.08807900 -0.01592900
v 0.00319000 -0.08830300 -0.01683700
v 0.00319000 -0.08830300 -0.01683700
v 0.00319000 -0.08830300 -0.01683700
v 0.00319000 -0.08830300 -0.01683700
v 0.00220200 -0.08839200 -0.01614500
v 0.00220200 -0.08839200 -0.01614500
v 0.00220200 -0.08839200 -0.01614500
v 0.00220200 -0.08839200 -0.01614500
v 0.00220200 -0.08839200 -0.01614500
v 0.00220200 -0.08839200 -0.01614500
v 0.00220200 -0.08839200 -0.01614500
v 0.00053500 -0.08877700 -0.01615800
v 0.00053500 -0.08877700 -0.01615800
v 0.00053500 -0.08877700 -0.01615800
v 0.00053500 -0.08877700 -0.01615800
v 0.00053500 -0.08877700 -0.01615800
v 0.00053500 -0.08877700 -0.01615800
v 0.00053500 -0.08877700 -0.01615800
v 0.00341900 -0.08803200 -0.02345400
v 0.00341900 -0.08803200 -0.02345400
v 0.00341900 -0.08803200 -0.02345400
v 0.00341900 -0.08803200 -0.02345400
v 0.00341900 -0.08803200 -0.02345400
v 0.00341900 -0.08803200 -0.02345400
v 0.00341900 -0.08803200 -0.02345400
v 0.00109600 -0.08834600 -0.01570900
v 0.00109600 -0.08834600 -0.01570900
v 0.00109600 -0.08834600 -0.01570900
v 0.00109600 -0.08834600 -0.01570900
v 0.00109600 -0.08834600 -0.01570900
v 0.00394600 -0.08809300 -0.02273100
v 0.00394600 -0.08809300 -0.02273100
v 0.00394600 -0.08809300 -0.02273100
v 0.00394600 -0.08809300 -0.02273100
v 0.00394600 -0.08809300 -0.02273100
v -0.00006400 -0.08830100 -0.01553000
v -0.00006400 -0.08830100 -0.01553000
v -0.00006400 -0.08830100 -0.01553000
v -0.00006400 -0.08830100 -0.01553000
v -0.00006400 -0.08830100 -0.01553000
v -0.00006400 -0.08830100 -0.01553000
v -0.00006400 -0.08830100 -0.01553000
v -0.00061700 -0.08860200 -0.01584900
v -0.00061700 -0.08860200 -0.01584900
v -0.00061700 -0.08860200 -0.01584900
v -0.00061700 -0.08860200 -0.01584900
v -0.00061700 -0.08860200 -0.01584900
v 0.00244700 -0.08498800 -0.01536700
v 0.00244700 -0.08498800 -0.01536700
v 0.00244700 -0.08498800 -0.01536700
v 0.00244700 -0.08498800 -0.01536700
v 0.00244700 -0.08498800 -0.01536700
v 0.00244700 -0.08498800 -0.01536700
v 0.00244700 -0.08498800 -0.01536700
v 0.00244700 -0.08498800 -0.01536700
v 0.00244700 -0.08498800 -0.01536700
v 0.00292100 -0.07690200 -0.01545500
v 0.00292100 -0.07690200 -0.01545500
v 0.00292100 -0.07690200 -0.01545500
v 0.00292100 -0.07690200 -0.01545500
v 0.00292100 -0.07690200 -0.01545500
v 0.00292100 -0.07690200 -0.01545500
v 0.00292100 -0.07690200 -0.01545500
v -0.00440600 -0.07583700 -0.01703700
v -0.00440600 -0.07583700 -0.01703700
v -0.00440600 -0.07583700 -0.01703700
v -0.00440600 -0.07583700 -0.01703700
v -0.00440600 -0.07583700 -0.01703700
v 0.00198700 -0.08682100 -0.01554500
v 0.00198700 -0.08682100 -0.01554500
v 0.00198700 -0.08682100 -0.01554500
v 0.00198700 -0.08682100 -0.01554500
v 0.00198700 -0.08682100 -0.01554500
v -0.00501900 -0.08245000 -0.01751800
v -0.00501900 -0.08245000 -0.01751800
v -0.00501900 -0.08245000 -0.01751800
v -0.00501900 -0.08245000 -0.01751800
v -0.00501900 -0.08245000 -0.01751800
v -0.00501900 -0.08245000 -0.01751800
v -0.00501900 -0.08245000 -0.01751800
v -0.00501900 -0.08245000 -0.01751800
v 0.00291200 -0.07583000 -0.01561500
v 0.00291200 -0.07583000 -0.01561500
v 0.00291200 -0.07583000 -0.01561500
v 0.00291200 -0.07583000 -0.01561500
v 0.00291200 -0.07583000 -0.01561500
v 0.00291200 -0.07583000 -0.01561500
v -0.00430900 -0.08829200 -0.01849600
v -0.00430900 -0.08829200 -0.01849600
v -0.00430900 -0.08829200 -0.01849600
v -0.00430900 -0.08829200 -0.01849600
v -0.00471900 -0.07690100 -0.01725400
v -0.00471900 -0.07690100 -0.01725400
v -0.00471900 -0.07690100 -0.01725400
v -0.00471900 -0.07690100 -0.01725400
v -0.00471900 -0.07690100 -0.01725400
v -0.00510600 -0.08013000 -0.01753300
v -0.00510600 -0.08013000 -0.01753300
v -0.00510600 -0.08013000 -0.01753300
v -0.00510600 -0.08013000 -0.01753300
v -0.00496200 -0.08635600 -0.01888000
v -0.00496200 -0.08635600 -0.01888000
v -0.00496200 -0.08635600 -0.01888000
v -0.00496200 -0.08635600 -0.01888000
v -0.00496200 -0.08635600 -0.01888000
v -0.00496200 -0.08635600 -0.01888000
v -0.00496200 -0.08635600 -0.01888000
v -0.00490700 -0.07743700 -0.01746100
v -0.00490700 -0.07743700 -0.01746100
v -0.00490700 -0.07743700 -0.01746100
v -0.00490700 -0.07743700 -0.01746100
v -0.00490700 -0.07743700 -0.01746100
v -0.00490700 -0.07743700 -0.01746100
v -0.00505800 -0.07821500 -0.01754500
v -0.00505800 -0.07821500 -0.01754500
v -0.00505800 -0.07821500 -0.01754500
v -0.00505800 -0.07821500 -0.01754500
v -0.00505800 -0.07821500 -0.01754500
v -0.00505800 -0.07821500 -0.01754500
v -0.00505800 -0.07821500 -0.01754500
v 0.00480600 -0.07581900 -0.01771600
v 0.00480600 -0.07581900 -0.01771600
v 0.00480600 -0.07581900 -0.01771600
v 0.00480600 -0.07581900 -0.01771600
v 0.00480600 -0.07581900 -0.01771600
v 0.00204800 -0.08295400 -0.01491700
v 0.00204800 -0.08295400 -0.01491700
v 0.00204800 -0.08295400 -0.01491700
v 0.00204800 -0.08295400 -0.01491700
v 0.00204800 -0.08295400 -0.01491700
v 0.00271300 -0.07744900 -0.01526700
v 0.00271300 -0.07744900 -0.01526700
v 0.00271300 -0.07744900 -0.01526700
v 0.00271300 -0.07744900 -0.01526700
v 0.00271300 -0.07744900 -0.01526700
v 0.00271300 -0.07744900 -0.01526700
v -0.00544300 -0.08318200 -0.01872100
v -0.00544300 -0.08318200 -0.01872100
v -0.00544300 -0.08318200 -0.01872100
v -0.00544300 -0.08318200 -0.01872100
v -0.00544300 -0.08318200 -0.01872100
v -0.00544300 -0.08318200 -0.01872100
v -0.00544300 -0.08318200 -0.01872100
v 0.00165600 -0.08053300 -0.01464200
v 0.00165600 -0.08053300 -0.01464200
v 0.00165600 -0.08053300 -0.01464200
v 0.00165600 -0.08053300 -0.01464200
v 0.00165600 -0.08053300 -0.01464200
v 0.00165600 -0.08053300 -0.01464200
v 0.00165600 -0.08053300 -0.01464200
v -0.00550800 -0.08013400 -0.01844700
v -0.00550800 -0.08013400 -0.01844700
v -0.00550800 -0.08013400 -0.01844700
v -0.00550800 -0.08013400 -0.01844700
v -0.00550800 -0.08013400 -0.01844700
v -0.00550800 -0.08013400 -0.01844700
v -0.00550800 -0.08013400 -0.01844700
v 0.00202500 -0.07798200 -0.01486400
v 0.00202500 -0.07798200 -0.01486400
v 0.00202500 -0.07798200 -0.01486400
v 0.00202500 -0.07798200 -0.01486400
v 0.00202500 -0.07798200 -0.01486400
v 0.00202500 -0.07798200 -0.01486400
v 0.00202500 -0.07798200 -0.01486400
v 0.00202500 -0.07798200 -0.01486400
v 0.00202500 -0.07798200 -0.01486400
v 0.00119300 -0.08300200 -0.01464800
v 0.00119300 -0.08300200 -0.01464800
v 0.00119300 -0.08300200 -0.01464800
v 0.00119300 -0.08300200 -0.01464800
v 0.00119300 -0.08300200 -0.01464800
v 0.00119300 -0.08300200 -0.01464800
v 0.00196600 -0.07580900 -0.01515900
v 0.00196600 -0.07580900 -0.01515900
v 0.00196600 -0.07580900 -0.01515900
v 0.00196600 -0.07580900 -0.01515900
v 0.00196600 -0.07580900 -0.01515900
v 0.00196600 -0.07580900 -0.01515900
v -0.00545900 -0.07750100 -0.01878900
v -0.00545900 -0.07750100 -0.01878900
v -0.00545900 -0.07750100 -0.01878900
v -0.00545900 -0.07750100 -0.01878900
v -0.00545900 -0.07750100 -0.01878900
v -0.00545900 -0.07750100 -0.01878900
v 0.00079300 -0.08594700 -0.01501500
v 0.00079300 -0.08594700 -0.01501500
v 0.00079300 -0.08594700 -0.01501500
v 0.00079300 -0.08594700 -0.01501500
v 0.00079300 -0.08594700 -0.01501500
v 0.00079300 -0.08594700 -0.01501500
v 0.00079300 -0.08594700 -0.01501500
v -0.00505300 -0.08673200 -0.02017200
v -0.00505300 -0.08673200 -0.02017200
v -0.00505300 -0.08673200 -0.02017200
v -0.00505300 -0.08673200 -0.02017200
v -0.00505300 -0.08673200 -0.02017200
v -0.00505300 -0.08673200 -0.02017200
v -0.00539900 -0.08466300 -0.01955400
v -0.00539900 -0.08466300 -0.01955400
v -0.00539900 -0.08466300 -0.01955400
v -0.00539900 -0.08466300 -0.01955400
v -0.00539900 -0.08466300 -0.01955400
v -0.00572000 -0.08135200 -0.01964600
v -0.00572000 -0.08135200 -0.01964600
v -0.00572000 -0.08135200 -0.01964600
v -0.00572000 -0.08135200 -0.01964600
v -0.00572000 -0.08135200 -0.01964600
v 0.00092300 -0.07790900 -0.01457900
v 0.00092300 -0.07790900 -0.01457900
v 0.00092300 -0.07790900 -0.01457900
v 0.00092300 -0.07790900 -0.01457900
v 0.00092300 -0.07790900 -0.01457900
v 0.00092300 -0.07790900 -0.01457900
v -0.00461600 -0.08829500 -0.02042700
v -0.00461600 -0.08829500 -0.02042700
v -0.00461600 -0.08829500 -0.02042700
v -0.00461600 -0.08829500 -0.02042700
v -0.00461600 -0.08829500 -0.02042700
v 0.00108000 -0.07582300 -0.01488000
v 0.00108000 -0.07582300 -0.01488000
v 0.00108000 -0.07582300 -0.01488000
v 0.00108000 -0.07582300 -0.01488000
v 0.00108000 -0.07582300 -0.01488000
v -0.00571100 -0.07904900 -0.01966400
v -0.00571100 -0.07904900 -0.01966400
v -0.00571100 -0.07904900 -0.01966400
v -0.00571100 -0.07904900 -0.01966400
v 0.00052600 -0.07972900 -0.01444000
v 0.00052600 -0.07972900 -0.01444000
v 0.00052600 -0.07972900 -0.01444000
v 0.00052600 -0.07972900 -0.01444000
v 0.00052600 -0.07972900 -0.01444000
v 0.00005000 -0.08531300 -0.01484700
v 0.00005000 -0.08531300 -0.01484700
v 0.00005000 -0.08531300 -0.01484700
v 0.00005000 -0.08531300 -0.01484700
v 0.00005000 -0.08531300 -0.01484700
v -0.00542500 -0.08466000 -0.02043700
v -0.00542500 -0.08466000 -0.02043700
v -0.00542500 -0.08466000 -0.02043700
v -0.00542500 -0.08466000 -0.02043700
v -0.00542500 -0.08466000 -0.02043700
v -0.00542500 -0.08466000 -0.02043700
v -0.00542500 -0.08466000 -0.02043700
v -0.00542500 -0.08466000 -0.02043700
v -0.00554000 -0.07680200 -0.02000200
v -0.00554000 -0.07680200 -0.02000200
v -0.00554000 -0.07680200 -0.02000200
v -0.00554000 -0.07680200 -0.02000200
v -0.00554000 -0.07680200 -0.02000200
v -0.00554000 -0.07680200 -0.02000200
v -0.00554000 -0.07680200 -0.02000200
v -0.00554000 -0.07680200 -0.02000200
v -0.00554000 -0.07680200 -0.02000200
v -0.00565400 -0.08264000 -0.02033600
v -0.00565400 -0.08264000 -0.02033600
v -0.00565400 -0.08264000 -0.02033600
v -0.00565400 -0.08264000 -0.02033600
v -0.00565400 -0.08264000 -0.02033600
v -0.00565400 -0.08264000 -0.02033600
v 0.00016700 -0.07683700 -0.01463200
v 0.00016700 -0.07683700 -0.01463200
v 0.00016700 -0.07683700 -0.01463200
v 0.00016700 -0.07683700 -0.01463200
v 0.00016700 -0.07683700 -0.01463200
v 0.00016700 -0.07683700 -0.01463200
v -0.00012600 -0.08321600 -0.01456500
v -0.00012600 -0.08321600 -0.01456500
v -0.00012600 -0.08321600 -0.01456500
v -0.00012600 -0.08321600 -0.01456500
v -0.00012600 -0.08321600 -0.01456500
v -0.00012600 -0.08321600 -0.01456500
v -0.00571500 -0.08127900 -0.02039400
v -0.00571500 -0.08127900 -0.02039400
v -0.00571500 -0.08127900 -0.02039400
v -0.00571500 -0.08127900 -0.02039400
v -0.00016000 -0.08263600 -0.01452000
v -0.00016000 -0.08263600 -0.01452000
v -0.00016000 -0.08263600 -0.01452000
v -0.00016000 -0.08263600 -0.01452000
v -0.00016000 -0.08263600 -0.01452000
v -0.00099000 -0.08588600 -0.01503200
v -0.00099000 -0.08588600 -0.01503200
v -0.00099000 -0.08588600 -0.01503200
v -0.00099000 -0.08588600 -0.01503200
v -0.00099000 -0.08588600 -0.01503200
v -0.00099000 -0.08588600 -0.01503200
v -0.00099000 -0.08588600 -0.01503200
v -0.00500600 -0.08627900 -0.02136300
v -0.00500600 -0.08627900 -0.02136300
v -0.00500600 -0.08627900 -0.02136300
v -0.00500600 -0.08627900 -0.02136300
v -0.00500600 -0.08627900 -0.02136300
v -0.00500600 -0.08627900 -0.02136300
v -0.00024100 -0.08127800 -0.01444800
v -0.00024100 -0.08127800 -0.01444800
v -0.00024100 -0.08127800 -0.01444800
v -0.00024100 -0.08127800 -0.01444800
v -0.00024100 -0.08127800 -0.01444800
v -0.00026000 -0.08040500 -0.01443200
v -0.00026000 -0.08040500 -0.01443200
v -0.00026000 -0.08040500 -0.01443200
v -0.00574000 -0.07936700 -0.02044300
v -0.00574000 -0.07936700 -0.02044300
v -0.00574000 -0.07936700 -0.02044300
v -0.00574000 -0.07936700 -0.02044300
v -0.00574000 -0.07936700 -0.02044300
v -0.00574000 -0.07936700 -0.02044300
v -0.00574000 -0.07936700 -0.02044300
v -0.00574000 -0.07936700 -0.02044300
v -0.00564100 -0.08181500 -0.02118700
v -0.00564100 -0.08181500 -0.02118700
v -0.00564100 -0.08181500 -0.02118700
v -0.00564100 -0.08181500 -0.02118700
v -0.00564100 -0.08181500 -0.02118700
v -0.00564100 -0.08181500 -0.02118700
v -0.00564100 -0.08181500 -0.02118700
v -0.00538400 -0.08357600 -0.02168700
v -0.00538400 -0.08357600 -0.02168700
v -0.00538400 -0.08357600 -0.02168700
v -0.00538400 -0.08357600 -0.02168700
v -0.00538400 -0.08357600 -0.02168700
v -0.00538400 -0.08357600 -0.02168700
v -0.00538400 -0.08357600 -0.02168700
v -0.00562700 -0.07768900 -0.02030700
v -0.00562700 -0.07768900 -0.02030700
v -0.00562700 -0.07768900 -0.02030700
v -0.00562700 -0.07768900 -0.02030700
v -0.00562700 -0.07768900 -0.02030700
v -0.00235400 -0.07582100 -0.01531100
v -0.00235400 -0.07582100 -0.01531100
v -0.00235400 -0.07582100 -0.01531100
v -0.00235400 -0.07582100 -0.01531100
v -0.00235400 -0.07582100 -0.01531100
v -0.00235400 -0.07582100 -0.01531100
v -0.00558100 -0.07739600 -0.02080700
v -0.00558100 -0.07739600 -0.02080700
v -0.00558100 -0.07739600 -0.02080700
v -0.00558100 -0.07739600 -0.02080700
v -0.00558100 -0.07739600 -0.02080700
v -0.00558100 -0.07739600 -0.02080700
v -0.00021100 -0.07895100 -0.01446900
v -0.00021100 -0.07895100 -0.01446900
v -0.00021100 -0.07895100 -0.01446900
v -0.00021100 -0.07895100 -0.01446900
v -0.00021100 -0.07895100 -0.01446900
v -0.00110300 -0.08272600 -0.01461500
v -0.00110300 -0.08272600 -0.01461500
v -0.00110300 -0.08272600 -0.01461500
v -0.00110300 -0.08272600 -0.01461500
v -0.00110300 -0.08272600 -0.01461500
v -0.00110300 -0.08272600 -0.01461500
v -0.00110300 -0.08272600 -0.01461500
v -0.00013800 -0.07762900 -0.01454900
v -0.00013800 -0.07762900 -0.01454900
v -0.00013800 -0.07762900 -0.01454900
v -0.00013800 -0.07762900 -0.01454900
v -0.00013800 -0.07762900 -0.01454900
v -0.00013800 -0.07762900 -0.01454900
v -0.00013800 -0.07762900 -0.01454900
v -0.00540100 -0.07582100 -0.02019800
v -0.00540100 -0.07582100 -0.02019800
v -0.00540100 -0.07582100 -0.02019800
v -0.00540100 -0.07582100 -0.02019800
v -0.00540100 -0.07582100 -0.02019800
v -0.00079100 -0.07698100 -0.01465500
v -0.00079100 -0.07698100 -0.01465500
v -0.00079100 -0.07698100 -0.01465500
v -0.00079100 -0.07698100 -0.01465500
v -0.00079100 -0.07698100 -0.01465500
v -0.00079100 -0.07698100 -0.01465500
v -0.00095900 -0.07923800 -0.01450800
v -0.00095900 -0.07923800 -0.01450800
v -0.00095900 -0.07923800 -0.01450800
v -0.00095900 -0.07923800 -0.01450800
v -0.00095900 -0.07923800 -0.01450800
v -0.00095900 -0.07923800 -0.01450800
v -0.00095900 -0.07923800 -0.01450800
v -0.00095900 -0.07923800 -0.01450800
v -0.00526400 -0.07581100 -0.02132500
v -0.00526400 -0.07581100 -0.02132500
v -0.00526400 -0.07581100 -0.02132500
v -0.00526400 -0.07581100 -0.02132500
v -0.00526400 -0.07581100 -0.02132500
v -0.00526400 -0.07581100 -0.02132500
v -0.00552100 -0.08052200 -0.02183000
v -0.00552100 -0.08052200 -0.02183000
v -0.00552100 -0.08052200 -0.02183000
v -0.00552100 -0.08052200 -0.02183000
v -0.00552100 -0.08052200 -0.02183000
v -0.00552100 -0.08052200 -0.02183000
v -0.00541900 -0.07759500 -0.02176600
v -0.00541900 -0.07759500 -0.02176600
v -0.00541900 -0.07759500 -0.02176600
v -0.00541900 -0.07759500 -0.02176600
v -0.00541900 -0.07759500 -0.02176600
v -0.00541900 -0.07759500 -0.02176600
v -0.00541900 -0.07759500 -0.02176600
v -0.00541900 -0.07759500 -0.02176600
v -0.00541900 -0.07759500 -0.02176600
v -0.00474500 -0.08559600 -0.02252400
v -0.00474500 -0.08559600 -0.02252400
v -0.00474500 -0.08559600 -0.02252400
v -0.00474500 -0.08559600 -0.02252400
v -0.00474500 -0.08559600 -0.02252400
v -0.00474500 -0.08559600 -0.02252400
v -0.00474500 -0.08559600 -0.02252400
v -0.00474500 -0.08559600 -0.02252400
v -0.00195700 -0.08430700 -0.01504500
v -0.00195700 -0.08430700 -0.01504500
v -0.00195700 -0.08430700 -0.01504500
v -0.00195700 -0.08430700 -0.01504500
v -0.00195700 -0.08430700 -0.01504500
v -0.00195700 -0.08430700 -0.01504500
v -0.00195700 -0.08430700 -0.01504500
v -0.00176500 -0.08060000 -0.01467600
v -0.00176500 -0.08060000 -0.01467600
v -0.00176500 -0.08060000 -0.01467600
v -0.00176500 -0.08060000 -0.01467600
v -0.00176500 -0.08060000 -0.01467600
v -0.00176500 -0.08060000 -0.01467600
v -0.00189600 -0.07787200 -0.01483800
v -0.00189600 -0.07787200 -0.01483800
v -0.00189600 -0.07787200 -0.01483800
v -0.00189600 -0.07787200 -0.01483800
v -0.00189600 -0.07787200 -0.01483800
v -0.00189600 -0.07787200 -0.01483800
v -0.00189600 -0.07787200 -0.01483800
v -0.00189600 -0.07787200 -0.01483800
v -0.00390600 -0.08813000 -0.02277300
v -0.00390600 -0.08813000 -0.02277300
v -0.00390600 -0.08813000 -0.02277300
v -0.00390600 -0.08813000 -0.02277300
v -0.00390600 -0.08813000 -0.02277300
v -0.00499400 -0.07582300 -0.02221900
v -0.00499400 -0.07582300 -0.02221900
v -0.00499400 -0.07582300 -0.02221900
v -0.00499400 -0.07582300 -0.02221900
v -0.00523400 -0.07937100 -0.02254600
v -0.00523400 -0.07937100 -0.02254600
v -0.00523400 -0.07937100 -0.02254600
v -0.00523400 -0.07937100 -0.02254600
v -0.00507400 -0.08277800 -0.02264100
v -0.00507400 -0.08277800 -0.02264100
v -0.00507400 -0.08277800 -0.02264100
v -0.00507400 -0.08277800 -0.02264100
v -0.00507400 -0.08277800 -0.02264100
v -0.00507400 -0.08277800 -0.02264100
v -0.00507400 -0.08277800 -0.02264100
v -0.00507400 -0.08277800 -0.02264100
v -0.00517500 -0.08155400 -0.02261300
v -0.00517500 -0.08155400 -0.02261300
v -0.00517500 -0.08155400 -0.02261300
v -0.00517500 -0.08155400 -0.02261300
v -0.00517500 -0.08155400 -0.02261300
v -0.00270700 -0.08586700 -0.01569200
v -0.00270700 -0.08586700 -0.01569200
v -0.00270700 -0.08586700 -0.01569200
v -0.00270700 -0.08586700 -0.01569200
v -0.00270700 -0.08586700 -0.01569200
v -0.00270700 -0.08586700 -0.01569200
v -0.00140500 -0.07581800 -0.01496000
v -0.00140500 -0.07581800 -0.01496000
v -0.00140500 -0.07581800 -0.01496000
v -0.00140500 -0.07581800 -0.01496000
v -0.00140500 -0.07581800 -0.01496000
v -0.00140500 -0.07581800 -0.01496000
v -0.00263800 -0.08370200 -0.01529500
v -0.00263800 -0.08370200 -0.01529500
v -0.00263800 -0.08370200 -0.01529500
v -0.00263800 -0.08370200 -0.01529500
v -0.00263800 -0.08370200 -0.01529500
v -0.00263800 -0.08370200 -0.01529500
v -0.00242900 -0.08258100 -0.01505100
v -0.00242900 -0.08258100 -0.01505100
v -0.00242900 -0.08258100 -0.01505100
v -0.00242900 -0.08258100 -0.01505100
v -0.00242900 -0.08258100 -0.01505100
v -0.00242900 -0.08258100 -0.01505100
v -0.00511200 -0.07821500 -0.02262400
v -0.00511200 -0.07821500 -0.02262400
v -0.00511200 -0.07821500 -0.02262400
v -0.00511200 -0.07821500 -0.02262400
v -0.00501400 -0.07738500 -0.02267800
v -0.00501400 -0.07738500 -0.02267800
v -0.00501400 -0.07738500 -0.02267800
v -0.00501400 -0.07738500 -0.02267800
v -0.00501400 -0.07738500 -0.02267800
v -0.00501400 -0.07738500 -0.02267800
v -0.00462800 -0.07581500 -0.02295100
v -0.00462800 -0.07581500 -0.02295100
v -0.00462800 -0.07581500 -0.02295100
v -0.00462800 -0.07581500 -0.02295100
v -0.00462800 -0.07581500 -0.02295100
v -0.00462800 -0.07581500 -0.02295100
v -0.00462800 -0.07581500 -0.02295100
v -0.00462800 -0.07581500 -0.02295100
v -0.00462800 -0.07581500 -0.02295100
v -0.00289900 -0.08314400 -0.01536900
v -0.00289900 -0.08314400 -0.01536900
v -0.00289900 -0.08314400 -0.01536900
v -0.00289900 -0.08314400 -0.01536900
v -0.00289900 -0.08314400 -0.01536900
v -0.00289900 -0.08314400 -0.01536900
v -0.00332600 -0.08461800 -0.01586600
v -0.00332600 -0.08461800 -0.01586600
v -0.00332600 -0.08461800 -0.01586600
v -0.00332600 -0.08461800 -0.01586600
v -0.00332600 -0.08461800 -0.01586600
v 0.00463500 -0.08576800 -0.01768900
v 0.00463500 -0.08576800 -0.01768900
v 0.00463500 -0.08576800 -0.01768900
v 0.00463500 -0.08576800 -0.01768900
v 0.00463500 -0.08576800 -0.01768900
v 0.00463500 -0.08576800 -0.01768900
v 0.00463500 -0.08576800 -0.01768900
v -0.00301300 -0.08219300 -0.01534900
v -0.00301300 -0.08219300 -0.01534900
v -0.00301300 -0.08219300 -0.01534900
v -0.00301300 -0.08219300 -0.01534900
v -0.00301300 -0.08219300 -0.01534900
v -0.00301300 -0.08219300 -0.01534900
v 0.00481200 -0.08304100 -0.01726800
v 0.00481200 -0.08304100 -0.01726800
v 0.00481200 -0.08304100 -0.01726800
v 0.00481200 -0.08304100 -0.01726800
v 0.00481200 -0.08304100 -0.01726800
v 0.00481200 -0.08304100 -0.01726800
v 0.00481200 -0.08304100 -0.01726800
v -0.00304900 -0.08127700 -0.01533200
v -0.00304900 -0.08127700 -0.01533200
v -0.00304900 -0.08127700 -0.01533200
v -0.00304900 -0.08127700 -0.01533200
v 0.00416200 -0.08497900 -0.01672800
v 0.00416200 -0.08497900 -0.01672800
v 0.00416200 -0.08497900 -0.01672800
v 0.00416200 -0.08497900 -0.01672800
v 0.00416200 -0.08497900 -0.01672800
v 0.00416200 -0.08497900 -0.01672800
v -0.00321000 -0.07581700 -0.01584100
v -0.00321000 -0.07581700 -0.01584100
v -0.00321000 -0.07581700 -0.01584100
v -0.00321000 -0.07581700 -0.01584100
v -0.00321000 -0.07581700 -0.01584100
v 0.00447000 -0.07581200 -0.01715300
v 0.00447000 -0.07581200 -0.01715300
v 0.00447000 -0.07581200 -0.01715300
v 0.00447000 -0.07581200 -0.01715300
v 0.00447000 -0.07581200 -0.01715300
v 0.00447000 -0.07581200 -0.01715300
v -0.00375600 -0.08124300 -0.01582000
v -0.00375600 -0.08124300 -0.01582000
v -0.00375600 -0.08124300 -0.01582000
v -0.00375600 -0.08124300 -0.01582000
v -0.00375600 -0.08124300 -0.01582000
v -0.00375600 -0.08124300 -0.01582000
v -0.00375600 -0.08124300 -0.01582000
v 0.00483400 -0.07928300 -0.01709800
v 0.00483400 -0.07928300 -0.01709800
v 0.00483400 -0.07928300 -0.01709800
v -0.00397100 -0.08347800 -0.01622500
v -0.00397100 -0.08347800 -0.01622500
v -0.00397100 -0.08347800 -0.01622500
v -0.00397100 -0.08347800 -0.01622500
v -0.00397100 -0.08347800 -0.01622500
v -0.00397100 -0.08347800 -0.01622500
v -0.00397100 -0.08347800 -0.01622500
v -0.00397100 -0.08347800 -0.01622500
v 0.00482500 -0.07832300 -0.01716700
v 0.00482500 -0.07832300 -0.01716700
v 0.00482500 -0.07832300 -0.01716700
v 0.00482500 -0.07832300 -0.01716700
v 0.00482500 -0.07832300 -0.01716700
v 0.00452700 -0.07838200 -0.01669800
v 0.00452700 -0.07838200 -0.01669800
v 0.00452700 -0.07838200 -0.01669800
v 0.00452700 -0.07838200 -0.01669800
v 0.00452700 -0.07838200 -0.01669800
v 0.00452700 -0.07838200 -0.01669800
v 0.00452700 -0.07838200 -0.01669800
v 0.00452700 -0.07838200 -0.01669800
v 0.00452700 -0.07838200 -0.01669800
v 0.00417500 -0.08167200 -0.01623000
v 0.00417500 -0.08167200 -0.01623000
v 0.00417500 -0.08167200 -0.01623000
v 0.00417500 -0.08167200 -0.01623000
v 0.00417500 -0.08167200 -0.01623000
v 0.00417500 -0.08167200 -0.01623000
v 0.00417500 -0.08167200 -0.01623000
v 0.00417500 -0.08167200 -0.01623000
v 0.00417500 -0.08167200 -0.01623000
v 0.00321500 -0.08664300 -0.01626000
v 0.00321500 -0.08664300 -0.01626000
v 0.00321500 -0.08664300 -0.01626000
v 0.00321500 -0.08664300 -0.01626000
v 0.00321500 -0.08664300 -0.01626000
v 0.00321500 -0.08664300 -0.01626000
v 0.00321500 -0.08664300 -0.01626000
v -0.00383200 -0.07809000 -0.01596700
v -0.00383200 -0.07809000 -0.01596700
v -0.00383200 -0.07809000 -0.01596700
v -0.00383200 -0.07809000 -0.01596700
v -0.00383200 -0.07809000 -0.01596700
v -0.00383200 -0.07809000 -0.01596700
v -0.00383200 -0.07809000 -0.01596700
v -0.00383200 -0.07809000 -0.01596700
v 0.00394600 -0.07581800 -0.01648100
v 0.00394600 -0.07581800 -0.01648100
v 0.00394600 -0.07581800 -0.01648100
v 0.00394600 -0.07581800 -0.01648100
v 0.00394600 -0.07581800 -0.01648100
v 0.00394600 -0.07581800 -0.01648100
v 0.00394600 -0.07581800 -0.01648100
v -0.00405500 -0.08630600 -0.01700700
v -0.00405500 -0.08630600 -0.01700700
v -0.00405500 -0.08630600 -0.01700700
v -0.00405500 -0.08630600 -0.01700700
v -0.00405500 -0.08630600 -0.01700700
v -0.00418100 -0.08811600 -0.01798400
v -0.00418100 -0.08811600 -0.01798400
v -0.00418100 -0.08811600 -0.01798400
v -0.00418100 -0.08811600 -0.01798400
v -0.00418100 -0.08811600 -0.01798400
v -0.00418100 -0.08811600 -0.01798400
v -0.00418100 -0.08811600 -0.01798400
v -0.00467300 -0.08190600 -0.01687900
v -0.00467300 -0.08190600 -0.01687900
v -0.00467300 -0.08190600 -0.01687900
v -0.00467300 -0.08190600 -0.01687900
v 0.00361900 -0.08369300 -0.01594500
v 0.00361900 -0.08369300 -0.01594500
v 0.00361900 -0.08369300 -0.01594500
v 0.00361900 -0.08369300 -0.01594500
v 0.00361900 -0.08369300 -0.01594500
v 0.00361900 -0.08369300 -0.01594500
v 0.00391100 -0.07976000 -0.01594800
v 0.00391100 -0.07976000 -0.01594800
v 0.00391100 -0.07976000 -0.01594800
v 0.00391100 -0.07976000 -0.01594800
v 0.00391100 -0.07976000 -0.01594800
v 0.00391100 -0.07976000 -0.01594800
v -0.00468900 -0.07986800 -0.01682400
v -0.00468900 -0.07986800 -0.01682400
v -0.00468900 -0.07986800 -0.01682400
v -0.00468900 -0.07986800 -0.01682400
v -0.00468900 -0.07986800 -0.01682400
v 0.00365200 -0.07704600 -0.01594500
v 0.00365200 -0.07704600 -0.01594500
v 0.00365200 -0.07704600 -0.01594500
v 0.00365200 -0.07704600 -0.01594500
v 0.00365200 -0.07704600 -0.01594500
v 0.00365200 -0.07704600 -0.01594500
v -0.00476300 -0.08482700 -0.01759000
v -0.00476300 -0.08482700 -0.01759000
v -0.00476300 -0.08482700 -0.01759000
v -0.00476300 -0.08482700 -0.01759000
v -0.00476300 -0.08482700 -0.01759000
v -0.00476300 -0.08482700 -0.01759000
v -0.00476300 -0.08482700 -0.01759000
v -0.00476300 -0.08482700 -0.01759000
v -0.00467200 -0.08307200 -0.01705100
v -0.00467200 -0.08307200 -0.01705100
v -0.00467200 -0.08307200 -0.01705100
v -0.00467200 -0.08307200 -0.01705100
v -0.00467200 -0.08307200 -0.01705100
v -0.00467200 -0.08307200 -0.01705100
v -0.00467200 -0.08307200 -0.01705100
v 0.00320200 -0.08244400 -0.01549700
v 0.00320200 -0.08244400 -0.01549700
v 0.00320200 -0.08244400 -0.01549700
v 0.00320200 -0.08244400 -0.01549700
v 0.00320200 -0.08244400 -0.01549700
v 0.00320200 -0.08244400 -0.01549700
v 0.00320200 -0.08244400 -0.01549700
v 0.00330300 -0.08080700 -0.01547600
v 0.00330300 -0.08080700 -0.01547600
v 0.00330300 -0.08080700 -0.01547600
v 0.00330300 -0.08080700 -0.01547600
v -0.00475200 -0.08374200 -0.01731700
v -0.00475200 -0.08374200 -0.01731700
v -0.00475200 -0.08374200 -0.01731700
v -0.00475200 -0.08374200 -0.01731700
v -0.00475200 -0.08374200 -0.01731700
v 0.00308900 -0.08319100 -0.01549800
v 0.00308900 -0.08319100 -0.01549800
v 0.00308900 -0.08319100 -0.01549800
v 0.00308900 -0.08319100 -0.01549800
v 0.00308900 -0.08319100 -0.01549800
v 0.00285900 -0.08373600 -0.01542200
v 0.00285900 -0.08373600 -0.01542200
v 0.00285900 -0.08373600 -0.01542200
v 0.00285900 -0.08373600 -0.01542200
v 0.00285900 -0.08373600 -0.01542200
v -0.00467200 -0.07824600 -0.01692200
v -0.00467200 -0.07824600 -0.01692200
v -0.00467200 -0.07824600 -0.01692200
v -0.00467200 -0.07824600 -0.01692200
v -0.00467200 -0.07824600 -0.01692200
v -0.00467200 -0.07824600 -0.01692200
v 0.00321800 -0.07581800 -0.02450600
v 0.00321800 -0.07581800 -0.02450600
v 0.00321800 -0.07581800 -0.02450600
v 0.00321800 -0.07581800 -0.02450600
v 0.00321800 -0.07581800 -0.02450600
v -0.00001300 -0.07581700 -0.01477600
v -0.00001300 -0.07581700 -0.01477600
v -0.00001300 -0.07581700 -0.01477600
v -0.00001300 -0.07581700 -0.01477600
v -0.00001300 -0.07581700 -0.01477600
v -0.00001300 -0.07581700 -0.01477600
v 0.00508700 -0.07581000 -0.01840800
v 0.00508700 -0.07581000 -0.01840800
v 0.00508700 -0.07581000 -0.01840800
v 0.00508700 -0.07581000 -0.01840800
v 0.00508700 -0.07581000 -0.01840800
v 0.00508700 -0.07581000 -0.01840800
v 0.00534900 -0.07584200 -0.01928800
v 0.00534900 -0.07584200 -0.01928800
v 0.00534900 -0.07584200 -0.01928800
v 0.00534900 -0.07584200 -0.01928800
v 0.00534900 -0.07584200 -0.01928800
v 0.00534900 -0.07584200 -0.01928800
v 0.00539800 -0.07581800 -0.02036200
v 0.00539800 -0.07581800 -0.02036200
v 0.00539800 -0.07581800 -0.02036200
v 0.00539800 -0.07581800 -0.02036200
v 0.00539800 -0.07581800 -0.02036200
v 0.00531700 -0.07581000 -0.02103900
v 0.00531700 -0.07581000 -0.02103900
v 0.00531700 -0.07581000 -0.02103900
v 0.00531700 -0.07581000 -0.02103900
v 0.00531700 -0.07581000 -0.02103900
v 0.00531700 -0.07581000 -0.02103900
v 0.00509300 -0.07582200 -0.02199000
v 0.00509300 -0.07582200 -0.02199000
v 0.00509300 -0.07582200 -0.02199000
v 0.00509300 -0.07582200 -0.02199000
v 0.00509300 -0.07582200 -0.02199000
v 0.00464400 -0.07582100 -0.02293100
v 0.00464400 -0.07582100 -0.02293100
v 0.00464400 -0.07582100 -0.02293100
v 0.00464400 -0.07582100 -0.02293100
v 0.00464400 -0.07582100 -0.02293100
v 0.00464400 -0.07582100 -0.02293100
v 0.00464400 -0.07582100 -0.02293100
v 0.00427700 -0.07582600 -0.02346500
v 0.00427700 -0.07582600 -0.02346500
v 0.00427700 -0.07582600 -0.02346500
v 0.00383400 -0.07581900 -0.02397400
v 0.00383400 -0.07581900 -0.02397400
v 0.00383400 -0.07581900 -0.02397400
v 0.00383400 -0.07581900 -0.02397400
v 0.00383400 -0.07581900 -0.02397400
v 0.00383400 -0.07581900 -0.02397400
v 0.00383400 -0.07581900 -0.02397400
v 0.00238200 -0.07582000 -0.02502000
v 0.00238200 -0.07582000 -0.02502000
v 0.00238200 -0.07582000 -0.02502000
v 0.00238200 -0.07582000 -0.02502000
v 0.00238200 -0.07582000 -0.02502000
v 0.00238200 -0.07582000 -0.02502000
v 0.00238200 -0.07582000 -0.02502000
v -0.00480100 -0.08282000 -0.02312500
v -0.00480100 -0.08282000 -0.02312500
v -0.00480100 -0.08282000 -0.02312500
v -0.00480100 -0.08282000 -0.02312500
v -0.00480100 -0.08282000 -0.02312500
v -0.00480100 -0.08282000 -0.02312500
v -0.00480100 -0.08282000 -0.02312500
v -0.00483800 -0.08147900 -0.02323700
v -0.00483800 -0.08147900 -0.02323700
v -0.00483800 -0.08147900 -0.02323700
v -0.00483800 -0.08147900 -0.02323700
v -0.00483200 -0.07975100 -0.02330600
v -0.00483200 -0.07975100 -0.02330600
v -0.00483200 -0.07975100 -0.02330600
v -0.00483200 -0.07975100 -0.02330600
v -0.00483200 -0.07975100 -0.02330600
v -0.00514100 -0.07891400 -0.02263000
v -0.00514100 -0.07891400 -0.02263000
v -0.00514100 -0.07891400 -0.02263000
v -0.00514100 -0.07891400 -0.02263000
v -0.00514100 -0.07891400 -0.02263000
v -0.00485700 -0.08372700 -0.02285300
v -0.00485700 -0.08372700 -0.02285300
v -0.00485700 -0.08372700 -0.02285300
v -0.00485700 -0.08372700 -0.02285300
v 0.00480900 -0.07745200 -0.01730300
v 0.00480900 -0.07745200 -0.01730300
v 0.00480900 -0.07745200 -0.01730300
v 0.00480900 -0.07745200 -0.01730300
v 0.00480900 -0.07745200 -0.01730300
v 0.00480900 -0.07745200 -0.01730300
v 0.00483500 -0.08134500 -0.01710900
v 0.00483500 -0.08134500 -0.01710900
v 0.00483500 -0.08134500 -0.01710900
v 0.00483500 -0.08134500 -0.01710900
v 0.00483500 -0.08134500 -0.01710900
v 0.00484100 -0.08024000 -0.01707500
v 0.00484100 -0.08024000 -0.01707500
v 0.00484100 -0.08024000 -0.01707500
v 0.00484100 -0.08024000 -0.01707500
v 0.00484100 -0.08024000 -0.01707500
v 0.00021200 -0.08371000 -0.01462900
v 0.00021200 -0.08371000 -0.01462900
v 0.00021200 -0.08371000 -0.01462900
v 0.00021200 -0.08371000 -0.01462900
v 0.00021200 -0.08371000 -0.01462900
v 0.00021200 -0.08371000 -0.01462900
v 0.00021200 -0.08371000 -0.01462900
v -0.00292900 -0.07755400 -0.01537200
v -0.00292900 -0.07755400 -0.01537200
v -0.00292900 -0.07755400 -0.01537200
v -0.00292900 -0.07755400 -0.01537200
v -0.00292900 -0.07755400 -0.01537200
v -0.00292900 -0.07755400 -0.01537200
v -0.00292900 -0.07755400 -0.01537200
v -0.00292900 -0.07755400 -0.01537200
v -0.00315800 -0.08042900 -0.01534200
v -0.00315800 -0.08042900 -0.01534200
v -0.00315800 -0.08042900 -0.01534200
v -0.00315800 -0.08042900 -0.01534200
v -0.00302900 -0.07849000 -0.01535400
v -0.00302900 -0.07849000 -0.01535400
v -0.00302900 -0.07849000 -0.01535400
v -0.00302900 -0.07849000 -0.01535400
v -0.00302900 -0.07849000 -0.01535400
v -0.00262500 -0.07686600 -0.01528700
v -0.00262500 -0.07686600 -0.01528700
v -0.00262500 -0.07686600 -0.01528700
v -0.00262500 -0.07686600 -0.01528700
v -0.00262500 -0.07686600 -0.01528700
v -0.00262500 -0.07686600 -0.01528700
v -0.00573600 -0.08040000 -0.02042400
v -0.00573600 -0.08040000 -0.02042400
v -0.00573600 -0.08040000 -0.02042400
v -0.00554400 -0.08373700 -0.02001900
v -0.00554400 -0.08373700 -0.02001900
v -0.00554400 -0.08373700 -0.02001900
v -0.00554400 -0.08373700 -0.02001900
v -0.00554400 -0.08373700 -0.02001900
v -0.00554400 -0.08373700 -0.02001900
v -0.00560200 -0.08320800 -0.02027900
v -0.00560200 -0.08320800 -0.02027900
v -0.00560200 -0.08320800 -0.02027900
v -0.00560200 -0.08320800 -0.02027900
v -0.00560200 -0.08320800 -0.02027900
v -0.00506100 -0.07905700 -0.01751600
v -0.00506100 -0.07905700 -0.01751600
v -0.00506100 -0.07905700 -0.01751600
v 0.00264100 -0.07996700 -0.01506800
v 0.00264100 -0.07996700 -0.01506800
v 0.00264100 -0.07996700 -0.01506800
v 0.00264100 -0.07996700 -0.01506800
v 0.00264100 -0.07996700 -0.01506800
v 0.00265200 -0.07905500 -0.01510800
v 0.00265200 -0.07905500 -0.01510800
v 0.00265200 -0.07905500 -0.01510800
v 0.00265400 -0.07834800 -0.01514500
v 0.00265400 -0.07834800 -0.01514500
v 0.00265400 -0.07834800 -0.01514500
v 0.00265400 -0.07834800 -0.01514500
v 0.00265400 -0.07834800 -0.01514500
v 0.00265400 -0.07834800 -0.01514500
v 0.00268100 -0.08256400 -0.01519000
v 0.00268100 -0.08256400 -0.01519000
v 0.00268100 -0.08256400 -0.01519000
v 0.00268100 -0.08256400 -0.01519000
v 0.00268100 -0.08256400 -0.01519000
v 0.00268100 -0.08256400 -0.01519000
v 0.00264500 -0.08120600 -0.01508500
v 0.00264500 -0.08120600 -0.01508500
v 0.00264500 -0.08120600 -0.01508500
v 0.00264500 -0.08120600 -0.01508500
v 0.00264500 -0.08120600 -0.01508500
v 0.00466800 -0.07820100 -0.02344000
v 0.00466800 -0.07820100 -0.02344000
v 0.00466800 -0.07820100 -0.02344000
v 0.00466800 -0.07820100 -0.02344000
v 0.00466800 -0.07820100 -0.02344000
v 0.00466800 -0.07820100 -0.02344000
v 0.00466800 -0.07820100 -0.02344000
v 0.00466800 -0.07820100 -0.02344000
v 0.00466800 -0.07820100 -0.02344000
v -0.00240800 -0.08592700 -0.02480900
v -0.00240800 -0.08592700 -0.02480900
v -0.00240800 -0.08592700 -0.02480900
v -0.00240800 -0.08592700 -0.02480900
v -0.00240800 -0.08592700 -0.02480900
v -0.00240800 -0.08592700 -0.02480900
v -0.00240800 -0.08592700 -0.02480900
v -0.00325700 -0.07821600 -0.02484500
v -0.00325700 -0.07821600 -0.02484500
v -0.00325700 -0.07821600 -0.02484500
v -0.00325700 -0.07821600 -0.02484500
v -0.00325700 -0.07821600 -0.02484500
v -0.00325700 -0.07821600 -0.02484500
v -0.00325700 -0.07821600 -0.02484500
v 0.00439600 -0.08580900 -0.02302400
v 0.00439600 -0.08580900 -0.02302400
v 0.00439600 -0.08580900 -0.02302400
v 0.00439600 -0.08580900 -0.02302400
v 0.00439600 -0.08580900 -0.02302400
v 0.00439600 -0.08580900 -0.02302400
v 0.00473800 -0.08381200 -0.02305000
v 0.00473800 -0.08381200 -0.02305000
v 0.00473800 -0.08381200 -0.02305000
v 0.00473800 -0.08381200 -0.02305000
v 0.00473800 -0.08381200 -0.02305000
v 0.00473800 -0.08381200 -0.02305000
v 0.00467600 -0.08283100 -0.02332100
v 0.00467600 -0.08283100 -0.02332100
v 0.00467600 -0.08283100 -0.02332100
v 0.00467600 -0.08283100 -0.02332100
v 0.00467600 -0.08283100 -0.02332100
v -0.00149100 -0.08818800 -0.02460700
v -0.00149100 -0.08818800 -0.02460700
v -0.00149100 -0.08818800 -0.02460700
v -0.00149100 -0.08818800 -0.02460700
v -0.00149100 -0.08818800 -0.02460700
v -0.00149100 -0.08818800 -0.02460700
v -0.00149100 -0.08818800 -0.02460700
v -0.00291600 -0.07689800 -0.02489400
v -0.00291600 -0.07689800 -0.02489400
v -0.00291600 -0.07689800 -0.02489400
v -0.00291600 -0.07689800 -0.02489400
v -0.00291600 -0.07689800 -0.02489400
v -0.00291600 -0.07689800 -0.02489400
v 0.00504400 -0.08399800 -0.02244000
v 0.00504400 -0.08399800 -0.02244000
v 0.00504400 -0.08399800 -0.02244000
v 0.00504400 -0.08399800 -0.02244000
v 0.00504400 -0.08399800 -0.02244000
v 0.00504400 -0.08399800 -0.02244000
v 0.00504400 -0.08399800 -0.02244000
v -0.00268300 -0.08255000 -0.02515700
v -0.00268300 -0.08255000 -0.02515700
v -0.00268300 -0.08255000 -0.02515700
v -0.00268300 -0.08255000 -0.02515700
v -0.00268300 -0.08255000 -0.02515700
v -0.00268300 -0.08255000 -0.02515700
v -0.00268300 -0.08255000 -0.02515700
v -0.00268300 -0.08255000 -0.02515700
v -0.00268600 -0.07585000 -0.02487300
v -0.00268600 -0.07585000 -0.02487300
v -0.00268600 -0.07585000 -0.02487300
v -0.00268600 -0.07585000 -0.02487300
v -0.00268600 -0.07585000 -0.02487300
v -0.00268600 -0.07585000 -0.02487300
v 0.00487300 -0.08642000 -0.02176200
v 0.00487300 -0.08642000 -0.02176200
v 0.00487300 -0.08642000 -0.02176200
v 0.00487300 -0.08642000 -0.02176200
v 0.00487300 -0.08642000 -0.02176200
v 0.00487300 -0.08642000 -0.02176200
v -0.00130600 -0.08593600 -0.02523400
v -0.00130600 -0.08593600 -0.02523400
v -0.00130600 -0.08593600 -0.02523400
v -0.00130600 -0.08593600 -0.02523400
v -0.00130600 -0.08593600 -0.02523400
v -0.00130600 -0.08593600 -0.02523400
v -0.00130600 -0.08593600 -0.02523400
v -0.00205600 -0.08429000 -0.02526900
v -0.00205600 -0.08429000 -0.02526900
v -0.00205600 -0.08429000 -0.02526900
v -0.00205600 -0.08429000 -0.02526900
v -0.00205600 -0.08429000 -0.02526900
v -0.00205600 -0.08429000 -0.02526900
v -0.00195400 -0.08156600 -0.02556900
v -0.00195400 -0.08156600 -0.02556900
v -0.00195400 -0.08156600 -0.02556900
v -0.00195400 -0.08156600 -0.02556900
v -0.00195400 -0.08156600 -0.02556900
v -0.00271000 -0.07744100 -0.02508400
v -0.00271000 -0.07744100 -0.02508400
v -0.00271000 -0.07744100 -0.02508400
v -0.00271000 -0.07744100 -0.02508400
v -0.00271000 -0.07744100 -0.02508400
v -0.00271000 -0.07744100 -0.02508400
v -0.00268100 -0.07819700 -0.02516900
v -0.00268100 -0.07819700 -0.02516900
v -0.00268100 -0.07819700 -0.02516900
v -0.00268100 -0.07819700 -0.02516900
v 0.00543200 -0.08062300 -0.02214300
v 0.00543200 -0.08062300 -0.02214300
v 0.00543200 -0.08062300 -0.02214300
v 0.00543200 -0.08062300 -0.02214300
v 0.00543200 -0.08062300 -0.02214300
v 0.00543200 -0.08062300 -0.02214300
v 0.00543200 -0.08062300 -0.02214300
v 0.00543200 -0.08062300 -0.02214300
v 0.00543200 -0.08062300 -0.02214300
v 0.00474400 -0.07687600 -0.02304600
v 0.00474400 -0.07687600 -0.02304600
v 0.00474400 -0.07687600 -0.02304600
v 0.00474400 -0.07687600 -0.02304600
v 0.00474400 -0.07687600 -0.02304600
v 0.00474400 -0.07687600 -0.02304600
v 0.00474400 -0.07687600 -0.02304600
v -0.00213700 -0.07798200 -0.02543400
v -0.00213700 -0.07798200 -0.02543400
v -0.00213700 -0.07798200 -0.02543400
v -0.00213700 -0.07798200 -0.02543400
v -0.00213700 -0.07798200 -0.02543400
v -0.00213700 -0.07798200 -0.02543400
v -0.00213700 -0.07798200 -0.02543400
v -0.00213700 -0.07798200 -0.02543400
v 0.00526500 -0.07747000 -0.02217100
v 0.00526500 -0.07747000 -0.02217100
v 0.00526500 -0.07747000 -0.02217100
v 0.00526500 -0.07747000 -0.02217100
v 0.00526500 -0.07747000 -0.02217100
v 0.00526500 -0.07747000 -0.02217100
v 0.00526500 -0.07747000 -0.02217100
v -0.00136300 -0.07977000 -0.02577100
v -0.00136300 -0.07977000 -0.02577100
v -0.00136300 -0.07977000 -0.02577100
v -0.00136300 -0.07977000 -0.02577100
v -0.00136300 -0.07977000 -0.02577100
v -0.00136300 -0.07977000 -0.02577100
v -0.00136300 -0.07977000 -0.02577100
v -0.00056100 -0.08631900 -0.02528000
v -0.00056100 -0.08631900 -0.02528000
v -0.00056100 -0.08631900 -0.02528000
v -0.00056100 -0.08631900 -0.02528000
v -0.00056100 -0.08631900 -0.02528000
v -0.00120400 -0.08227900 -0.02575400
v -0.00120400 -0.08227900 -0.02575400
v -0.00120400 -0.08227900 -0.02575400
v -0.00120400 -0.08227900 -0.02575400
v -0.00120400 -0.08227900 -0.02575400
v -0.00120400 -0.08227900 -0.02575400
v -0.00120400 -0.08227900 -0.02575400
v 0.00547700 -0.08272700 -0.02161600
v 0.00547700 -0.08272700 -0.02161600
v 0.00547700 -0.08272700 -0.02161600
v 0.00547700 -0.08272700 -0.02161600
v 0.00030100 -0.08808400 -0.02488800
v 0.00030100 -0.08808400 -0.02488800
v 0.00030100 -0.08808400 -0.02488800
v 0.00030100 -0.08808400 -0.02488800
v 0.00030100 -0.08808400 -0.02488800
v 0.00030100 -0.08808400 -0.02488800
v -0.00107600 -0.07752200 -0.02570600
v -0.00107600 -0.07752200 -0.02570600
v -0.00107600 -0.07752200 -0.02570600
v -0.00107600 -0.07752200 -0.02570600
v -0.00107600 -0.07752200 -0.02570600
v -0.00107600 -0.07752200 -0.02570600
v -0.00107600 -0.07752200 -0.02570600
v 0.00509700 -0.08649900 -0.02033500
v 0.00509700 -0.08649900 -0.02033500
v 0.00509700 -0.08649900 -0.02033500
v 0.00509700 -0.08649900 -0.02033500
v 0.00509700 -0.08649900 -0.02033500
v 0.00509700 -0.08649900 -0.02033500
v 0.00540400 -0.08429600 -0.02117100
v 0.00540400 -0.08429600 -0.02117100
v 0.00540400 -0.08429600 -0.02117100
v 0.00540400 -0.08429600 -0.02117100
v 0.00540400 -0.08429600 -0.02117100
v 0.00540400 -0.08429600 -0.02117100
v -0.00012000 -0.08379500 -0.02571800
v -0.00012000 -0.08379500 -0.02571800
v -0.00012000 -0.08379500 -0.02571800
v -0.00012000 -0.08379500 -0.02571800
v -0.00012000 -0.08379500 -0.02571800
v -0.00012000 -0.08379500 -0.02571800
v -0.00012000 -0.08379500 -0.02571800
v -0.00012000 -0.08379500 -0.02571800
v -0.00012000 -0.08379500 -0.02571800
v -0.00048700 -0.07581500 -0.02555500
v -0.00048700 -0.07581500 -0.02555500
v -0.00048700 -0.07581500 -0.02555500
v -0.00048700 -0.07581500 -0.02555500
v -0.00048700 -0.07581500 -0.02555500
v -0.00048700 -0.07581500 -0.02555500
v -0.00048700 -0.07581500 -0.02555500
v -0.00048700 -0.07581500 -0.02555500
v 0.00555900 -0.07770600 -0.02115800
v 0.00555900 -0.07770600 -0.02115800
v 0.00555900 -0.07770600 -0.02115800
v 0.00555900 -0.07770600 -0.02115800
v 0.00555900 -0.07770600 -0.02115800
v 0.00555900 -0.07770600 -0.02115800
v 0.00571300 -0.08164100 -0.02069900
v 0.00571300 -0.08164100 -0.02069900
v 0.00571300 -0.08164100 -0.02069900
v 0.00571300 -0.08164100 -0.02069900
v 0.00571300 -0.08164100 -0.02069900
v 0.00571300 -0.08164100 -0.02069900
v -0.00046000 -0.07864000 -0.02585200
v -0.00046000 -0.07864000 -0.02585200
v -0.00046000 -0.07864000 -0.02585200
v -0.00046000 -0.07864000 -0.02585200
v -0.00046000 -0.07864000 -0.02585200
v 0.00572700 -0.07939700 -0.02070800
v 0.00572700 -0.07939700 -0.02070800
v 0.00572700 -0.07939700 -0.02070800
v 0.00572700 -0.07939700 -0.02070800
v 0.00060400 -0.08591200 -0.02535600
v 0.00060400 -0.08591200 -0.02535600
v 0.00060400 -0.08591200 -0.02535600
v 0.00060400 -0.08591200 -0.02535600
v 0.00060400 -0.08591200 -0.02535600
v -0.00037300 -0.07774600 -0.02579300
v -0.00037300 -0.07774600 -0.02579300
v -0.00037300 -0.07774600 -0.02579300
v -0.00037300 -0.07774600 -0.02579300
v 0.00008500 -0.08321200 -0.02577400
v 0.00008500 -0.08321200 -0.02577400
v 0.00008500 -0.08321200 -0.02577400
v 0.00015800 -0.08265100 -0.02582600
v 0.00015800 -0.08265100 -0.02582600
v 0.00015800 -0.08265100 -0.02582600
v 0.00015800 -0.08265100 -0.02582600
v 0.00015800 -0.08265100 -0.02582600
v 0.00015800 -0.08265100 -0.02582600
v 0.00015800 -0.08265100 -0.02582600
v 0.00554100 -0.07681500 -0.02034500
v 0.00554100 -0.07681500 -0.02034500
v 0.00554100 -0.07681500 -0.02034500
v 0.00554100 -0.07681500 -0.02034500
v 0.00554100 -0.07681500 -0.02034500
v 0.00554100 -0.07681500 -0.02034500
v 0.00554100 -0.07681500 -0.02034500
v 0.00554100 -0.07681500 -0.02034500
v 0.00560000 -0.08319500 -0.02009900
v 0.00560000 -0.08319500 -0.02009900
v 0.00560000 -0.08319500 -0.02009900
v 0.00104100 -0.08353200 -0.02566600
v 0.00104100 -0.08353200 -0.02566600
v 0.00104100 -0.08353200 -0.02566600
v 0.00104100 -0.08353200 -0.02566600
v 0.00104100 -0.08353200 -0.02566600
v 0.00104100 -0.08353200 -0.02566600
v 0.00024400 -0.08127400 -0.02590200
v 0.00024400 -0.08127400 -0.02590200
v 0.00024400 -0.08127400 -0.02590200
v 0.00024400 -0.08127400 -0.02590200
v 0.00512600 -0.08589600 -0.01911800
v 0.00512600 -0.08589600 -0.01911800
v 0.00512600 -0.08589600 -0.01911800
v 0.00512600 -0.08589600 -0.01911800
v 0.00512600 -0.08589600 -0.01911800
v 0.00512600 -0.08589600 -0.01911800
v 0.00512600 -0.08589600 -0.01911800
v 0.00565900 -0.08264300 -0.02000200
v 0.00565900 -0.08264300 -0.02000200
v 0.00565900 -0.08264300 -0.02000200
v 0.00565900 -0.08264300 -0.02000200
v 0.00565900 -0.08264300 -0.02000200
v 0.00565900 -0.08264300 -0.02000200
v 0.00565900 -0.08264300 -0.02000200
v 0.00561100 -0.08244500 -0.01919600
v 0.00561100 -0.08244500 -0.01919600
v 0.00561100 -0.08244500 -0.01919600
v 0.00561100 -0.08244500 -0.01919600
v 0.00561100 -0.08244500 -0.01919600
v 0.00561100 -0.08244500 -0.01919600
v 0.00561100 -0.08244500 -0.01919600
v 0.00561100 -0.08244500 -0.01919600
v 0.00136900 -0.07987400 -0.02579200
v 0.00136900 -0.07987400 -0.02579200
v 0.00136900 -0.07987400 -0.02579200
v 0.00136900 -0.07987400 -0.02579200
v 0.00136900 -0.07987400 -0.02579200
v 0.00136900 -0.07987400 -0.02579200
v 0.00136900 -0.07987400 -0.02579200
v 0.00136900 -0.07987400 -0.02579200
v 0.00136900 -0.07987400 -0.02579200
v 0.00571300 -0.08127900 -0.01996000
v 0.00571300 -0.08127900 -0.01996000
v 0.00571300 -0.08127900 -0.01996000
v 0.00563100 -0.07769900 -0.02003500
v 0.00563100 -0.07769900 -0.02003500
v 0.00563100 -0.07769900 -0.02003500
v 0.00563100 -0.07769900 -0.02003500
v 0.00563100 -0.07769900 -0.02003500
v 0.00563100 -0.07769900 -0.02003500
v 0.00563100 -0.07769900 -0.02003500
v 0.00571700 -0.07948600 -0.01995700
v 0.00571700 -0.07948600 -0.01995700
v 0.00571700 -0.07948600 -0.01995700
v 0.00571700 -0.07948600 -0.01995700
v 0.00571700 -0.07948600 -0.01995700
v 0.00162400 -0.08639600 -0.02502800
v 0.00162400 -0.08639600 -0.02502800
v 0.00162400 -0.08639600 -0.02502800
v 0.00162400 -0.08639600 -0.02502800
v 0.00162400 -0.08639600 -0.02502800
v 0.00162400 -0.08639600 -0.02502800
v 0.00076000 -0.07740800 -0.02574100
v 0.00076000 -0.07740800 -0.02574100
v 0.00076000 -0.07740800 -0.02574100
v 0.00076000 -0.07740800 -0.02574100
v 0.00076000 -0.07740800 -0.02574100
v 0.00561500 -0.07837600 -0.01911200
v 0.00561500 -0.07837600 -0.01911200
v 0.00561500 -0.07837600 -0.01911200
v 0.00561500 -0.07837600 -0.01911200
v 0.00561500 -0.07837600 -0.01911200
v 0.00561500 -0.07837600 -0.01911200
v 0.00561500 -0.07837600 -0.01911200
v 0.00477500 -0.08635800 -0.01830000
v 0.00477500 -0.08635800 -0.01830000
v 0.00477500 -0.08635800 -0.01830000
v 0.00477500 -0.08635800 -0.01830000
v 0.00527200 -0.08377500 -0.01842600
v 0.00527200 -0.08377500 -0.01842600
v 0.00527200 -0.08377500 -0.01842600
v 0.00527200 -0.08377500 -0.01842600
v 0.00527200 -0.08377500 -0.01842600
v 0.00527200 -0.08377500 -0.01842600
v 0.00180200 -0.07751800 -0.02551300
v 0.00180200 -0.07751800 -0.02551300
v 0.00180200 -0.07751800 -0.02551300
v 0.00180200 -0.07751800 -0.02551300
v 0.00180200 -0.07751800 -0.02551300
v 0.00180200 -0.07751800 -0.02551300
v 0.00180200 -0.07751800 -0.02551300
v 0.00180200 -0.07751800 -0.02551300
v 0.00148700 -0.08214600 -0.02570400
v 0.00148700 -0.08214600 -0.02570400
v 0.00148700 -0.08214600 -0.02570400
v 0.00148700 -0.08214600 -0.02570400
v 0.00148700 -0.08214600 -0.02570400
v 0.00148700 -0.08214600 -0.02570400
v 0.00148700 -0.08214600 -0.02570400
v 0.00148700 -0.08214600 -0.02570400
v 0.00211200 -0.08460900 -0.02519400
v 0.00211200 -0.08460900 -0.02519400
v 0.00211200 -0.08460900 -0.02519400
v 0.00211200 -0.08460900 -0.02519400
v 0.00211200 -0.08460900 -0.02519400
v 0.00211200 -0.08460900 -0.02519400
v 0.00549400 -0.08016200 -0.01841200
v 0.00549400 -0.08016200 -0.01841200
v 0.00549400 -0.08016200 -0.01841200
v 0.00549400 -0.08016200 -0.01841200
v 0.00549400 -0.08016200 -0.01841200
v 0.00549400 -0.08016200 -0.01841200
v 0.00288400 -0.08610400 -0.02450000
v 0.00288400 -0.08610400 -0.02450000
v 0.00288400 -0.08610400 -0.02450000
v 0.00288400 -0.08610400 -0.02450000
v 0.00288400 -0.08610400 -0.02450000
v 0.00288400 -0.08610400 -0.02450000
v 0.00288400 -0.08610400 -0.02450000
v 0.00288400 -0.08610400 -0.02450000
v 0.00288400 -0.08610400 -0.02450000
v 0.00535500 -0.07764000 -0.01840500
v 0.00535500 -0.07764000 -0.01840500
v 0.00535500 -0.07764000 -0.01840500
v 0.00535500 -0.07764000 -0.01840500
v 0.00535500 -0.07764000 -0.01840500
v 0.00535500 -0.07764000 -0.01840500
v 0.00175500 -0.07581900 -0.02527100
v 0.00175500 -0.07581900 -0.02527100
v 0.00175500 -0.07581900 -0.02527100
v 0.00175500 -0.07581900 -0.02527100
v 0.00489200 -0.08366300 -0.01755200
v 0.00489200 -0.08366300 -0.01755200
v 0.00489200 -0.08366300 -0.01755200
v 0.00489200 -0.08366300 -0.01755200
v 0.00489200 -0.08366300 -0.01755200
v 0.00513600 -0.08253300 -0.01774500
v 0.00513600 -0.08253300 -0.01774500
v 0.00513600 -0.08253300 -0.01774500
v 0.00513600 -0.08253300 -0.01774500
v 0.00513600 -0.08253300 -0.01774500
v 0.00513600 -0.08253300 -0.01774500
v 0.00513600 -0.08253300 -0.01774500
v 0.00241900 -0.08068100 -0.02538400
v 0.00241900 -0.08068100 -0.02538400
v 0.00241900 -0.08068100 -0.02538400
v 0.00241900 -0.08068100 -0.02538400
v 0.00492000 -0.07695700 -0.01758900
v 0.00492000 -0.07695700 -0.01758900
v 0.00492000 -0.07695700 -0.01758900
v 0.00492000 -0.07695700 -0.01758900
v 0.00492000 -0.07695700 -0.01758900
v 0.00492000 -0.07695700 -0.01758900
v 0.00492000 -0.07695700 -0.01758900
v 0.00492000 -0.07695700 -0.01758900
v 0.00492000 -0.07695700 -0.01758900
v 0.00294500 -0.08280500 -0.02498400
v 0.00294500 -0.08280500 -0.02498400
v 0.00294500 -0.08280500 -0.02498400
v 0.00294500 -0.08280500 -0.02498400
v 0.00294500 -0.08280500 -0.02498400
v -0.00389100 -0.08571500 -0.02372800
v -0.00389100 -0.08571500 -0.02372800
v -0.00389100 -0.08571500 -0.02372800
v -0.00389100 -0.08571500 -0.02372800
v -0.00389100 -0.08571500 -0.02372800
v -0.00389100 -0.08571500 -0.02372800
v -0.00389100 -0.08571500 -0.02372800
v -0.00389100 -0.08571500 -0.02372800
v -0.00487500 -0.07685300 -0.02282000
v -0.00487500 -0.07685300 -0.02282000
v -0.00487500 -0.07685300 -0.02282000
v -0.00487500 -0.07685300 -0.02282000
v -0.00487500 -0.07685300 -0.02282000
v -0.00487500 -0.07685300 -0.02282000
v -0.00487500 -0.07685300 -0.02282000
v 0.00349500 -0.08228400 -0.02468400
v 0.00349500 -0.08228400 -0.02468400
v 0.00349500 -0.08228400 -0.02468400
v 0.00349500 -0.08228400 -0.02468400
v 0.00349500 -0.08228400 -0.02468400
v 0.00349500 -0.08228400 -0.02468400
v 0.00349500 -0.08228400 -0.02468400
v 0.00349500 -0.08228400 -0.02468400
v -0.00447500 -0.08218800 -0.02372000
v -0.00447500 -0.08218800 -0.02372000
v -0.00447500 -0.08218800 -0.02372000
v -0.00447500 -0.08218800 -0.02372000
v -0.00447500 -0.08218800 -0.02372000
v -0.00447500 -0.08218800 -0.02372000
v 0.00301200 -0.08190600 -0.02500400
v 0.00301200 -0.08190600 -0.02500400
v 0.00301200 -0.08190600 -0.02500400
v 0.00301200 -0.08190600 -0.02500400
v 0.00305700 -0.08131300 -0.02501300
v 0.00305700 -0.08131300 -0.02501300
v 0.00305700 -0.08131300 -0.02501300
v 0.00305700 -0.08131300 -0.02501300
v -0.00293200 -0.08818000 -0.02382000
v -0.00293200 -0.08818000 -0.02382000
v -0.00293200 -0.08818000 -0.02382000
v -0.00293200 -0.08818000 -0.02382000
v -0.00293200 -0.08818000 -0.02382000
v -0.00293200 -0.08818000 -0.02382000
v -0.00293200 -0.08818000 -0.02382000
v -0.00428300 -0.07756500 -0.02384700
v -0.00428300 -0.07756500 -0.02384700
v -0.00428300 -0.07756500 -0.02384700
v -0.00428300 -0.07756500 -0.02384700
v -0.00428300 -0.07756500 -0.02384700
v -0.00428300 -0.07756500 -0.02384700
v -0.00428300 -0.07756500 -0.02384700
v -0.00428300 -0.07756500 -0.02384700
v 0.00362100 -0.07751600 -0.02449200
v 0.00362100 -0.07751600 -0.02449200
v 0.00362100 -0.07751600 -0.02449200
v 0.00362100 -0.07751600 -0.02449200
v 0.00362100 -0.07751600 -0.02449200
v 0.00362100 -0.07751600 -0.02449200
v -0.00396900 -0.08234500 -0.02426600
v -0.00396900 -0.08234500 -0.02426600
v -0.00396900 -0.08234500 -0.02426600
v -0.00396900 -0.08234500 -0.02426600
v -0.00396900 -0.08234500 -0.02426600
v -0.00396900 -0.08234500 -0.02426600
v 0.00397200 -0.08418800 -0.02399500
v 0.00397200 -0.08418800 -0.02399500
v 0.00397200 -0.08418800 -0.02399500
v 0.00397200 -0.08418800 -0.02399500
v 0.00397200 -0.08418800 -0.02399500
v 0.00397200 -0.08418800 -0.02399500
v 0.00397200 -0.08418800 -0.02399500
v 0.00397200 -0.08418800 -0.02399500
v -0.00411200 -0.07583200 -0.02368300
v -0.00411200 -0.07583200 -0.02368300
v -0.00411200 -0.07583200 -0.02368300
v -0.00312700 -0.08636100 -0.02423600
v -0.00312700 -0.08636100 -0.02423600
v -0.00312700 -0.08636100 -0.02423600
v -0.00312700 -0.08636100 -0.02423600
v 0.00418900 -0.08160500 -0.02408900
v 0.00418900 -0.08160500 -0.02408900
v 0.00418900 -0.08160500 -0.02408900
v 0.00418900 -0.08160500 -0.02408900
v 0.00418900 -0.08160500 -0.02408900
v -0.00404500 -0.07917000 -0.02425100
v -0.00404500 -0.07917000 -0.02425100
v -0.00404500 -0.07917000 -0.02425100
v -0.00404500 -0.07917000 -0.02425100
v -0.00404500 -0.07917000 -0.02425100
v -0.00404500 -0.07917000 -0.02425100
v 0.00411000 -0.07917900 -0.02418500
v 0.00411000 -0.07917900 -0.02418500
v 0.00411000 -0.07917900 -0.02418500
v 0.00411000 -0.07917900 -0.02418500
v 0.00411000 -0.07917900 -0.02418500
v 0.00411000 -0.07917900 -0.02418500
v -0.00314300 -0.08323400 -0.02483300
v -0.00314300 -0.08323400 -0.02483300
v -0.00314300 -0.08323400 -0.02483300
v -0.00314300 -0.08323400 -0.02483300
v -0.00314300 -0.08323400 -0.02483300
v -0.00314300 -0.08323400 -0.02483300
v -0.00314300 -0.08323400 -0.02483300
v -0.00332700 -0.08003600 -0.02486900
v -0.00332700 -0.08003600 -0.02486900
v -0.00332700 -0.08003600 -0.02486900
v -0.00332700 -0.08003600 -0.02486900
v 0.00470000 -0.08025800 -0.02349900
v 0.00470000 -0.08025800 -0.02349900
v 0.00470000 -0.08025800 -0.02349900
v 0.00470000 -0.08025800 -0.02349900
v -0.00285700 -0.08373700 -0.02492700
v -0.00285700 -0.08373700 -0.02492700
v -0.00285700 -0.08373700 -0.02492700
v -0.00285700 -0.08373700 -0.02492700
v -0.00285700 -0.08373700 -0.02492700
v -0.00285700 -0.08373700 -0.02492700
v 0.00249300 -0.08302700 -0.02520600
v 0.00249300 -0.08302700 -0.02520600
v 0.00249300 -0.08302700 -0.02520600
v 0.00249300 -0.08302700 -0.02520600
v 0.00249300 -0.08302700 -0.02520600
v 0.00245200 -0.07926900 -0.02533400
v 0.00245200 -0.07926900 -0.02533400
v 0.00245200 -0.07926900 -0.02533400
v 0.00245200 -0.07926900 -0.02533400
v 0.00243900 -0.08200000 -0.02532400
v 0.00243900 -0.08200000 -0.02532400
v 0.00243900 -0.08200000 -0.02532400
v 0.00243900 -0.08200000 -0.02532400
v 0.00243900 -0.08200000 -0.02532400
v 0.00243900 -0.08200000 -0.02532400
v 0.00268500 -0.08371700 -0.02502800
v 0.00268500 -0.08371700 -0.02502800
v 0.00268500 -0.08371700 -0.02502800
v 0.00268500 -0.08371700 -0.02502800
v 0.00268500 -0.08371700 -0.02502800
v 0.00268500 -0.08371700 -0.02502800
v 0.00268500 -0.08371700 -0.02502800
v 0.00509100 -0.07947100 -0.02282000
v 0.00509100 -0.07947100 -0.02282000
v 0.00509100 -0.07947100 -0.02282000
v 0.00509100 -0.07947100 -0.02282000
v 0.00496100 -0.07800300 -0.02287800
v 0.00496100 -0.07800300 -0.02287800
v 0.00496100 -0.07800300 -0.02287800
v 0.00496100 -0.07800300 -0.02287800
v 0.00496100 -0.07800300 -0.02287800
v 0.00500300 -0.08246800 -0.02283800
v 0.00500300 -0.08246800 -0.02283800
v 0.00500300 -0.08246800 -0.02283800
v 0.00500300 -0.08246800 -0.02283800
v 0.00500300 -0.08246800 -0.02283800
v 0.00500300 -0.08246800 -0.02283800
v 0.00508000 -0.08118900 -0.02282800
v 0.00508000 -0.08118900 -0.02282800
v 0.00508000 -0.08118900 -0.02282800
v 0.00508000 -0.08118900 -0.02282800
v 0.00023300 -0.08036700 -0.02590600
v 0.00023300 -0.08036700 -0.02590600
v 0.00023300 -0.08036700 -0.02590600
v 0.00023300 -0.08036700 -0.02590600
v -0.00040200 -0.08287200 -0.02579800
v -0.00040200 -0.08287200 -0.02579800
v -0.00040200 -0.08287200 -0.02579800
v -0.00040200 -0.08287200 -0.02579800
v -0.00040200 -0.08287200 -0.02579800
v -0.00040200 -0.08287200 -0.02579800
v -0.00040200 -0.08287200 -0.02579800
v -0.00040200 -0.08287200 -0.02579800
v 0.00014900 -0.07768800 -0.02580700
v 0.00014900 -0.07768800 -0.02580700
v 0.00014900 -0.07768800 -0.02580700
v 0.00014900 -0.07768800 -0.02580700
v 0.00014900 -0.07768800 -0.02580700
v 0.00014900 -0.07768800 -0.02580700
v 0.00014900 -0.07768800 -0.02580700
v 0.00014900 -0.07768800 -0.02580700
v 0.00574700 -0.08041000 -0.01990400
v 0.00574700 -0.08041000 -0.01990400
v 0.00574700 -0.08041000 -0.01990400
v 0.00574700 -0.08041000 -0.01990400
v 0.00574700 -0.08041000 -0.01990400
v 0.00554100 -0.08381100 -0.02030300
v 0.00554100 -0.08381100 -0.02030300
v 0.00554100 -0.08381100 -0.02030300
v 0.00554100 -0.08381100 -0.02030300
v 0.00554100 -0.08381100 -0.02030300
v 0.00554100 -0.08381100 -0.02030300
v 0.00554100 -0.08381100 -0.02030300
v 0.00554100 -0.08381100 -0.02030300
v 0.00554100 -0.08381100 -0.02030300
v -0.00264800 -0.07998700 -0.02526900
v -0.00264800 -0.07998700 -0.02526900
v -0.00264800 -0.07998700 -0.02526900
v -0.00265500 -0.07905100 -0.02523900
v -0.00265500 -0.07905100 -0.02523900
v -0.00265500 -0.07905100 -0.02523900
v -0.00265500 -0.07905100 -0.02523900
v -0.00265500 -0.07905100 -0.02523900
v -0.00262000 -0.08101900 -0.02529400
v -0.00262000 -0.08101900 -0.02529400
v -0.00262000 -0.08101900 -0.02529400
v -0.00262000 -0.08101900 -0.02529400
v -0.00262000 -0.08101900 -0.02529400
v -0.00262000 -0.08101900 -0.02529400
v 0.00249200 -0.07784700 -0.02523100
v 0.00249200 -0.07784700 -0.02523100
v 0.00249200 -0.07784700 -0.02523100
v 0.00249200 -0.07784700 -0.02523100
v 0.00249200 -0.07784700 -0.02523100
v 0.00249200 -0.07784700 -0.02523100
v 0.00245500 -0.07864600 -0.02531000
v 0.00245500 -0.07864600 -0.02531000
v 0.00245500 -0.07864600 -0.02531000
v 0.00245500 -0.07864600 -0.02531000
v 0.00245500 -0.07864600 -0.02531000
v 0.00468500 -0.08195900 -0.02342400
v 0.00468500 -0.08195900 -0.02342400
v 0.00468500 -0.08195900 -0.02342400
v 0.00468500 -0.08195900 -0.02342400
v 0.00468500 -0.08195900 -0.02342400
v 0.00144700 -0.08841200 -0.02451000
v 0.00144700 -0.08841200 -0.02451000
v 0.00144700 -0.08841200 -0.02451000
v 0.00144700 -0.08841200 -0.02451000
v 0.00144700 -0.08841200 -0.02451000
v 0.00144700 -0.08841200 -0.02451000
v 0.00144700 -0.08841200 -0.02451000
v 0.00144700 -0.08841200 -0.02451000
v -0.00373300 -0.08878600 -0.02166300
v -0.00373300 -0.08878600 -0.02166300
v -0.00373300 -0.08878600 -0.02166300
v -0.00373300 -0.08878600 -0.02166300
v -0.00373300 -0.08878600 -0.02166300
v -0.00373300 -0.08878600 -0.02166300
v -0.00373300 -0.08878600 -0.02166300
v -0.00373300 -0.08878600 -0.02166300
v -0.00293100 -0.08878300 -0.01751200
v -0.00293100 -0.08878300 -0.01751200
v -0.00293100 -0.08878300 -0.01751200
v -0.00293100 -0.08878300 -0.01751200
v -0.00293100 -0.08878300 -0.01751200
v -0.00293100 -0.08878300 -0.01751200
v -0.00293100 -0.08878300 -0.01751200
v -0.00293100 -0.08878300 -0.01751200
v -0.00393600 -0.08874200 -0.01902600
v -0.00393600 -0.08874200 -0.01902600
v -0.00393600 -0.08874200 -0.01902600
v -0.00393600 -0.08874200 -0.01902600
v -0.00393600 -0.08874200 -0.01902600
v -0.00451800 -0.08841900 -0.01959700
v -0.00451800 -0.08841900 -0.01959700
v -0.00451800 -0.08841900 -0.01959700
v -0.00451800 -0.08841900 -0.01959700
v -0.00451800 -0.08841900 -0.01959700
v -0.00451800 -0.08841900 -0.01959700
v -0.00451800 -0.08841900 -0.01959700
v -0.00422900 -0.08867300 -0.02046900
v -0.00422900 -0.08867300 -0.02046900
v -0.00422900 -0.08867300 -0.02046900
v -0.00422900 -0.08867300 -0.02046900
v -0.00422900 -0.08867300 -0.02046900
v -0.00432700 -0.08835900 -0.02173000
v -0.00432700 -0.08835900 -0.02173000
v -0.00432700 -0.08835900 -0.02173000
v -0.00432700 -0.08835900 -0.02173000
v -0.00432700 -0.08835900 -0.02173000
v -0.00432700 -0.08835900 -0.02173000
v -0.00432700 -0.08835900 -0.02173000
v 0.00232400 -0.08827400 -0.02417200
v 0.00232400 -0.08827400 -0.02417200
v 0.00232400 -0.08827400 -0.02417200
v 0.00232400 -0.08827400 -0.02417200
v -0.00393000 -0.08861300 -0.01837200
v -0.00393000 -0.08861300 -0.01837200
v -0.00393000 -0.08861300 -0.01837200
v -0.00393000 -0.08861300 -0.01837200
v -0.00393000 -0.08861300 -0.01837200
v -0.00393000 -0.08861300 -0.01837200
v -0.00244900 -0.08878200 -0.02329000
v -0.00244900 -0.08878200 -0.02329000
v -0.00244900 -0.08878200 -0.02329000
v -0.00244900 -0.08878200 -0.02329000
v -0.00244900 -0.08878200 -0.02329000
v -0.00244900 -0.08878200 -0.02329000
v -0.00323300 -0.08855900 -0.02320400
v -0.00323300 -0.08855900 -0.02320400
v -0.00323300 -0.08855900 -0.02320400
v -0.00323300 -0.08855900 -0.02320400
v -0.00323300 -0.08855900 -0.02320400
v -0.00323300 -0.08855900 -0.02320400
v -0.00164500 -0.08861200 -0.02422100
v -0.00164500 -0.08861200 -0.02422100
v -0.00164500 -0.08861200 -0.02422100
v -0.00164500 -0.08861200 -0.02422100
v -0.00164500 -0.08861200 -0.02422100
v -0.00164500 -0.08861200 -0.02422100
v -0.00325400 -0.08855900 -0.01720000
v -0.00325400 -0.08855900 -0.01720000
v -0.00325400 -0.08855900 -0.01720000
v -0.00325400 -0.08855900 -0.01720000
v -0.00325400 -0.08855900 -0.01720000
v -0.00325400 -0.08855900 -0.01720000
v -0.00003800 -0.08877500 -0.02422400
v -0.00003800 -0.08877500 -0.02422400
v -0.00003800 -0.08877500 -0.02422400
v -0.00003800 -0.08877500 -0.02422400
v -0.00003800 -0.08877500 -0.02422400
v -0.00003800 -0.08877500 -0.02422400
v -0.00327100 -0.08811600 -0.01677500
v -0.00327100 -0.08811600 -0.01677500
v -0.00327100 -0.08811600 -0.01677500
v -0.00327100 -0.08811600 -0.01677500
v -0.00327100 -0.08811600 -0.01677500
v -0.00327100 -0.08811600 -0.01677500
v -0.00327100 -0.08811600 -0.01677500
v -0.00011800 -0.08847100 -0.02467100
v -0.00011800 -0.08847100 -0.02467100
v -0.00011800 -0.08847100 -0.02467100
v -0.00011800 -0.08847100 -0.02467100
v -0.00011800 -0.08847100 -0.02467100
v -0.00177400 -0.07581700 -0.02527900
v -0.00177400 -0.07581700 -0.02527900
v -0.00177400 -0.07581700 -0.02527900
v -0.00177400 -0.07581700 -0.02527900
v -0.00177400 -0.07581700 -0.02527900
v -0.00177400 -0.07581700 -0.02527900
v 0.00088700 -0.07581900 -0.02550400
v 0.00088700 -0.07581900 -0.02550400
v 0.00088700 -0.07581900 -0.02550400
v 0.00088700 -0.07581900 -0.02550400
v 0.00088700 -0.07581900 -0.02550400
v -0.00334000 -0.07581200 -0.02441100
v -0.00334000 -0.07581200 -0.02441100
v -0.00334000 -0.07581200 -0.02441100
v -0.00334000 -0.07581200 -0.02441100
v -0.00334000 -0.07581200 -0.02441100
v -0.00334000 -0.07581200 -0.02441100
v -0.00334000 -0.07581200 -0.02441100
v -0.00334000 -0.07581200 -0.02441100
v -0.00523500 -0.07581100 -0.01885400
v -0.00523500 -0.07581100 -0.01885400
v -0.00523500 -0.07581100 -0.01885400
v -0.00523500 -0.07581100 -0.01885400
v -0.00523500 -0.07581100 -0.01885400
v -0.00523500 -0.07581100 -0.01885400
v -0.00490800 -0.07582500 -0.01788500
v -0.00490800 -0.07582500 -0.01788500
v -0.00490800 -0.07582500 -0.01788500
v -0.00490800 -0.07582500 -0.01788500
v -0.00490800 -0.07582500 -0.01788500
v -0.00490800 -0.07582500 -0.01788500
v -0.00490800 -0.07582500 -0.01788500
v -0.00389300 -0.07581800 -0.01643800
v -0.00389300 -0.07581800 -0.01643800
v -0.00389300 -0.07581800 -0.01643800
v -0.00389300 -0.07581800 -0.01643800
v -0.00389300 -0.07581800 -0.01643800
v -0.00389300 -0.07581800 -0.01643800
v -0.00389300 -0.07581800 -0.01643800
v 0.00311700 -0.07938400 -0.02500400
v 0.00311700 -0.07938400 -0.02500400
v 0.00311700 -0.07938400 -0.02500400
v 0.00311700 -0.07938400 -0.02500400
v 0.00311700 -0.07938400 -0.02500400
v 0.00289900 -0.07745600 -0.02497500
v 0.00289900 -0.07745600 -0.02497500
v 0.00289900 -0.07745600 -0.02497500
v 0.00289900 -0.07745600 -0.02497500
v 0.00289900 -0.07745600 -0.02497500
v 0.00289900 -0.07745600 -0.02497500
v 0.00289900 -0.07745600 -0.02497500
v 0.00289900 -0.07745600 -0.02497500
v 0.00289900 -0.07745600 -0.02497500
v 0.00263200 -0.07688100 -0.02506000
v 0.00263200 -0.07688100 -0.02506000
v 0.00263200 -0.07688100 -0.02506000
v 0.00263200 -0.07688100 -0.02506000
v 0.00263200 -0.07688100 -0.02506000
v -0.00481200 -0.07812300 -0.02316600
v -0.00481200 -0.07812300 -0.02316600
v -0.00481200 -0.07812300 -0.02316600
v -0.00481200 -0.07812300 -0.02316600
v -0.00481200 -0.07812300 -0.02316600
v 0.00515300 -0.07867000 -0.01773700
v 0.00515300 -0.07867000 -0.01773700
v 0.00515300 -0.07867000 -0.01773700
v 0.00515300 -0.07867000 -0.01773700
v 0.00515300 -0.07867000 -0.01773700
v 0.00520900 -0.07967300 -0.01775600
v 0.00520900 -0.07967300 -0.01775600
v 0.00520900 -0.07967300 -0.01775600
v -0.00049800 -0.08108400 -0.02588800
v -0.00049800 -0.08108400 -0.02588800
v -0.00049800 -0.08108400 -0.02588800
v -0.00018900 -0.07696000 -0.02572600
v -0.00018900 -0.07696000 -0.02572600
v -0.00018900 -0.07696000 -0.02572600
v -0.00018900 -0.07696000 -0.02572600
v -0.00018900 -0.07696000 -0.02572600
v -0.00018900 -0.07696000 -0.02572600
v -0.00049900 -0.07990000 -0.02589000
v -0.00049900 -0.07990000 -0.02589000
v -0.00049900 -0.07990000 -0.02589000
v -0.00049900 -0.07990000 -0.02589000
v -0.00049900 -0.07990000 -0.02589000
v -0.00244700 -0.07870500 -0.01503300
v -0.00244700 -0.07870500 -0.01503300
v -0.00244700 -0.07870500 -0.01503300
v -0.00244700 -0.07870500 -0.01503300
v -0.00241900 -0.08008700 -0.01495700
v -0.00241900 -0.08008700 -0.01495700
v -0.00241900 -0.08008700 -0.01495700
v -0.00241900 -0.08008700 -0.01495700
v -0.00321800 -0.08232500 -0.02485500
v -0.00321800 -0.08232500 -0.02485500
v -0.00321800 -0.08232500 -0.02485500
v -0.00321800 -0.08232500 -0.02485500
v -0.00321800 -0.08232500 -0.02485500
v 0.00323400 -0.07815800 -0.01550200
v 0.00323400 -0.07815800 -0.01550200
v 0.00323400 -0.07815800 -0.01550200
v 0.00323400 -0.07815800 -0.01550200
v 0.00323400 -0.07815800 -0.01550200
v 0.00327400 -0.07922500 -0.01547700
v 0.00327400 -0.07922500 -0.01547700
v 0.00327400 -0.07922500 -0.01547700
v 0.00327400 -0.07922500 -0.01547700
v 0.00046000 -0.07579400 -0.01539100
v 0.00046000 -0.07579400 -0.01539100
v 0.00046000 -0.07579400 -0.01539100
v 0.00046000 -0.07579400 -0.01539100
v 0.00046000 -0.07579400 -0.01539100
v 0.00046000 -0.07579400 -0.01539100
v 0.00046000 -0.07579400 -0.01539100
v 0.00046000 -0.07579400 -0.01539100
v 0.00246900 -0.07579400 -0.01608900
v 0.00246900 -0.07579400 -0.01608900
v 0.00246900 -0.07579400 -0.01608900
v 0.00246900 -0.07579400 -0.01608900
v 0.00246900 -0.07579400 -0.01608900
v 0.00246900 -0.07579400 -0.01608900
v 0.00388900 -0.07579400 -0.01738200
v 0.00388900 -0.07579400 -0.01738200
v 0.00388900 -0.07579400 -0.01738200
v 0.00388900 -0.07579400 -0.01738200
v 0.00388900 -0.07579400 -0.01738200
v 0.00388900 -0.07579400 -0.01738200
v 0.00388900 -0.07579400 -0.01738200
v 0.00388900 -0.07579400 -0.01738200
v -0.00225900 -0.07579400 -0.01591000
v -0.00225900 -0.07579400 -0.01591000
v -0.00225900 -0.07579400 -0.01591000
v -0.00225900 -0.07579400 -0.01591000
v -0.00225900 -0.07579400 -0.01591000
v -0.00225900 -0.07579400 -0.01591000
v -0.00225900 -0.07579400 -0.01591000
v -0.00225900 -0.07579400 -0.01591000
v -0.00225900 -0.07579400 -0.01591000
v 0.00465900 -0.07579400 -0.01913500
v 0.00465900 -0.07579400 -0.01913500
v 0.00465900 -0.07579400 -0.01913500
v 0.00465900 -0.07579400 -0.01913500
v 0.00465900 -0.07579400 -0.01913500
v 0.00465900 -0.07579400 -0.01913500
v -0.00421700 -0.07579400 -0.01787100
v -0.00421700 -0.07579400 -0.01787100
v -0.00421700 -0.07579400 -0.01787100
v -0.00421700 -0.07579400 -0.01787100
v -0.00421700 -0.07579400 -0.01787100
v -0.00421700 -0.07579400 -0.01787100
v -0.00421700 -0.07579400 -0.01787100
v 0.00472700 -0.07579400 -0.02083800
v 0.00472700 -0.07579400 -0.02083800
v 0.00472700 -0.07579400 -0.02083800
v 0.00472700 -0.07579400 -0.02083800
v 0.00472700 -0.07579400 -0.02083800
v 0.00472700 -0.07579400 -0.02083800
v 0.00419300 -0.07579400 -0.02245700
v 0.00419300 -0.07579400 -0.02245700
v 0.00419300 -0.07579400 -0.02245700
v 0.00419300 -0.07579400 -0.02245700
v 0.00419300 -0.07579400 -0.02245700
v 0.00419300 -0.07579400 -0.02245700
v 0.00419300 -0.07579400 -0.02245700
v 0.00419300 -0.07579400 -0.02245700
v -0.00480800 -0.07579400 -0.02057600
v -0.00480800 -0.07579400 -0.02057600
v -0.00480800 -0.07579400 -0.02057600
v -0.00480800 -0.07579400 -0.02057600
v -0.00480800 -0.07579400 -0.02057600
v -0.00480800 -0.07579400 -0.02057600
v -0.00480800 -0.07579400 -0.02057600
v -0.00480800 -0.07579400 -0.02057600
v -0.00480800 -0.07579400 -0.02057600
v 0.00280100 -0.07579400 -0.02407900
v 0.00280100 -0.07579400 -0.02407900
v 0.00280100 -0.07579400 -0.02407900
v 0.00280100 -0.07579400 -0.02407900
v 0.00280100 -0.07579400 -0.02407900
v 0.00280100 -0.07579400 -0.02407900
v 0.00280100 -0.07579400 -0.02407900
v -0.00399600 -0.07579400 -0.02278400
v -0.00399600 -0.07579400 -0.02278400
v -0.00399600 -0.07579400 -0.02278400
v -0.00399600 -0.07579400 -0.02278400
v -0.00399600 -0.07579400 -0.02278400
v -0.00399600 -0.07579400 -0.02278400
v 0.00018600 -0.07579400 -0.02499600
v 0.00018600 -0.07579400 -0.02499600
v 0.00018600 -0.07579400 -0.02499600
v 0.00018600 -0.07579400 -0.02499600
v 0.00018600 -0.07579400 -0.02499600
v 0.00018600 -0.07579400 -0.02499600
v 0.00018600 -0.07579400 -0.02499600
v 0.00018600 -0.07579400 -0.02499600
v 0.00018600 -0.07579400 -0.02499600
v -0.00248900 -0.07579400 -0.02428400
v -0.00248900 -0.07579400 -0.02428400
v -0.00248900 -0.07579400 -0.02428400
v -0.00248900 -0.07579400 -0.02428400
v -0.00248900 -0.07579400 -0.02428400
v -0.00248900 -0.07579400 -0.02428400
v -0.00248900 -0.07579400 -0.02428400
v -0.00323200 -0.07149900 -0.02370300
v -0.00323200 -0.07149900 -0.02370300
v -0.00323200 -0.07149900 -0.02370300
v -0.00323200 -0.07149900 -0.02370300
v -0.00323200 -0.07149900 -0.02370300
v -0.00200000 -0.07149700 -0.01586000
v -0.00200000 -0.07149700 -0.01586000
v -0.00200000 -0.07149700 -0.01586000
v -0.00200000 -0.07149700 -0.01586000
v -0.00200000 -0.07149700 -0.01586000
v -0.00200000 -0.07149700 -0.01586000
v -0.00337700 -0.07150400 -0.01681600
v -0.00337700 -0.07150400 -0.01681600
v -0.00337700 -0.07150400 -0.01681600
v -0.00337700 -0.07150400 -0.01681600
v -0.00337700 -0.07150400 -0.01681600
v -0.00337700 -0.07150400 -0.01681600
v -0.00169800 -0.07150600 -0.02460400
v -0.00169800 -0.07150600 -0.02460400
v -0.00169800 -0.07150600 -0.02460400
v -0.00169800 -0.07150600 -0.02460400
v -0.00169800 -0.07150600 -0.02460400
v -0.00169800 -0.07150600 -0.02460400
v -0.00169800 -0.07150600 -0.02460400
v -0.00432900 -0.07150500 -0.01818900
v -0.00432900 -0.07150500 -0.01818900
v -0.00432900 -0.07150500 -0.01818900
v -0.00432900 -0.07150500 -0.01818900
v -0.00432900 -0.07150500 -0.01818900
v -0.00432900 -0.07150500 -0.01818900
v -0.00432900 -0.07150500 -0.01818900
v -0.00475600 -0.07150200 -0.02024700
v -0.00475600 -0.07150200 -0.02024700
v -0.00475600 -0.07150200 -0.02024700
v -0.00475600 -0.07150200 -0.02024700
v -0.00475600 -0.07150200 -0.02024700
v -0.00475600 -0.07150200 -0.02024700
v 0.00130200 -0.07151300 -0.02474200
v 0.00130200 -0.07151300 -0.02474200
v 0.00130200 -0.07151300 -0.02474200
v 0.00130200 -0.07151300 -0.02474200
v 0.00130200 -0.07151300 -0.02474200
v 0.00130200 -0.07151300 -0.02474200
v 0.00130200 -0.07151300 -0.02474200
v 0.00319200 -0.07150500 -0.02377100
v 0.00319200 -0.07150500 -0.02377100
v 0.00319200 -0.07150500 -0.02377100
v 0.00319200 -0.07150500 -0.02377100
v 0.00319200 -0.07150500 -0.02377100
v -0.00434600 -0.07150100 -0.02213900
v -0.00434600 -0.07150100 -0.02213900
v -0.00434600 -0.07150100 -0.02213900
v -0.00434600 -0.07150100 -0.02213900
v -0.00434600 -0.07150100 -0.02213900
v -0.00434600 -0.07150100 -0.02213900
v -0.00439800 -0.07136200 -0.02097800
v -0.00439800 -0.07136200 -0.02097800
v -0.00439800 -0.07136200 -0.02097800
v -0.00439800 -0.07136200 -0.02097800
v -0.00439800 -0.07136200 -0.02097800
v -0.00439800 -0.07136200 -0.02097800
v -0.00372000 -0.07094100 -0.01789300
v -0.00372000 -0.07094100 -0.01789300
v -0.00372000 -0.07094100 -0.01789300
v -0.00372000 -0.07094100 -0.01789300
v -0.00372000 -0.07094100 -0.01789300
v -0.00372000 -0.07094100 -0.01789300
v -0.00159900 -0.07068500 -0.02466200
v -0.00159900 -0.07068500 -0.02466200
v -0.00159900 -0.07068500 -0.02466200
v -0.00159900 -0.07068500 -0.02466200
v -0.00159900 -0.07068500 -0.02466200
v -0.00159900 -0.07068500 -0.02466200
v -0.00159900 -0.07068500 -0.02466200
v -0.00159900 -0.07068500 -0.02466200
v -0.00421100 -0.07098600 -0.02122100
v -0.00421100 -0.07098600 -0.02122100
v -0.00421100 -0.07098600 -0.02122100
v -0.00421100 -0.07098600 -0.02122100
v -0.00421100 -0.07098600 -0.02122100
v -0.00421100 -0.07098600 -0.02122100
v -0.00421100 -0.07098600 -0.02122100
v 0.00130900 -0.07121600 -0.02433200
v 0.00130900 -0.07121600 -0.02433200
v 0.00130900 -0.07121600 -0.02433200
v 0.00130900 -0.07121600 -0.02433200
v 0.00130900 -0.07121600 -0.02433200
v 0.00130900 -0.07121600 -0.02433200
v 0.00130900 -0.07121600 -0.02433200
v 0.00240300 -0.07112400 -0.02379600
v 0.00240300 -0.07112400 -0.02379600
v 0.00240300 -0.07112400 -0.02379600
v 0.00240300 -0.07112400 -0.02379600
v -0.00381400 -0.07132500 -0.01793000
v -0.00381400 -0.07132500 -0.01793000
v -0.00381400 -0.07132500 -0.01793000
v -0.00381400 -0.07132500 -0.01793000
v -0.00381400 -0.07132500 -0.01793000
v -0.00150900 -0.07086900 -0.02433800
v -0.00150900 -0.07086900 -0.02433800
v -0.00150900 -0.07086900 -0.02433800
v -0.00150900 -0.07086900 -0.02433800
v -0.00150900 -0.07086900 -0.02433800
v -0.00150900 -0.07086900 -0.02433800
v -0.00165700 -0.07121500 -0.02420000
v -0.00165700 -0.07121500 -0.02420000
v -0.00165700 -0.07121500 -0.02420000
v -0.00165700 -0.07121500 -0.02420000
v -0.00165700 -0.07121500 -0.02420000
v -0.00165700 -0.07121500 -0.02420000
v -0.00463500 -0.07068100 -0.02127700
v -0.00463500 -0.07068100 -0.02127700
v -0.00463500 -0.07068100 -0.02127700
v -0.00463500 -0.07068100 -0.02127700
v -0.00463500 -0.07068100 -0.02127700
v -0.00463500 -0.07068100 -0.02127700
v -0.00463500 -0.07068100 -0.02127700
v 0.00282500 -0.07140700 -0.02370100
v 0.00282500 -0.07140700 -0.02370100
v 0.00282500 -0.07140700 -0.02370100
v 0.00282500 -0.07140700 -0.02370100
v 0.00282500 -0.07140700 -0.02370100
v 0.00282500 -0.07140700 -0.02370100
v 0.00282500 -0.07140700 -0.02370100
v -0.00448000 -0.07067900 -0.01850900
v -0.00448000 -0.07067900 -0.01850900
v -0.00448000 -0.07067900 -0.01850900
v -0.00448000 -0.07067900 -0.01850900
v -0.00448000 -0.07067900 -0.01850900
v -0.00448000 -0.07067900 -0.01850900
v -0.00409900 -0.07068200 -0.02256300
v -0.00409900 -0.07068200 -0.02256300
v -0.00409900 -0.07068200 -0.02256300
v -0.00409900 -0.07068200 -0.02256300
v -0.00409900 -0.07068200 -0.02256300
v -0.00388900 -0.07106800 -0.02213200
v -0.00388900 -0.07106800 -0.02213200
v -0.00388900 -0.07106800 -0.02213200
v -0.00388900 -0.07106800 -0.02213200
v -0.00359700 -0.07093600 -0.02266600
v -0.00359700 -0.07093600 -0.02266600
v -0.00359700 -0.07093600 -0.02266600
v -0.00359700 -0.07093600 -0.02266600
v -0.00359700 -0.07093600 -0.02266600
v -0.00359700 -0.07093600 -0.02266600
v -0.00085600 -0.07125100 -0.02445600
v -0.00085600 -0.07125100 -0.02445600
v -0.00085600 -0.07125100 -0.02445600
v -0.00085600 -0.07125100 -0.02445600
v -0.00085600 -0.07125100 -0.02445600
v -0.00414500 -0.07122700 -0.01883600
v -0.00414500 -0.07122700 -0.01883600
v -0.00414500 -0.07122700 -0.01883600
v -0.00414500 -0.07122700 -0.01883600
v -0.00414500 -0.07122700 -0.01883600
v -0.00414500 -0.07122700 -0.01883600
v -0.00433400 -0.07086200 -0.01922800
v -0.00433400 -0.07086200 -0.01922800
v -0.00433400 -0.07086200 -0.01922800
v -0.00433400 -0.07086200 -0.01922800
v -0.00433400 -0.07086200 -0.01922800
v -0.00433400 -0.07086200 -0.01922800
v -0.00004900 -0.07106100 -0.02454400
v -0.00004900 -0.07106100 -0.02454400
v -0.00004900 -0.07106100 -0.02454400
v -0.00004900 -0.07106100 -0.02454400
v -0.00004900 -0.07106100 -0.02454400
v -0.00018700 -0.07069400 -0.02493100
v -0.00018700 -0.07069400 -0.02493100
v -0.00018700 -0.07069400 -0.02493100
v -0.00018700 -0.07069400 -0.02493100
v -0.00037400 -0.07150200 -0.02491000
v -0.00037400 -0.07150200 -0.02491000
v -0.00037400 -0.07150200 -0.02491000
v -0.00037400 -0.07150200 -0.02491000
v -0.00037400 -0.07150200 -0.02491000
v -0.00037400 -0.07150200 -0.02491000
v -0.00473200 -0.07068200 -0.01987200
v -0.00473200 -0.07068200 -0.01987200
v -0.00473200 -0.07068200 -0.01987200
v -0.00473200 -0.07068200 -0.01987200
v -0.00473200 -0.07068200 -0.01987200
v -0.00473200 -0.07068200 -0.01987200
v -0.00358400 -0.07140000 -0.02292300
v -0.00358400 -0.07140000 -0.02292300
v -0.00358400 -0.07140000 -0.02292300
v -0.00358400 -0.07140000 -0.02292300
v -0.00358400 -0.07140000 -0.02292300
v -0.00358400 -0.07140000 -0.02292300
v -0.00358400 -0.07140000 -0.02292300
v -0.00312000 -0.07067600 -0.02377700
v -0.00312000 -0.07067600 -0.02377700
v -0.00312000 -0.07067600 -0.02377700
v -0.00312000 -0.07067600 -0.02377700
v -0.00312000 -0.07067600 -0.02377700
v 0.00027200 -0.07075600 -0.02471200
v 0.00027200 -0.07075600 -0.02471200
v 0.00027200 -0.07075600 -0.02471200
v 0.00027200 -0.07075600 -0.02471200
v 0.00027200 -0.07075600 -0.02471200
v 0.00027200 -0.07075600 -0.02471200
v 0.00027200 -0.07075600 -0.02471200
v -0.00429800 -0.07116800 -0.01947800
v -0.00429800 -0.07116800 -0.01947800
v -0.00429800 -0.07116800 -0.01947800
v -0.00429800 -0.07116800 -0.01947800
v -0.00429800 -0.07116800 -0.01947800
v -0.00264400 -0.07069500 -0.01621800
v -0.00264400 -0.07069500 -0.01621800
v -0.00264400 -0.07069500 -0.01621800
v -0.00351200 -0.07068200 -0.01697100
v -0.00351200 -0.07068200 -0.01697100
v -0.00351200 -0.07068200 -0.01697100
v -0.00351200 -0.07068200 -0.01697100
v -0.00351200 -0.07068200 -0.01697100
v -0.00351200 -0.07068200 -0.01697100
v -0.00351200 -0.07068200 -0.01697100
v 0.00020400 -0.07132600 -0.02459600
v 0.00020400 -0.07132600 -0.02459600
v 0.00020400 -0.07132600 -0.02459600
v 0.00020400 -0.07132600 -0.02459600
v 0.00020400 -0.07132600 -0.02459600
v -0.00298200 -0.07094600 -0.01698100
v -0.00298200 -0.07094600 -0.01698100
v -0.00298200 -0.07094600 -0.01698100
v -0.00298200 -0.07094600 -0.01698100
v -0.00298200 -0.07094600 -0.01698100
v -0.00298200 -0.07094600 -0.01698100
v -0.00190900 -0.07094400 -0.01623700
v -0.00190900 -0.07094400 -0.01623700
v -0.00190900 -0.07094400 -0.01623700
v -0.00190900 -0.07094400 -0.01623700
v -0.00190900 -0.07094400 -0.01623700
v -0.00190900 -0.07094400 -0.01623700
v -0.00190900 -0.07094400 -0.01623700
v 0.00131300 -0.07068300 -0.02475900
v 0.00131300 -0.07068300 -0.02475900
v 0.00131300 -0.07068300 -0.02475900
v 0.00131300 -0.07068300 -0.02475900
v 0.00131300 -0.07068300 -0.02475900
v 0.00131300 -0.07068300 -0.02475900
v -0.00289200 -0.07132700 -0.02353700
v -0.00289200 -0.07132700 -0.02353700
v -0.00289200 -0.07132700 -0.02353700
v -0.00289200 -0.07132700 -0.02353700
v -0.00289200 -0.07132700 -0.02353700
v -0.00289200 -0.07132700 -0.02353700
v -0.00295300 -0.07132500 -0.01686500
v -0.00295300 -0.07132500 -0.01686500
v -0.00295300 -0.07132500 -0.01686500
v -0.00295300 -0.07132500 -0.01686500
v -0.00295300 -0.07132500 -0.01686500
v -0.00295300 -0.07132500 -0.01686500
v -0.00176300 -0.07131800 -0.01611900
v -0.00176300 -0.07131800 -0.01611900
v -0.00176300 -0.07131800 -0.01611900
v -0.00176300 -0.07131800 -0.01611900
v -0.00176300 -0.07131800 -0.01611900
v -0.00269400 -0.07095000 -0.02360900
v -0.00269400 -0.07095000 -0.02360900
v -0.00269400 -0.07095000 -0.02360900
v -0.00269400 -0.07095000 -0.02360900
v -0.00269400 -0.07095000 -0.02360900
v -0.00269400 -0.07095000 -0.02360900
v -0.00269400 -0.07095000 -0.02360900
v -0.00435400 -0.07094300 -0.02039700
v -0.00435400 -0.07094300 -0.02039700
v -0.00435400 -0.07094300 -0.02039700
v -0.00435400 -0.07094300 -0.02039700
v -0.00435400 -0.07094300 -0.02039700
v 0.00276700 -0.07069000 -0.02404400
v 0.00276700 -0.07069000 -0.02404400
v 0.00276700 -0.07069000 -0.02404400
v 0.00276700 -0.07069000 -0.02404400
v 0.00276700 -0.07069000 -0.02404400
v 0.00276700 -0.07069000 -0.02404400
v 0.00276700 -0.07069000 -0.02404400
v 0.00213700 -0.07084500 -0.02409700
v 0.00213700 -0.07084500 -0.02409700
v 0.00213700 -0.07084500 -0.02409700
v 0.00213700 -0.07084500 -0.02409700
v 0.00213700 -0.07084500 -0.02409700
v 0.00213700 -0.07084500 -0.02409700
v 0.00213700 -0.07084500 -0.02409700
v 0.00208300 -0.06880800 -0.02452900
v 0.00208300 -0.06880800 -0.02452900
v 0.00208300 -0.06880800 -0.02452900
v 0.00208300 -0.06880800 -0.02452900
v 0.00208300 -0.06880800 -0.02452900
v 0.00208300 -0.06880800 -0.02452900
v -0.00471400 -0.06880100 -0.02107100
v -0.00471400 -0.06880100 -0.02107100
v -0.00471400 -0.06880100 -0.02107100
v -0.00471400 -0.06880100 -0.02107100
v -0.00471400 -0.06880100 -0.02107100
v -0.00262700 -0.06880400 -0.01612200
v -0.00262700 -0.06880400 -0.01612200
v -0.00262700 -0.06880400 -0.01612200
v -0.00262700 -0.06880400 -0.01612200
v -0.00262700 -0.06880400 -0.01612200
v -0.00262700 -0.06880400 -0.01612200
v -0.00262700 -0.06880400 -0.01612200
v -0.00262700 -0.06880400 -0.01612200
v -0.00415100 -0.06880600 -0.02260900
v -0.00415100 -0.06880600 -0.02260900
v -0.00415100 -0.06880600 -0.02260900
v -0.00415100 -0.06880600 -0.02260900
v -0.00415100 -0.06880600 -0.02260900
v -0.00415100 -0.06880600 -0.02260900
v -0.00415100 -0.06880600 -0.02260900
v -0.00296900 -0.06880300 -0.02394700
v -0.00296900 -0.06880300 -0.02394700
v -0.00296900 -0.06880300 -0.02394700
v -0.00296900 -0.06880300 -0.02394700
v -0.00296900 -0.06880300 -0.02394700
v -0.00296900 -0.06880300 -0.02394700
v -0.00296900 -0.06880300 -0.02394700
v -0.00394800 -0.06879600 -0.01745000
v -0.00394800 -0.06879600 -0.01745000
v -0.00394800 -0.06879600 -0.01745000
v -0.00394800 -0.06879600 -0.01745000
v -0.00394800 -0.06879600 -0.01745000
v -0.00394800 -0.06879600 -0.01745000
v -0.00394800 -0.06879600 -0.01745000
v -0.00178700 -0.06879800 -0.02464800
v -0.00178700 -0.06879800 -0.02464800
v -0.00178700 -0.06879800 -0.02464800
v -0.00178700 -0.06879800 -0.02464800
v -0.00474500 -0.06881300 -0.01917300
v -0.00474500 -0.06881300 -0.01917300
v -0.00474500 -0.06881300 -0.01917300
v -0.00474500 -0.06881300 -0.01917300
v -0.00474500 -0.06881300 -0.01917300
v -0.00474500 -0.06881300 -0.01917300
v -0.00474500 -0.06881300 -0.01917300
v -0.00012100 -0.06879900 -0.02501800
v -0.00012100 -0.06879900 -0.02501800
v -0.00012100 -0.06879900 -0.02501800
v -0.00012100 -0.06879900 -0.02501800
v -0.00012100 -0.06879900 -0.02501800
v -0.00012100 -0.06879900 -0.02501800
v -0.00012100 -0.06879900 -0.02501800
v -0.00427700 -0.06816300 -0.02163300
v -0.00427700 -0.06816300 -0.02163300
v -0.00427700 -0.06816300 -0.02163300
v -0.00427700 -0.06816300 -0.02163300
v -0.00427700 -0.06816300 -0.02163300
v -0.00427700 -0.06816300 -0.02163300
v -0.00427700 -0.06816300 -0.02163300
v -0.00405400 -0.06807200 -0.01803300
v -0.00405400 -0.06807200 -0.01803300
v -0.00405400 -0.06807200 -0.01803300
v -0.00405400 -0.06807200 -0.01803300
v -0.00405400 -0.06807200 -0.01803300
v -0.00405400 -0.06807200 -0.01803300
v -0.00405400 -0.06807200 -0.01803300
v -0.00405400 -0.06807200 -0.01803300
v -0.00196900 -0.06825600 -0.02416200
v -0.00196900 -0.06825600 -0.02416200
v -0.00196900 -0.06825600 -0.02416200
v -0.00196900 -0.06825600 -0.02416200
v -0.00196900 -0.06825600 -0.02416200
v -0.00196900 -0.06825600 -0.02416200
v -0.00250200 -0.06858200 -0.02392000
v -0.00250200 -0.06858200 -0.02392000
v -0.00250200 -0.06858200 -0.02392000
v -0.00250200 -0.06858200 -0.02392000
v -0.00250200 -0.06858200 -0.02392000
v -0.00367300 -0.06851200 -0.01767800
v -0.00367300 -0.06851200 -0.01767800
v -0.00367300 -0.06851200 -0.01767800
v -0.00367300 -0.06851200 -0.01767800
v -0.00367300 -0.06851200 -0.01767800
v -0.00453000 -0.06864100 -0.02040300
v -0.00453000 -0.06864100 -0.02040300
v -0.00453000 -0.06864100 -0.02040300
v -0.00453000 -0.06864100 -0.02040300
v -0.00453000 -0.06864100 -0.02040300
v -0.00453000 -0.06864100 -0.02040300
v 0.00246300 -0.06853000 -0.02387300
v 0.00246300 -0.06853000 -0.02387300
v 0.00246300 -0.06853000 -0.02387300
v 0.00246300 -0.06853000 -0.02387300
v 0.00246300 -0.06853000 -0.02387300
v 0.00246300 -0.06853000 -0.02387300
v 0.00175300 -0.06826600 -0.02426300
v 0.00175300 -0.06826600 -0.02426300
v 0.00175300 -0.06826600 -0.02426300
v 0.00175300 -0.06826600 -0.02426300
v 0.00175300 -0.06826600 -0.02426300
v 0.00175300 -0.06826600 -0.02426300
v -0.00426800 -0.06854500 -0.02140700
v -0.00426800 -0.06854500 -0.02140700
v -0.00426800 -0.06854500 -0.02140700
v -0.00426800 -0.06854500 -0.02140700
v -0.00426800 -0.06854500 -0.02140700
v -0.00426800 -0.06854500 -0.02140700
v -0.00165300 -0.06799100 -0.02473900
v -0.00165300 -0.06799100 -0.02473900
v -0.00165300 -0.06799100 -0.02473900
v -0.00165300 -0.06799100 -0.02473900
v -0.00165300 -0.06799100 -0.02473900
v -0.00165300 -0.06799100 -0.02473900
v -0.00165300 -0.06799100 -0.02473900
v -0.00113400 -0.06811600 -0.02457600
v -0.00113400 -0.06811600 -0.02457600
v -0.00113400 -0.06811600 -0.02457600
v -0.00113400 -0.06811600 -0.02457600
v -0.00113400 -0.06811600 -0.02457600
v -0.00113400 -0.06811600 -0.02457600
v -0.00113400 -0.06811600 -0.02457600
v -0.00431700 -0.06799500 -0.01790600
v -0.00431700 -0.06799500 -0.01790600
v -0.00431700 -0.06799500 -0.01790600
v -0.00431700 -0.06799500 -0.01790600
v -0.00431700 -0.06799500 -0.01790600
v -0.00431700 -0.06799500 -0.01790600
v -0.00403600 -0.06798200 -0.02289400
v -0.00403600 -0.06798200 -0.02289400
v -0.00403600 -0.06798200 -0.02289400
v -0.00403600 -0.06798200 -0.02289400
v -0.00403600 -0.06798200 -0.02289400
v -0.00403600 -0.06798200 -0.02289400
v -0.00403600 -0.06798200 -0.02289400
v -0.00040800 -0.06799500 -0.02503400
v -0.00040800 -0.06799500 -0.02503400
v -0.00040800 -0.06799500 -0.02503400
v -0.00040800 -0.06799500 -0.02503400
v -0.00483700 -0.06799000 -0.01956000
v -0.00483700 -0.06799000 -0.01956000
v -0.00483700 -0.06799000 -0.01956000
v -0.00483700 -0.06799000 -0.01956000
v -0.00483700 -0.06799000 -0.01956000
v -0.00483700 -0.06799000 -0.01956000
v -0.00427400 -0.06858400 -0.01887800
v -0.00427400 -0.06858400 -0.01887800
v -0.00427400 -0.06858400 -0.01887800
v -0.00427400 -0.06858400 -0.01887800
v -0.00427400 -0.06858400 -0.01887800
v -0.00427400 -0.06858400 -0.01887800
v -0.00335800 -0.06822600 -0.02312500
v -0.00335800 -0.06822600 -0.02312500
v -0.00335800 -0.06822600 -0.02312500
v -0.00335800 -0.06822600 -0.02312500
v -0.00335800 -0.06822600 -0.02312500
v -0.00335800 -0.06822600 -0.02312500
v -0.00079100 -0.06871100 -0.02469600
v -0.00079100 -0.06871100 -0.02469600
v -0.00079100 -0.06871100 -0.02469600
v -0.00079100 -0.06871100 -0.02469600
v -0.00079100 -0.06871100 -0.02469600
v -0.00079100 -0.06871100 -0.02469600
v -0.00079100 -0.06871100 -0.02469600
v -0.00079100 -0.06871100 -0.02469600
v -0.00065600 -0.06841400 -0.02455800
v -0.00065600 -0.06841400 -0.02455800
v -0.00065600 -0.06841400 -0.02455800
v -0.00065600 -0.06841400 -0.02455800
v -0.00311600 -0.06805900 -0.02354400
v -0.00311600 -0.06805900 -0.02354400
v -0.00311600 -0.06805900 -0.02354400
v -0.00311600 -0.06805900 -0.02354400
v -0.00311600 -0.06805900 -0.02354400
v -0.00374300 -0.06860400 -0.02268000
v -0.00374300 -0.06860400 -0.02268000
v -0.00374300 -0.06860400 -0.02268000
v -0.00374300 -0.06860400 -0.02268000
v -0.00374300 -0.06860400 -0.02268000
v -0.00374300 -0.06860400 -0.02268000
v -0.00450600 -0.06810400 -0.01951800
v -0.00450600 -0.06810400 -0.01951800
v -0.00450600 -0.06810400 -0.01951800
v -0.00450600 -0.06810400 -0.01951800
v -0.00450600 -0.06810400 -0.01951800
v -0.00450600 -0.06810400 -0.01951800
v 0.00086900 -0.06799100 -0.02495200
v 0.00086900 -0.06799100 -0.02495200
v 0.00086900 -0.06799100 -0.02495200
v 0.00086900 -0.06799100 -0.02495200
v 0.00086900 -0.06799100 -0.02495200
v 0.00086900 -0.06799100 -0.02495200
v -0.00009400 -0.06810300 -0.02472000
v -0.00009400 -0.06810300 -0.02472000
v -0.00009400 -0.06810300 -0.02472000
v -0.00009400 -0.06810300 -0.02472000
v -0.00009400 -0.06810300 -0.02472000
v -0.00437400 -0.06841600 -0.01943500
v -0.00437400 -0.06841600 -0.01943500
v -0.00437400 -0.06841600 -0.01943500
v -0.00437400 -0.06841600 -0.01943500
v -0.00437400 -0.06841600 -0.01943500
v 0.00235100 -0.06798900 -0.02445800
v 0.00235100 -0.06798900 -0.02445800
v 0.00235100 -0.06798900 -0.02445800
v 0.00235100 -0.06798900 -0.02445800
v 0.00235100 -0.06798900 -0.02445800
v 0.00235100 -0.06798900 -0.02445800
v 0.00048400 -0.06850500 -0.02459200
v 0.00048400 -0.06850500 -0.02459200
v 0.00048400 -0.06850500 -0.02459200
v 0.00048400 -0.06850500 -0.02459200
v 0.00048400 -0.06850500 -0.02459200
v 0.00048400 -0.06850500 -0.02459200
v 0.00048400 -0.06850500 -0.02459200
v -0.00283600 -0.06799300 -0.02414100
v -0.00283600 -0.06799300 -0.02414100
v -0.00283600 -0.06799300 -0.02414100
v -0.00283600 -0.06799300 -0.02414100
v -0.00283600 -0.06799300 -0.02414100
v -0.00283600 -0.06799300 -0.02414100
v -0.00194700 -0.06798800 -0.01571600
v -0.00194700 -0.06798800 -0.01571600
v -0.00194700 -0.06798800 -0.01571600
v -0.00194700 -0.06798800 -0.01571600
v -0.00194700 -0.06798800 -0.01571600
v -0.00325300 -0.06798300 -0.01654400
v -0.00325300 -0.06798300 -0.01654400
v -0.00325300 -0.06798300 -0.01654400
v -0.00325300 -0.06798300 -0.01654400
v -0.00325300 -0.06798300 -0.01654400
v -0.00325300 -0.06798300 -0.01654400
v -0.00325300 -0.06798300 -0.01654400
v -0.00290800 -0.06811200 -0.01665600
v -0.00290800 -0.06811200 -0.01665600
v -0.00290800 -0.06811200 -0.01665600
v -0.00290800 -0.06811200 -0.01665600
v -0.00290800 -0.06811200 -0.01665600
v -0.00290800 -0.06811200 -0.01665600
v -0.00173400 -0.06811100 -0.01597900
v -0.00173400 -0.06811100 -0.01597900
v -0.00173400 -0.06811100 -0.01597900
v -0.00173400 -0.06811100 -0.01597900
v -0.00173400 -0.06811100 -0.01597900
v -0.00173400 -0.06811100 -0.01597900
v -0.00274900 -0.06851200 -0.01667500
v -0.00274900 -0.06851200 -0.01667500
v -0.00274900 -0.06851200 -0.01667500
v -0.00274900 -0.06851200 -0.01667500
v -0.00274900 -0.06851200 -0.01667500
v -0.00474500 -0.06799000 -0.02129500
v -0.00474500 -0.06799000 -0.02129500
v -0.00474500 -0.06799000 -0.02129500
v -0.00474500 -0.06799000 -0.02129500
v -0.00474500 -0.06799000 -0.02129500
v -0.00474500 -0.06799000 -0.02129500
v 0.00116100 -0.06809800 -0.02458500
v 0.00116100 -0.06809800 -0.02458500
v 0.00116100 -0.06809800 -0.02458500
v 0.00116100 -0.06809800 -0.02458500
v 0.00116100 -0.06809800 -0.02458500
v 0.00116100 -0.06809800 -0.02458500
v -0.00169100 -0.06851800 -0.01607400
v -0.00169100 -0.06851800 -0.01607400
v -0.00169100 -0.06851800 -0.01607400
v -0.00169100 -0.06851800 -0.01607400
v -0.00169100 -0.06851800 -0.01607400
v -0.00169100 -0.06851800 -0.01607400
v 0.00105300 -0.06869700 -0.02463000
v 0.00105300 -0.06869700 -0.02463000
v 0.00105300 -0.06869700 -0.02463000
v 0.00105300 -0.06869700 -0.02463000
v 0.00105300 -0.06869700 -0.02463000
v 0.00105300 -0.06869700 -0.02463000
v -0.00441400 -0.06831800 -0.02040400
v -0.00441400 -0.06831800 -0.02040400
v -0.00441400 -0.06831800 -0.02040400
v -0.00441400 -0.06831800 -0.02040400
v -0.00441400 -0.06831800 -0.02040400
v 0.00314500 -0.06802100 -0.02369700
v 0.00314500 -0.06802100 -0.02369700
v 0.00314500 -0.06802100 -0.02369700
v 0.00314500 -0.06802100 -0.02369700
v 0.00314500 -0.06802100 -0.02369700
v 0.00314500 -0.06802100 -0.02369700
v 0.00314500 -0.06802100 -0.02369700
v 0.00314500 -0.06802100 -0.02369700
v 0.00314500 -0.06802100 -0.02369700
v -0.00456800 -0.06610200 -0.02229400
v -0.00456800 -0.06610200 -0.02229400
v -0.00456800 -0.06610200 -0.02229400
v -0.00456800 -0.06610200 -0.02229400
v -0.00456800 -0.06610200 -0.02229400
v -0.00456800 -0.06610200 -0.02229400
v -0.00456800 -0.06610200 -0.02229400
v -0.00356100 -0.06610100 -0.02373500
v -0.00356100 -0.06610100 -0.02373500
v -0.00356100 -0.06610100 -0.02373500
v -0.00356100 -0.06610100 -0.02373500
v -0.00356100 -0.06610100 -0.02373500
v -0.00356100 -0.06610100 -0.02373500
v -0.00356100 -0.06610100 -0.02373500
v 0.00258100 -0.06610600 -0.02452400
v 0.00258100 -0.06610600 -0.02452400
v 0.00258100 -0.06610600 -0.02452400
v 0.00258100 -0.06610600 -0.02452400
v 0.00258100 -0.06610600 -0.02452400
v 0.00258100 -0.06610600 -0.02452400
v 0.00258100 -0.06610600 -0.02452400
v 0.00258100 -0.06610600 -0.02452400
v -0.00361000 -0.06610700 -0.01666500
v -0.00361000 -0.06610700 -0.01666500
v -0.00361000 -0.06610700 -0.01666500
v -0.00361000 -0.06610700 -0.01666500
v -0.00361000 -0.06610700 -0.01666500
v -0.00361000 -0.06610700 -0.01666500
v -0.00361000 -0.06610700 -0.01666500
v -0.00232200 -0.06608900 -0.02462700
v -0.00232200 -0.06608900 -0.02462700
v -0.00232200 -0.06608900 -0.02462700
v -0.00232200 -0.06608900 -0.02462700
v -0.00232200 -0.06608900 -0.02462700
v -0.00232200 -0.06608900 -0.02462700
v -0.00117100 -0.06609800 -0.02508800
v -0.00117100 -0.06609800 -0.02508800
v -0.00117100 -0.06609800 -0.02508800
v -0.00117100 -0.06609800 -0.02508800
v -0.00117100 -0.06609800 -0.02508800
v -0.00491000 -0.06611000 -0.01908500
v -0.00491000 -0.06611000 -0.01908500
v -0.00491000 -0.06611000 -0.01908500
v -0.00491000 -0.06611000 -0.01908500
v -0.00491000 -0.06611000 -0.01908500
v -0.00491000 -0.06611000 -0.01908500
v 0.00056800 -0.06609600 -0.02519200
v 0.00056800 -0.06609600 -0.02519200
v 0.00056800 -0.06609600 -0.02519200
v 0.00056800 -0.06609600 -0.02519200
v 0.00056800 -0.06609600 -0.02519200
v 0.00056800 -0.06609600 -0.02519200
v 0.00056800 -0.06609600 -0.02519200
v -0.00501200 -0.06609700 -0.02067400
v -0.00501200 -0.06609700 -0.02067400
v -0.00501200 -0.06609700 -0.02067400
v -0.00501200 -0.06609700 -0.02067400
v -0.00501200 -0.06609700 -0.02067400
v -0.00501200 -0.06609700 -0.02067400
v 0.00128900 -0.06579500 -0.02468100
v 0.00128900 -0.06579500 -0.02468100
v 0.00128900 -0.06579500 -0.02468100
v 0.00128900 -0.06579500 -0.02468100
v 0.00128900 -0.06579500 -0.02468100
v 0.00128900 -0.06579500 -0.02468100
v -0.00313700 -0.06580100 -0.02364300
v -0.00313700 -0.06580100 -0.02364300
v -0.00313700 -0.06580100 -0.02364300
v -0.00313700 -0.06580100 -0.02364300
v -0.00313700 -0.06580100 -0.02364300
v -0.00474400 -0.06529200 -0.02216000
v -0.00474400 -0.06529200 -0.02216000
v -0.00474400 -0.06529200 -0.02216000
v -0.00474400 -0.06529200 -0.02216000
v -0.00474400 -0.06529200 -0.02216000
v -0.00343200 -0.06554300 -0.01694800
v -0.00343200 -0.06554300 -0.01694800
v -0.00343200 -0.06554300 -0.01694800
v -0.00343200 -0.06554300 -0.01694800
v -0.00343200 -0.06554300 -0.01694800
v -0.00343200 -0.06554300 -0.01694800
v 0.00194900 -0.06555000 -0.02444900
v 0.00194900 -0.06555000 -0.02444900
v 0.00194900 -0.06555000 -0.02444900
v 0.00194900 -0.06555000 -0.02444900
v 0.00194900 -0.06555000 -0.02444900
v -0.00260100 -0.06593100 -0.02413900
v -0.00260100 -0.06593100 -0.02413900
v -0.00260100 -0.06593100 -0.02413900
v -0.00260100 -0.06593100 -0.02413900
v -0.00260100 -0.06593100 -0.02413900
v -0.00290200 -0.06531600 -0.02425200
v -0.00290200 -0.06531600 -0.02425200
v -0.00290200 -0.06531600 -0.02425200
v -0.00290200 -0.06531600 -0.02425200
v -0.00290200 -0.06531600 -0.02425200
v -0.00290200 -0.06531600 -0.02425200
v -0.00199400 -0.06556800 -0.02444500
v -0.00199400 -0.06556800 -0.02444500
v -0.00199400 -0.06556800 -0.02444500
v -0.00199400 -0.06556800 -0.02444500
v -0.00199400 -0.06556800 -0.02444500
v -0.00199400 -0.06556800 -0.02444500
v -0.00199400 -0.06556800 -0.02444500
v -0.00484400 -0.06527900 -0.01843200
v -0.00484400 -0.06527900 -0.01843200
v -0.00484400 -0.06527900 -0.01843200
v -0.00484400 -0.06527900 -0.01843200
v -0.00484400 -0.06527900 -0.01843200
v -0.00484400 -0.06527900 -0.01843200
v -0.00484400 -0.06527900 -0.01843200
v -0.00384400 -0.06533700 -0.01711500
v -0.00384400 -0.06533700 -0.01711500
v -0.00384400 -0.06533700 -0.01711500
v -0.00384400 -0.06533700 -0.01711500
v -0.00384400 -0.06533700 -0.01711500
v -0.00384400 -0.06533700 -0.01711500
v -0.00384400 -0.06533700 -0.01711500
v -0.00415200 -0.06529100 -0.01713800
v -0.00415200 -0.06529100 -0.01713800
v -0.00415200 -0.06529100 -0.01713800
v -0.00415200 -0.06529100 -0.01713800
v -0.00415200 -0.06529100 -0.01713800
v -0.00415200 -0.06529100 -0.01713800
v -0.00460500 -0.06554700 -0.02108600
v -0.00460500 -0.06554700 -0.02108600
v -0.00460500 -0.06554700 -0.02108600
v -0.00460500 -0.06554700 -0.02108600
v 0.00205500 -0.06529300 -0.02488800
v 0.00205500 -0.06529300 -0.02488800
v 0.00205500 -0.06529300 -0.02488800
v 0.00205500 -0.06529300 -0.02488800
v 0.00205500 -0.06529300 -0.02488800
v 0.00205500 -0.06529300 -0.02488800
v 0.00205500 -0.06529300 -0.02488800
v -0.00467300 -0.06583600 -0.02068600
v -0.00467300 -0.06583600 -0.02068600
v -0.00467300 -0.06583600 -0.02068600
v -0.00467300 -0.06583600 -0.02068600
v -0.00467300 -0.06583600 -0.02068600
v -0.00467300 -0.06583600 -0.02068600
v -0.00467300 -0.06583600 -0.02068600
v -0.00443200 -0.06539500 -0.02209300
v -0.00443200 -0.06539500 -0.02209300
v -0.00443200 -0.06539500 -0.02209300
v -0.00443200 -0.06539500 -0.02209300
v -0.00443200 -0.06539500 -0.02209300
v -0.00443200 -0.06539500 -0.02209300
v -0.00443200 -0.06539500 -0.02209300
v -0.00443200 -0.06539500 -0.02209300
v -0.00443200 -0.06539500 -0.02209300
v -0.00354500 -0.06588100 -0.01704800
v -0.00354500 -0.06588100 -0.01704800
v -0.00354500 -0.06588100 -0.01704800
v -0.00354500 -0.06588100 -0.01704800
v -0.00354500 -0.06588100 -0.01704800
v 0.00211400 -0.06536000 -0.02455100
v 0.00211400 -0.06536000 -0.02455100
v 0.00211400 -0.06536000 -0.02455100
v 0.00211400 -0.06536000 -0.02455100
v 0.00211400 -0.06536000 -0.02455100
v -0.00239900 -0.06529600 -0.02473100
v -0.00239900 -0.06529600 -0.02473100
v -0.00239900 -0.06529600 -0.02473100
v -0.00239900 -0.06529600 -0.02473100
v -0.00239900 -0.06529600 -0.02473100
v -0.00239900 -0.06529600 -0.02473100
v -0.00419500 -0.06554900 -0.01805600
v -0.00419500 -0.06554900 -0.01805600
v -0.00419500 -0.06554900 -0.01805600
v -0.00419500 -0.06554900 -0.01805600
v -0.00419500 -0.06554900 -0.01805600
v -0.00443700 -0.06609400 -0.01786800
v -0.00443700 -0.06609400 -0.01786800
v -0.00443700 -0.06609400 -0.01786800
v -0.00443700 -0.06609400 -0.01786800
v -0.00443700 -0.06609400 -0.01786800
v -0.00153800 -0.06589900 -0.02466300
v -0.00153800 -0.06589900 -0.02466300
v -0.00153800 -0.06589900 -0.02466300
v -0.00153800 -0.06589900 -0.02466300
v -0.00153800 -0.06589900 -0.02466300
v -0.00153800 -0.06589900 -0.02466300
v -0.00153800 -0.06589900 -0.02466300
v -0.00457600 -0.06553100 -0.01905900
v -0.00457600 -0.06553100 -0.01905900
v -0.00457600 -0.06553100 -0.01905900
v -0.00457600 -0.06553100 -0.01905900
v -0.00457600 -0.06553100 -0.01905900
v -0.00457600 -0.06553100 -0.01905900
v -0.00435200 -0.06579500 -0.02187000
v -0.00435200 -0.06579500 -0.02187000
v -0.00435200 -0.06579500 -0.02187000
v -0.00435200 -0.06579500 -0.02187000
v -0.00435200 -0.06579500 -0.02187000
v -0.00423300 -0.06588100 -0.01807200
v -0.00423300 -0.06588100 -0.01807200
v -0.00423300 -0.06588100 -0.01807200
v -0.00423300 -0.06588100 -0.01807200
v -0.00423300 -0.06588100 -0.01807200
v -0.00423300 -0.06588100 -0.01807200
v 0.00280000 -0.06588000 -0.02399400
v 0.00280000 -0.06588000 -0.02399400
v 0.00280000 -0.06588000 -0.02399400
v 0.00280000 -0.06588000 -0.02399400
v 0.00280000 -0.06588000 -0.02399400
v 0.00280000 -0.06588000 -0.02399400
v -0.00383300 -0.06528700 -0.02361800
v -0.00383300 -0.06528700 -0.02361800
v -0.00383300 -0.06528700 -0.02361800
v -0.00383300 -0.06528700 -0.02361800
v -0.00383300 -0.06528700 -0.02361800
v -0.00383300 -0.06528700 -0.02361800
v -0.00383300 -0.06528700 -0.02361800
v -0.00121500 -0.06527200 -0.02513300
v -0.00121500 -0.06527200 -0.02513300
v -0.00121500 -0.06527200 -0.02513300
v -0.00121500 -0.06527200 -0.02513300
v -0.00121500 -0.06527200 -0.02513300
v -0.00121500 -0.06527200 -0.02513300
v -0.00121500 -0.06527200 -0.02513300
v -0.00121500 -0.06527200 -0.02513300
v -0.00030600 -0.06554700 -0.02487600
v -0.00030600 -0.06554700 -0.02487600
v -0.00030600 -0.06554700 -0.02487600
v -0.00030600 -0.06554700 -0.02487600
v -0.00030600 -0.06554700 -0.02487600
v -0.00030600 -0.06554700 -0.02487600
v -0.00390200 -0.06580100 -0.02275800
v -0.00390200 -0.06580100 -0.02275800
v -0.00390200 -0.06580100 -0.02275800
v -0.00390200 -0.06580100 -0.02275800
v -0.00390200 -0.06580100 -0.02275800
v -0.00390200 -0.06580100 -0.02275800
v -0.00481000 -0.06538800 -0.01978400
v -0.00481000 -0.06538800 -0.01978400
v -0.00481000 -0.06538800 -0.01978400
v -0.00481000 -0.06538800 -0.01978400
v -0.00481000 -0.06538800 -0.01978400
v -0.00481000 -0.06538800 -0.01978400
v 0.00036000 -0.06529100 -0.02530300
v 0.00036000 -0.06529100 -0.02530300
v 0.00036000 -0.06529100 -0.02530300
v 0.00036000 -0.06529100 -0.02530300
v 0.00036000 -0.06529100 -0.02530300
v 0.00036000 -0.06529100 -0.02530300
v -0.00463300 -0.06588100 -0.01923900
v -0.00463300 -0.06588100 -0.01923900
v -0.00463300 -0.06588100 -0.01923900
v -0.00463300 -0.06588100 -0.01923900
v -0.00463300 -0.06588100 -0.01923900
v -0.00463300 -0.06588100 -0.01923900
v -0.00342700 -0.06554700 -0.02339000
v -0.00342700 -0.06554700 -0.02339000
v -0.00342700 -0.06554700 -0.02339000
v -0.00342700 -0.06554700 -0.02339000
v -0.00342700 -0.06554700 -0.02339000
v -0.00515900 -0.06528800 -0.02017200
v -0.00515900 -0.06528800 -0.02017200
v -0.00515900 -0.06528800 -0.02017200
v -0.00515900 -0.06528800 -0.02017200
v -0.00515900 -0.06528800 -0.02017200
v -0.00515900 -0.06528800 -0.02017200
v -0.00515900 -0.06528800 -0.02017200
v 0.00005900 -0.06594300 -0.02493700
v 0.00005900 -0.06594300 -0.02493700
v 0.00005900 -0.06594300 -0.02493700
v 0.00005900 -0.06594300 -0.02493700
v 0.00005900 -0.06594300 -0.02493700
v -0.00309700 -0.06529700 -0.01607800
v -0.00309700 -0.06529700 -0.01607800
v -0.00309700 -0.06529700 -0.01607800
v -0.00309700 -0.06529700 -0.01607800
v -0.00265700 -0.06538000 -0.01615100
v -0.00265700 -0.06538000 -0.01615100
v -0.00265700 -0.06538000 -0.01615100
v -0.00265700 -0.06538000 -0.01615100
v -0.00265700 -0.06538000 -0.01615100
v -0.00265700 -0.06538000 -0.01615100
v -0.00256500 -0.06574700 -0.01627500
v -0.00256500 -0.06574700 -0.01627500
v -0.00256500 -0.06574700 -0.01627500
v -0.00256500 -0.06574700 -0.01627500
v -0.00256500 -0.06574700 -0.01627500
v -0.00256500 -0.06574700 -0.01627500
v 0.00080100 -0.06538100 -0.02492200
v 0.00080100 -0.06538100 -0.02492200
v 0.00080100 -0.06538100 -0.02492200
v 0.00080100 -0.06538100 -0.02492200
v 0.00080100 -0.06538100 -0.02492200
v 0.00080100 -0.06538100 -0.02492200
v -0.00201600 -0.06592500 -0.01587200
v -0.00201600 -0.06592500 -0.01587200
v -0.00201600 -0.06592500 -0.01587200
v -0.00201600 -0.06592500 -0.01587200
v -0.00201600 -0.06592500 -0.01587200
v -0.00194000 -0.06529400 -0.01540300
v -0.00194000 -0.06529400 -0.01540300
v -0.00194000 -0.06529400 -0.01540300
v -0.00194000 -0.06529400 -0.01540300
v -0.00194000 -0.06529400 -0.01540300
v -0.00194000 -0.06529400 -0.01540300
v -0.00194000 -0.06529400 -0.01540300
v -0.00194000 -0.06529400 -0.01540300
v 0.00009100 -0.06529300 -0.01501200
v 0.00009100 -0.06529300 -0.01501200
v 0.00009100 -0.06529300 -0.01501200
v 0.00009100 -0.06529300 -0.01501200
v 0.00009100 -0.06529300 -0.01501200
v 0.00009100 -0.06529300 -0.01501200
v -0.00538100 -0.06339100 -0.02018100
v -0.00538100 -0.06339100 -0.02018100
v -0.00538100 -0.06339100 -0.02018100
v -0.00538100 -0.06339100 -0.02018100
v -0.00538100 -0.06339100 -0.02018100
v -0.00132400 -0.06339100 -0.01494300
v -0.00132400 -0.06339100 -0.01494300
v -0.00132400 -0.06339100 -0.01494300
v -0.00132400 -0.06339100 -0.01494300
v -0.00132400 -0.06339100 -0.01494300
v -0.00132400 -0.06339100 -0.01494300
v -0.00517300 -0.06340200 -0.02170800
v -0.00517300 -0.06340200 -0.02170800
v -0.00517300 -0.06340200 -0.02170800
v -0.00517300 -0.06340200 -0.02170800
v -0.00517300 -0.06340200 -0.02170800
v -0.00468100 -0.06339200 -0.02284000
v -0.00468100 -0.06339200 -0.02284000
v -0.00468100 -0.06339200 -0.02284000
v -0.00468100 -0.06339200 -0.02284000
v -0.00468100 -0.06339200 -0.02284000
v -0.00278500 -0.06339200 -0.01555400
v -0.00278500 -0.06339200 -0.01555400
v -0.00278500 -0.06339200 -0.01555400
v -0.00278500 -0.06339200 -0.01555400
v -0.00278500 -0.06339200 -0.01555400
v 0.00455900 -0.06340700 -0.01730500
v 0.00455900 -0.06340700 -0.01730500
v 0.00455900 -0.06340700 -0.01730500
v 0.00455900 -0.06340700 -0.01730500
v 0.00455900 -0.06340700 -0.01730500
v 0.00455900 -0.06340700 -0.01730500
v 0.00455900 -0.06340700 -0.01730500
v 0.00409300 -0.06529200 -0.01707200
v 0.00409300 -0.06529200 -0.01707200
v 0.00409300 -0.06529200 -0.01707200
v 0.00409300 -0.06529200 -0.01707200
v 0.00409300 -0.06529200 -0.01707200
v 0.00409300 -0.06529200 -0.01707200
v 0.00350400 -0.06339800 -0.01606600
v 0.00350400 -0.06339800 -0.01606600
v 0.00350400 -0.06339800 -0.01606600
v 0.00350400 -0.06339800 -0.01606600
v 0.00350400 -0.06339800 -0.01606600
v 0.00350400 -0.06339800 -0.01606600
v -0.00392200 -0.06339300 -0.01647800
v -0.00392200 -0.06339300 -0.01647800
v -0.00392200 -0.06339300 -0.01647800
v -0.00392200 -0.06339300 -0.01647800
v -0.00392200 -0.06339300 -0.01647800
v -0.00392200 -0.06339300 -0.01647800
v 0.00298900 -0.06529000 -0.01598300
v 0.00298900 -0.06529000 -0.01598300
v 0.00298900 -0.06529000 -0.01598300
v 0.00298900 -0.06529000 -0.01598300
v 0.00298900 -0.06529000 -0.01598300
v 0.00298900 -0.06529000 -0.01598300
v -0.00475400 -0.06339200 -0.01764300
v -0.00475400 -0.06339200 -0.01764300
v -0.00475400 -0.06339200 -0.01764300
v -0.00475400 -0.06339200 -0.01764300
v -0.00475400 -0.06339200 -0.01764300
v 0.00182900 -0.06529400 -0.01537000
v 0.00182900 -0.06529400 -0.01537000
v 0.00182900 -0.06529400 -0.01537000
v 0.00182900 -0.06529400 -0.01537000
v 0.00182900 -0.06529400 -0.01537000
v 0.00213300 -0.06339300 -0.01522400
v 0.00213300 -0.06339300 -0.01522400
v 0.00213300 -0.06339300 -0.01522400
v 0.00213300 -0.06339300 -0.01522400
v 0.00213300 -0.06339300 -0.01522400
v -0.00523400 -0.06339100 -0.01891700
v -0.00523400 -0.06339100 -0.01891700
v -0.00523400 -0.06339100 -0.01891700
v -0.00523400 -0.06339100 -0.01891700
v -0.00523400 -0.06339100 -0.01891700
v -0.00523400 -0.06339100 -0.01891700
v 0.00059000 -0.06340000 -0.01480400
v 0.00059000 -0.06340000 -0.01480400
v 0.00059000 -0.06340000 -0.01480400
v 0.00059000 -0.06340000 -0.01480400
v 0.00059000 -0.06340000 -0.01480400
v 0.00059000 -0.06340000 -0.01480400
v -0.00026200 -0.06276400 -0.02524500
v -0.00026200 -0.06276400 -0.02524500
v -0.00026200 -0.06276400 -0.02524500
v -0.00026200 -0.06276400 -0.02524500
v -0.00026200 -0.06276400 -0.02524500
v 0.00080800 -0.06272700 -0.02521500
v 0.00080800 -0.06272700 -0.02521500
v 0.00080800 -0.06272700 -0.02521500
v 0.00080800 -0.06272700 -0.02521500
v 0.00080800 -0.06272700 -0.02521500
v 0.00080800 -0.06272700 -0.02521500
v -0.00429800 -0.06331800 -0.01719500
v -0.00429800 -0.06331800 -0.01719500
v -0.00429800 -0.06331800 -0.01719500
v -0.00429800 -0.06331800 -0.01719500
v -0.00429800 -0.06331800 -0.01719500
v -0.00429800 -0.06331800 -0.01719500
v -0.00429800 -0.06331800 -0.01719500
v -0.00501300 -0.06299300 -0.02023100
v -0.00501300 -0.06299300 -0.02023100
v -0.00501300 -0.06299300 -0.02023100
v -0.00501300 -0.06299300 -0.02023100
v -0.00501300 -0.06299300 -0.02023100
v -0.00501300 -0.06299300 -0.02023100
v -0.00373200 -0.06300000 -0.01683700
v -0.00373200 -0.06300000 -0.01683700
v -0.00373200 -0.06300000 -0.01683700
v -0.00373200 -0.06300000 -0.01683700
v -0.00373200 -0.06300000 -0.01683700
v -0.00373200 -0.06300000 -0.01683700
v -0.00039300 -0.06339700 -0.02554200
v -0.00039300 -0.06339700 -0.02554200
v -0.00039300 -0.06339700 -0.02554200
v -0.00039300 -0.06339700 -0.02554200
v -0.00039300 -0.06339700 -0.02554200
v -0.00039300 -0.06339700 -0.02554200
v -0.00039300 -0.06339700 -0.02554200
v -0.00339300 -0.06276400 -0.02397600
v -0.00339300 -0.06276400 -0.02397600
v -0.00339300 -0.06276400 -0.02397600
v -0.00339300 -0.06276400 -0.02397600
v -0.00339300 -0.06276400 -0.02397600
v -0.00508200 -0.06331300 -0.02134600
v -0.00508200 -0.06331300 -0.02134600
v -0.00508200 -0.06331300 -0.02134600
v -0.00508200 -0.06331300 -0.02134600
v -0.00508200 -0.06331300 -0.02134600
v -0.00508200 -0.06331300 -0.02134600
v -0.00508200 -0.06331300 -0.02134600
v -0.00508200 -0.06331300 -0.02134600
v -0.00348600 -0.06257400 -0.02441700
v -0.00348600 -0.06257400 -0.02441700
v -0.00348600 -0.06257400 -0.02441700
v -0.00348600 -0.06257400 -0.02441700
v -0.00348600 -0.06257400 -0.02441700
v -0.00348600 -0.06257400 -0.02441700
v -0.00348600 -0.06257400 -0.02441700
v 0.00092000 -0.06258800 -0.02558000
v 0.00092000 -0.06258800 -0.02558000
v 0.00092000 -0.06258800 -0.02558000
v 0.00092000 -0.06258800 -0.02558000
v 0.00092000 -0.06258800 -0.02558000
v 0.00092000 -0.06258800 -0.02558000
v 0.00092000 -0.06258800 -0.02558000
v 0.00092000 -0.06258800 -0.02558000
v 0.00061300 -0.06308400 -0.02518000
v 0.00061300 -0.06308400 -0.02518000
v 0.00061300 -0.06308400 -0.02518000
v 0.00061300 -0.06308400 -0.02518000
v 0.00061300 -0.06308400 -0.02518000
v -0.00296400 -0.06333100 -0.02447600
v -0.00296400 -0.06333100 -0.02447600
v -0.00296400 -0.06333100 -0.02447600
v -0.00296400 -0.06333100 -0.02447600
v -0.00296400 -0.06333100 -0.02447600
v -0.00296400 -0.06333100 -0.02447600
v -0.00527700 -0.06258100 -0.02169200
v -0.00527700 -0.06258100 -0.02169200
v -0.00527700 -0.06258100 -0.02169200
v -0.00527700 -0.06258100 -0.02169200
v -0.00527700 -0.06258100 -0.02169200
v -0.00527700 -0.06258100 -0.02169200
v -0.00527700 -0.06258100 -0.02169200
v -0.00527700 -0.06258100 -0.02169200
v -0.00320000 -0.06309500 -0.02406000
v -0.00320000 -0.06309500 -0.02406000
v -0.00320000 -0.06309500 -0.02406000
v -0.00320000 -0.06309500 -0.02406000
v -0.00320000 -0.06309500 -0.02406000
v -0.00514600 -0.06259600 -0.01826400
v -0.00514600 -0.06259600 -0.01826400
v -0.00514600 -0.06259600 -0.01826400
v -0.00514600 -0.06259600 -0.01826400
v -0.00514600 -0.06259600 -0.01826400
v -0.00514600 -0.06259600 -0.01826400
v -0.00514600 -0.06259600 -0.01826400
v -0.00514600 -0.06259600 -0.01826400
v -0.00514600 -0.06259600 -0.01826400
v -0.00442400 -0.06271800 -0.01763400
v -0.00442400 -0.06271800 -0.01763400
v -0.00442400 -0.06271800 -0.01763400
v -0.00442400 -0.06271800 -0.01763400
v -0.00442400 -0.06271800 -0.01763400
v -0.00442400 -0.06271800 -0.01763400
v -0.00337200 -0.06338800 -0.02437500
v -0.00337200 -0.06338800 -0.02437500
v -0.00337200 -0.06338800 -0.02437500
v -0.00337200 -0.06338800 -0.02437500
v -0.00337200 -0.06338800 -0.02437500
v -0.00337200 -0.06338800 -0.02437500
v -0.00263800 -0.06258400 -0.02500200
v -0.00263800 -0.06258400 -0.02500200
v -0.00263800 -0.06258400 -0.02500200
v -0.00263800 -0.06258400 -0.02500200
v -0.00263800 -0.06258400 -0.02500200
v -0.00263800 -0.06258400 -0.02500200
v -0.00479900 -0.06300000 -0.02160300
v -0.00479900 -0.06300000 -0.02160300
v -0.00479900 -0.06300000 -0.02160300
v -0.00479900 -0.06300000 -0.02160300
v -0.00479900 -0.06300000 -0.02160300
v -0.00479900 -0.06300000 -0.02160300
v 0.00111600 -0.06339100 -0.02545000
v 0.00111600 -0.06339100 -0.02545000
v 0.00111600 -0.06339100 -0.02545000
v 0.00111600 -0.06339100 -0.02545000
v 0.00111600 -0.06339100 -0.02545000
v -0.00235000 -0.06271800 -0.02470200
v -0.00235000 -0.06271800 -0.02470200
v -0.00235000 -0.06271800 -0.02470200
v -0.00235000 -0.06271800 -0.02470200
v -0.00235000 -0.06271800 -0.02470200
v -0.00514800 -0.06267700 -0.02103500
v -0.00514800 -0.06267700 -0.02103500
v -0.00514800 -0.06267700 -0.02103500
v -0.00514800 -0.06267700 -0.02103500
v -0.00514800 -0.06267700 -0.02103500
v -0.00514800 -0.06267700 -0.02103500
v -0.00202300 -0.06310300 -0.02480600
v -0.00202300 -0.06310300 -0.02480600
v -0.00202300 -0.06310300 -0.02480600
v -0.00202300 -0.06310300 -0.02480600
v -0.00202300 -0.06310300 -0.02480600
v -0.00202300 -0.06310300 -0.02480600
v -0.00202300 -0.06310300 -0.02480600
v -0.00458000 -0.06309600 -0.01805700
v -0.00458000 -0.06309600 -0.01805700
v -0.00458000 -0.06309600 -0.01805700
v -0.00458000 -0.06309600 -0.01805700
v -0.00458000 -0.06309600 -0.01805700
v -0.00458000 -0.06309600 -0.01805700
v 0.00148900 -0.06333300 -0.02517200
v 0.00148900 -0.06333300 -0.02517200
v 0.00148900 -0.06333300 -0.02517200
v 0.00148900 -0.06333300 -0.02517200
v 0.00148900 -0.06333300 -0.02517200
v 0.00148900 -0.06333300 -0.02517200
v 0.00148900 -0.06333300 -0.02517200
v 0.00148900 -0.06333300 -0.02517200
v -0.00430300 -0.06259300 -0.02357300
v -0.00430300 -0.06259300 -0.02357300
v -0.00430300 -0.06259300 -0.02357300
v -0.00430300 -0.06259300 -0.02357300
v -0.00430300 -0.06259300 -0.02357300
v -0.00430300 -0.06259300 -0.02357300
v -0.00430300 -0.06259300 -0.02357300
v -0.00509500 -0.06262300 -0.01883600
v -0.00509500 -0.06262300 -0.01883600
v -0.00509500 -0.06262300 -0.01883600
v -0.00509500 -0.06262300 -0.01883600
v -0.00509500 -0.06262300 -0.01883600
v -0.00509500 -0.06262300 -0.01883600
v -0.00509500 -0.06262300 -0.01883600
v 0.00210800 -0.06266200 -0.02492000
v 0.00210800 -0.06266200 -0.02492000
v 0.00210800 -0.06266200 -0.02492000
v 0.00210800 -0.06266200 -0.02492000
v 0.00210800 -0.06266200 -0.02492000
v 0.00210800 -0.06266200 -0.02492000
v 0.00182800 -0.06299300 -0.02482800
v 0.00182800 -0.06299300 -0.02482800
v 0.00182800 -0.06299300 -0.02482800
v 0.00182800 -0.06299300 -0.02482800
v 0.00182800 -0.06299300 -0.02482800
v -0.00134200 -0.06258600 -0.02549800
v -0.00134200 -0.06258600 -0.02549800
v -0.00134200 -0.06258600 -0.02549800
v -0.00134200 -0.06258600 -0.02549800
v -0.00134200 -0.06258600 -0.02549800
v -0.00134200 -0.06258600 -0.02549800
v -0.00134200 -0.06258600 -0.02549800
v -0.00134200 -0.06258600 -0.02549800
v -0.00134200 -0.06258600 -0.02549800
v -0.00541700 -0.06259500 -0.01931800
v -0.00541700 -0.06259500 -0.01931800
v -0.00541700 -0.06259500 -0.01931800
v -0.00541700 -0.06259500 -0.01931800
v -0.00541700 -0.06259500 -0.01931800
v -0.00541700 -0.06259500 -0.01931800
v -0.00131000 -0.06274100 -0.02510000
v -0.00131000 -0.06274100 -0.02510000
v -0.00131000 -0.06274100 -0.02510000
v -0.00131000 -0.06274100 -0.02510000
v -0.00131000 -0.06274100 -0.02510000
v -0.00131000 -0.06274100 -0.02510000
v -0.00436900 -0.06274200 -0.02278300
v -0.00436900 -0.06274200 -0.02278300
v -0.00436900 -0.06274200 -0.02278300
v -0.00436900 -0.06274200 -0.02278300
v -0.00436900 -0.06274200 -0.02278300
v -0.00436900 -0.06274200 -0.02278300
v -0.00436900 -0.06274200 -0.02278300
v 0.00222300 -0.06258900 -0.02517200
v 0.00222300 -0.06258900 -0.02517200
v 0.00222300 -0.06258900 -0.02517200
v 0.00222300 -0.06258900 -0.02517200
v 0.00222300 -0.06258900 -0.02517200
v 0.00222300 -0.06258900 -0.02517200
v -0.00232700 -0.06339200 -0.02502300
v -0.00232700 -0.06339200 -0.02502300
v -0.00232700 -0.06339200 -0.02502300
v -0.00232700 -0.06339200 -0.02502300
v -0.00232700 -0.06339200 -0.02502300
v -0.00483500 -0.06281200 -0.01866500
v -0.00483500 -0.06281200 -0.01866500
v -0.00483500 -0.06281200 -0.01866500
v -0.00483500 -0.06281200 -0.01866500
v -0.00483500 -0.06281200 -0.01866500
v 0.00277100 -0.06300300 -0.02434500
v 0.00277100 -0.06300300 -0.02434500
v 0.00277100 -0.06300300 -0.02434500
v 0.00277100 -0.06300300 -0.02434500
v 0.00277100 -0.06300300 -0.02434500
v 0.00277100 -0.06300300 -0.02434500
v 0.00277100 -0.06300300 -0.02434500
v -0.00421700 -0.06317200 -0.02298300
v -0.00421700 -0.06317200 -0.02298300
v -0.00421700 -0.06317200 -0.02298300
v -0.00421700 -0.06317200 -0.02298300
v -0.00421700 -0.06317200 -0.02298300
v -0.00421700 -0.06317200 -0.02298300
v -0.00130600 -0.06331600 -0.02518600
v -0.00130600 -0.06331600 -0.02518600
v -0.00130600 -0.06331600 -0.02518600
v -0.00130600 -0.06331600 -0.02518600
v -0.00130600 -0.06331600 -0.02518600
v -0.00130600 -0.06331600 -0.02518600
v 0.00259500 -0.06339300 -0.02489400
v 0.00259500 -0.06339300 -0.02489400
v 0.00259500 -0.06339300 -0.02489400
v 0.00259500 -0.06339300 -0.02489400
v 0.00259500 -0.06339300 -0.02489400
v 0.00259500 -0.06339300 -0.02489400
v -0.00367200 -0.06258700 -0.01608200
v -0.00367200 -0.06258700 -0.01608200
v -0.00367200 -0.06258700 -0.01608200
v -0.00367200 -0.06258700 -0.01608200
v -0.00367200 -0.06258700 -0.01608200
v -0.00367200 -0.06258700 -0.01608200
v -0.00367200 -0.06258700 -0.01608200
v -0.00367200 -0.06258700 -0.01608200
v -0.00363300 -0.06266300 -0.01643600
v -0.00363300 -0.06266300 -0.01643600
v -0.00363300 -0.06266300 -0.01643600
v -0.00363300 -0.06266300 -0.01643600
v -0.00363300 -0.06266300 -0.01643600
v -0.00363300 -0.06266300 -0.01643600
v -0.00363300 -0.06266300 -0.01643600
v -0.00210800 -0.06267700 -0.01545600
v -0.00210800 -0.06267700 -0.01545600
v -0.00210800 -0.06267700 -0.01545600
v -0.00210800 -0.06267700 -0.01545600
v -0.00210800 -0.06267700 -0.01545600
v -0.00512800 -0.06333200 -0.01924000
v -0.00512800 -0.06333200 -0.01924000
v -0.00512800 -0.06333200 -0.01924000
v -0.00512800 -0.06333200 -0.01924000
v -0.00512800 -0.06333200 -0.01924000
v -0.00512800 -0.06333200 -0.01924000
v -0.00410600 -0.06340500 -0.02365200
v -0.00410600 -0.06340500 -0.02365200
v -0.00410600 -0.06340500 -0.02365200
v -0.00410600 -0.06340500 -0.02365200
v -0.00410600 -0.06340500 -0.02365200
v -0.00410600 -0.06340500 -0.02365200
v -0.00268500 -0.06294200 -0.01594100
v -0.00268500 -0.06294200 -0.01594100
v -0.00268500 -0.06294200 -0.01594100
v -0.00268500 -0.06294200 -0.01594100
v -0.00268500 -0.06294200 -0.01594100
v -0.00268500 -0.06294200 -0.01594100
v -0.00129100 -0.06339300 -0.02540600
v -0.00129100 -0.06339300 -0.02540600
v -0.00129100 -0.06339300 -0.02540600
v -0.00129100 -0.06339300 -0.02540600
v -0.00129100 -0.06339300 -0.02540600
v -0.00498900 -0.06309600 -0.01949300
v -0.00498900 -0.06309600 -0.01949300
v -0.00498900 -0.06309600 -0.01949300
v -0.00498900 -0.06309600 -0.01949300
v -0.00498900 -0.06309600 -0.01949300
v -0.00282000 -0.06331000 -0.01584800
v -0.00282000 -0.06331000 -0.01584800
v -0.00282000 -0.06331000 -0.01584800
v -0.00282000 -0.06331000 -0.01584800
v -0.00282000 -0.06331000 -0.01584800
v -0.00282000 -0.06331000 -0.01584800
v -0.00282000 -0.06331000 -0.01584800
v -0.00282000 -0.06331000 -0.01584800
v -0.00022800 -0.06321000 -0.02524900
v -0.00022800 -0.06321000 -0.02524900
v -0.00022800 -0.06321000 -0.02524900
v -0.00022800 -0.06321000 -0.02524900
v -0.00022800 -0.06321000 -0.02524900
v -0.00022800 -0.06321000 -0.02524900
v -0.00022800 -0.06321000 -0.02524900
v -0.00546400 -0.06259500 -0.02060200
v -0.00546400 -0.06259500 -0.02060200
v -0.00546400 -0.06259500 -0.02060200
v -0.00546400 -0.06259500 -0.02060200
v -0.00495800 -0.05896800 -0.02305500
v -0.00495800 -0.05896800 -0.02305500
v -0.00495800 -0.05896800 -0.02305500
v -0.00495800 -0.05896800 -0.02305500
v -0.00495800 -0.05896800 -0.02305500
v -0.00495800 -0.05896800 -0.02305500
v -0.00495800 -0.05896800 -0.02305500
v -0.00471900 -0.06216200 -0.01730800
v -0.00471900 -0.06216200 -0.01730800
v -0.00471900 -0.06216200 -0.01730800
v -0.00471900 -0.06216200 -0.01730800
v -0.00471900 -0.06216200 -0.01730800
v -0.00471900 -0.06216200 -0.01730800
v -0.00491400 -0.05816900 -0.01718600
v -0.00491400 -0.05816900 -0.01718600
v -0.00491400 -0.05816900 -0.01718600
v -0.00491400 -0.05816900 -0.01718600
v -0.00491400 -0.05816900 -0.01718600
v -0.00491400 -0.05816900 -0.01718600
v -0.00402900 -0.05885600 -0.02425800
v -0.00402900 -0.05885600 -0.02425800
v -0.00402900 -0.05885600 -0.02425800
v -0.00402900 -0.05885600 -0.02425800
v -0.00402900 -0.05885600 -0.02425800
v -0.00402900 -0.05885600 -0.02425800
v -0.00296500 -0.05844700 -0.02509700
v -0.00296500 -0.05844700 -0.02509700
v -0.00296500 -0.05844700 -0.02509700
v -0.00296500 -0.05844700 -0.02509700
v -0.00296500 -0.05844700 -0.02509700
v -0.00296500 -0.05844700 -0.02509700
v -0.00296500 -0.05844700 -0.02509700
v -0.00296500 -0.05844700 -0.02509700
v -0.00296500 -0.05844700 -0.02509700
v -0.00012300 -0.05817500 -0.02592900
v -0.00012300 -0.05817500 -0.02592900
v -0.00012300 -0.05817500 -0.02592900
v -0.00012300 -0.05817500 -0.02592900
v -0.00012300 -0.05817500 -0.02592900
v -0.00012300 -0.05817500 -0.02592900
v -0.00081000 -0.05964000 -0.02583900
v -0.00081000 -0.05964000 -0.02583900
v -0.00081000 -0.05964000 -0.02583900
v -0.00081000 -0.05964000 -0.02583900
v -0.00081000 -0.05964000 -0.02583900
v -0.00081000 -0.05964000 -0.02583900
v -0.00517100 -0.06061800 -0.01793300
v -0.00517100 -0.06061800 -0.01793300
v -0.00517100 -0.06061800 -0.01793300
v -0.00517100 -0.06061800 -0.01793300
v -0.00494100 -0.06061800 -0.01746600
v -0.00494100 -0.06061800 -0.01746600
v -0.00494100 -0.06061800 -0.01746600
v -0.00494100 -0.06061800 -0.01746600
v -0.00494100 -0.06061800 -0.01746600
v -0.00521900 -0.05970000 -0.01788500
v -0.00521900 -0.05970000 -0.01788500
v -0.00521900 -0.05970000 -0.01788500
v -0.00521900 -0.05970000 -0.01788500
v -0.00521900 -0.05970000 -0.01788500
v -0.00521900 -0.05970000 -0.01788500
v -0.00521900 -0.05970000 -0.01788500
v -0.00521900 -0.05970000 -0.01788500
v -0.00498500 -0.05972000 -0.01743900
v -0.00498500 -0.05972000 -0.01743900
v -0.00498500 -0.05972000 -0.01743900
v -0.00498500 -0.05972000 -0.01743900
v -0.00498500 -0.05972000 -0.01743900
v -0.00468500 -0.06061800 -0.01703800
v -0.00468500 -0.06061800 -0.01703800
v -0.00468500 -0.06061800 -0.01703800
v -0.00468500 -0.06061800 -0.01703800
v -0.00468500 -0.06061800 -0.01703800
v -0.00437100 -0.06061700 -0.01662400
v -0.00437100 -0.06061700 -0.01662400
v -0.00437100 -0.06061700 -0.01662400
v -0.00437100 -0.06061700 -0.01662400
v -0.00437100 -0.06061700 -0.01662400
v -0.00472500 -0.05972000 -0.01701300
v -0.00472500 -0.05972000 -0.01701300
v -0.00472500 -0.05972000 -0.01701300
v -0.00472500 -0.05972000 -0.01701300
v -0.00472500 -0.05972000 -0.01701300
v -0.00442500 -0.05970800 -0.01659700
v -0.00442500 -0.05970800 -0.01659700
v -0.00442500 -0.05970800 -0.01659700
v -0.00442500 -0.05970800 -0.01659700
v -0.00442500 -0.05970800 -0.01659700
v 0.00064400 -0.06061900 -0.02577200
v 0.00064400 -0.06061900 -0.02577200
v 0.00064400 -0.06061900 -0.02577200
v 0.00064400 -0.06061900 -0.02577200
v 0.00012500 -0.06061800 -0.02580900
v 0.00012500 -0.06061800 -0.02580900
v 0.00012500 -0.06061800 -0.02580900
v 0.00012500 -0.06061800 -0.02580900
v 0.00012500 -0.06061800 -0.02580900
v 0.00012500 -0.06061800 -0.02580900
v 0.00068300 -0.05971700 -0.02583900
v 0.00068300 -0.05971700 -0.02583900
v 0.00068300 -0.05971700 -0.02583900
v 0.00068300 -0.05971700 -0.02583900
v 0.00068300 -0.05971700 -0.02583900
v 0.00068300 -0.05971700 -0.02583900
v 0.00068300 -0.05971700 -0.02583900
v 0.00068300 -0.05971700 -0.02583900
v 0.00068300 -0.05971700 -0.02583900
v 0.00012500 -0.05972000 -0.02585800
v 0.00012500 -0.05972000 -0.02585800
v 0.00012500 -0.05972000 -0.02585800
v 0.00012500 -0.05972000 -0.02585800
v -0.00037300 -0.06061800 -0.02579700
v -0.00037300 -0.06061800 -0.02579700
v -0.00037300 -0.06061800 -0.02579700
v -0.00037300 -0.06061800 -0.02579700
v -0.00037400 -0.05972000 -0.02584800
v -0.00037400 -0.05972000 -0.02584800
v -0.00037400 -0.05972000 -0.02584800
v -0.00037400 -0.05972000 -0.02584800
v -0.00037400 -0.05972000 -0.02584800
v -0.00037400 -0.05972000 -0.02584800
v -0.00037400 -0.05972000 -0.02584800
v -0.00089000 -0.06061700 -0.02573600
v -0.00089000 -0.06061700 -0.02573600
v -0.00089000 -0.06061700 -0.02573600
v -0.00089000 -0.06061700 -0.02573600
v -0.00089000 -0.06061700 -0.02573600
v -0.00299200 -0.05863300 -0.01526900
v -0.00299200 -0.05863300 -0.01526900
v -0.00299200 -0.05863300 -0.01526900
v -0.00299200 -0.05863300 -0.01526900
v -0.00299200 -0.05863300 -0.01526900
v -0.00299200 -0.05863300 -0.01526900
v -0.00299200 -0.05863300 -0.01526900
v -0.00299200 -0.05863300 -0.01526900
v -0.00185200 -0.05883700 -0.02559600
v -0.00185200 -0.05883700 -0.02559600
v -0.00185200 -0.05883700 -0.02559600
v -0.00185200 -0.05883700 -0.02559600
v -0.00185200 -0.05883700 -0.02559600
v -0.00185200 -0.05883700 -0.02559600
v -0.00185200 -0.05883700 -0.02559600
v -0.00399200 -0.05880700 -0.01606100
v -0.00399200 -0.05880700 -0.01606100
v -0.00399200 -0.05880700 -0.01606100
v -0.00399200 -0.05880700 -0.01606100
v -0.00399200 -0.05880700 -0.01606100
v -0.00399200 -0.05880700 -0.01606100
v -0.00101700 -0.05974700 -0.02577700
v -0.00101700 -0.05974700 -0.02577700
v -0.00101700 -0.05974700 -0.02577700
v -0.00101700 -0.05974700 -0.02577700
v -0.00101700 -0.05974700 -0.02577700
v -0.00012300 -0.06216200 -0.02569900
v -0.00012300 -0.06216200 -0.02569900
v -0.00012300 -0.06216200 -0.02569900
v -0.00012300 -0.06216200 -0.02569900
v -0.00012300 -0.06216200 -0.02569900
v -0.00012300 -0.06216200 -0.02569900
v -0.00555500 -0.05894400 -0.01879100
v -0.00555500 -0.05894400 -0.01879100
v -0.00555500 -0.05894400 -0.01879100
v -0.00555500 -0.05894400 -0.01879100
v -0.00555500 -0.05894400 -0.01879100
v 0.00191000 -0.05961500 -0.02555100
v 0.00191000 -0.05961500 -0.02555100
v 0.00191000 -0.05961500 -0.02555100
v 0.00191000 -0.05961500 -0.02555100
v 0.00191000 -0.05961500 -0.02555100
v -0.00573500 -0.05887600 -0.02002000
v -0.00573500 -0.05887600 -0.02002000
v -0.00573500 -0.05887600 -0.02002000
v -0.00573500 -0.05887600 -0.02002000
v -0.00573500 -0.05887600 -0.02002000
v -0.00573500 -0.05887600 -0.02002000
v 0.00273400 -0.05965000 -0.02517600
v 0.00273400 -0.05965000 -0.02517600
v 0.00273400 -0.05965000 -0.02517600
v 0.00273400 -0.05965000 -0.02517600
v 0.00273400 -0.05965000 -0.02517600
v 0.00273400 -0.05965000 -0.02517600
v -0.00565500 -0.05874000 -0.02109700
v -0.00565500 -0.05874000 -0.02109700
v -0.00565500 -0.05874000 -0.02109700
v -0.00565500 -0.05874000 -0.02109700
v -0.00565500 -0.05874000 -0.02109700
v -0.00565500 -0.05874000 -0.02109700
v -0.00548000 -0.05876800 -0.02185500
v -0.00548000 -0.05876800 -0.02185500
v -0.00548000 -0.05876800 -0.02185500
v -0.00548000 -0.05876800 -0.02185500
v -0.00548000 -0.05876800 -0.02185500
v -0.00548000 -0.05876800 -0.02185500
v -0.00548000 -0.05876800 -0.02185500
v -0.00496300 -0.06149600 -0.02271100
v -0.00496300 -0.06149600 -0.02271100
v -0.00496300 -0.06149600 -0.02271100
v -0.00496300 -0.06149600 -0.02271100
v -0.00482400 -0.04549400 -0.01697400
v -0.00482400 -0.04549400 -0.01697400
v -0.00482400 -0.04549400 -0.01697400
v -0.00482400 -0.04549400 -0.01697400
v -0.00482400 -0.04549400 -0.01697400
v -0.00482400 -0.04549400 -0.01697400
v -0.00482400 -0.04549400 -0.01697400
v 0.00151400 -0.04549400 -0.02575900
v 0.00151400 -0.04549400 -0.02575900
v 0.00151400 -0.04549400 -0.02575900
v 0.00151400 -0.04549400 -0.02575900
v 0.00151400 -0.04549400 -0.02575900
v 0.00151400 -0.04549400 -0.02575900
v 0.00151400 -0.04549400 -0.02575900
v 0.00151400 -0.04549400 -0.02575900
v 0.00151400 -0.04549400 -0.02575900
v 0.00151400 -0.04549400 -0.02575900
v 0.00151400 -0.04549400 -0.02575900
v 0.00151400 -0.04549400 -0.02575900
v -0.00350500 -0.04549400 -0.01559900
v -0.00350500 -0.04549400 -0.01559900
v -0.00350500 -0.04549400 -0.01559900
v -0.00350500 -0.04549400 -0.01559900
v -0.00350500 -0.04549400 -0.01559900
v -0.00350500 -0.04549400 -0.01559900
v -0.00350500 -0.04549400 -0.01559900
v -0.00350500 -0.04549400 -0.01559900
v 0.00124800 -0.04944000 -0.02578600
v 0.00124800 -0.04944000 -0.02578600
v 0.00124800 -0.04944000 -0.02578600
v 0.00124800 -0.04944000 -0.02578600
v 0.00124800 -0.04944000 -0.02578600
v 0.00124800 -0.04944000 -0.02578600
v 0.00127700 -0.04599400 -0.02578100
v 0.00127700 -0.04599400 -0.02578100
v 0.00127700 -0.04599400 -0.02578100
v 0.00127700 -0.04599400 -0.02578100
v 0.00069100 -0.04995500 -0.02588600
v 0.00069100 -0.04995500 -0.02588600
v 0.00069100 -0.04995500 -0.02588600
v 0.00069100 -0.04995500 -0.02588600
v 0.00069100 -0.04995500 -0.02588600
v 0.00069100 -0.04995500 -0.02588600
v -0.00197200 -0.04549400 -0.01472300
v -0.00197200 -0.04549400 -0.01472300
v -0.00197200 -0.04549400 -0.01472300
v -0.00197200 -0.04549400 -0.01472300
v -0.00197200 -0.04549400 -0.01472300
v -0.00197200 -0.04549400 -0.01472300
v -0.00197200 -0.04549400 -0.01472300
v -0.00002500 -0.04599400 -0.02594600
v -0.00002500 -0.04599400 -0.02594600
v -0.00002500 -0.04599400 -0.02594600
v -0.00002500 -0.04599400 -0.02594600
v -0.00002500 -0.04599400 -0.02594600
v -0.00002500 -0.04599400 -0.02594600
v 0.00001100 -0.04948300 -0.02592400
v 0.00001100 -0.04948300 -0.02592400
v 0.00001100 -0.04948300 -0.02592400
v 0.00001100 -0.04948300 -0.02592400
v 0.00001100 -0.04948300 -0.02592400
v 0.00001100 -0.04948300 -0.02592400
v -0.00063600 -0.04549400 -0.02591100
v -0.00063600 -0.04549400 -0.02591100
v -0.00063600 -0.04549400 -0.02591100
v -0.00063600 -0.04549400 -0.02591100
v -0.00063600 -0.04549400 -0.02591100
v -0.00063600 -0.04549400 -0.02591100
v -0.00063600 -0.04549400 -0.02591100
v -0.00063600 -0.04549400 -0.02591100
v -0.00403300 -0.04674600 -0.02425500
v -0.00403300 -0.04674600 -0.02425500
v -0.00403300 -0.04674600 -0.02425500
v -0.00403300 -0.04674600 -0.02425500
v -0.00403300 -0.04674600 -0.02425500
v -0.00405700 -0.04549400 -0.02428300
v -0.00405700 -0.04549400 -0.02428300
v -0.00405700 -0.04549400 -0.02428300
v -0.00405700 -0.04549400 -0.02428300
v -0.00405700 -0.04549400 -0.02428300
v -0.00405700 -0.04549400 -0.02428300
v -0.00405700 -0.04549400 -0.02428300
v -0.00473600 -0.04678500 -0.02336200
v -0.00473600 -0.04678500 -0.02336200
v -0.00473600 -0.04678500 -0.02336200
v -0.00473600 -0.04678500 -0.02336200
v -0.00473600 -0.04678500 -0.02336200
v -0.00473600 -0.04678500 -0.02336200
v -0.00519200 -0.04549400 -0.02270900
v -0.00519200 -0.04549400 -0.02270900
v -0.00519200 -0.04549400 -0.02270900
v -0.00519200 -0.04549400 -0.02270900
v -0.00519200 -0.04549400 -0.02270900
v -0.00519200 -0.04549400 -0.02270900
v -0.00519200 -0.04549400 -0.02270900
v -0.00508800 -0.04679200 -0.02277400
v -0.00508800 -0.04679200 -0.02277400
v -0.00508800 -0.04679200 -0.02277400
v -0.00508800 -0.04679200 -0.02277400
v -0.00253100 -0.04549400 -0.02536500
v -0.00253100 -0.04549400 -0.02536500
v -0.00253100 -0.04549400 -0.02536500
v -0.00253100 -0.04549400 -0.02536500
v -0.00253100 -0.04549400 -0.02536500
v -0.00253100 -0.04549400 -0.02536500
v -0.00253100 -0.04549400 -0.02536500
v -0.00253100 -0.04549400 -0.02536500
v -0.00253100 -0.04549400 -0.02536500
v -0.00323300 -0.05204300 -0.02489900
v -0.00323300 -0.05204300 -0.02489900
v -0.00323300 -0.05204300 -0.02489900
v -0.00323300 -0.05204300 -0.02489900
v -0.00323300 -0.05204300 -0.02489900
v -0.00323300 -0.05204300 -0.02489900
v -0.00323300 -0.05204300 -0.02489900
v -0.00354800 -0.04738600 -0.02468600
v -0.00354800 -0.04738600 -0.02468600
v -0.00354800 -0.04738600 -0.02468600
v -0.00354800 -0.04738600 -0.02468600
v -0.00354800 -0.04738600 -0.02468600
v -0.00354800 -0.04738600 -0.02468600
v -0.00354800 -0.04738600 -0.02468600
v -0.00547300 -0.05203700 -0.02184900
v -0.00547300 -0.05203700 -0.02184900
v -0.00547300 -0.05203700 -0.02184900
v -0.00547300 -0.05203700 -0.02184900
v -0.00547300 -0.05203700 -0.02184900
v -0.00547300 -0.05203700 -0.02184900
v -0.00547300 -0.05203700 -0.02184900
v -0.00567900 -0.04549400 -0.02113200
v -0.00567900 -0.04549400 -0.02113200
v -0.00567900 -0.04549400 -0.02113200
v -0.00567900 -0.04549400 -0.02113200
v -0.00567900 -0.04549400 -0.02113200
v -0.00567900 -0.04549400 -0.02113200
v -0.00567900 -0.04549400 -0.02113200
v -0.00567900 -0.04549400 -0.02113200
v -0.00551200 -0.04683100 -0.02168800
v -0.00551200 -0.04683100 -0.02168800
v -0.00551200 -0.04683100 -0.02168800
v -0.00551200 -0.04683100 -0.02168800
v -0.00551200 -0.04683100 -0.02168800
v -0.00551200 -0.04683100 -0.02168800
v -0.00551200 -0.04683100 -0.02168800
v -0.00570300 -0.04549400 -0.01918200
v -0.00570300 -0.04549400 -0.01918200
v -0.00570300 -0.04549400 -0.01918200
v -0.00570300 -0.04549400 -0.01918200
v -0.00570300 -0.04549400 -0.01918200
v -0.00570300 -0.04549400 -0.01918200
v -0.00570300 -0.04549400 -0.01918200
v -0.00570300 -0.04549400 -0.01918200
v 0.00290500 -0.07149400 -0.01636800
v 0.00290500 -0.07149400 -0.01636800
v 0.00290500 -0.07149400 -0.01636800
v 0.00290500 -0.07149400 -0.01636800
v 0.00088700 -0.07149100 -0.01545100
v 0.00088700 -0.07149100 -0.01545100
v 0.00088700 -0.07149100 -0.01545100
v 0.00088700 -0.07149100 -0.01545100
v 0.00088700 -0.07149100 -0.01545100
v 0.00088700 -0.07149100 -0.01545100
v 0.00088700 -0.07149100 -0.01545100
v 0.00438300 -0.07150500 -0.02202400
v 0.00438300 -0.07150500 -0.02202400
v 0.00438300 -0.07150500 -0.02202400
v 0.00438300 -0.07150500 -0.02202400
v 0.00438300 -0.07150500 -0.02202400
v 0.00438300 -0.07150500 -0.02202400
v 0.00472600 -0.07150300 -0.02054200
v 0.00472600 -0.07150300 -0.02054200
v 0.00472600 -0.07150300 -0.02054200
v 0.00472600 -0.07150300 -0.02054200
v 0.00472600 -0.07150300 -0.02054200
v 0.00472600 -0.07150300 -0.02054200
v 0.00472600 -0.07150300 -0.02054200
v -0.00102300 -0.07149500 -0.01552300
v -0.00102300 -0.07149500 -0.01552300
v -0.00102300 -0.07149500 -0.01552300
v -0.00102300 -0.07149500 -0.01552300
v -0.00102300 -0.07149500 -0.01552300
v -0.00102300 -0.07149500 -0.01552300
v 0.00459900 -0.07150600 -0.01895800
v 0.00459900 -0.07150600 -0.01895800
v 0.00459900 -0.07150600 -0.01895800
v 0.00459900 -0.07150600 -0.01895800
v 0.00459900 -0.07150600 -0.01895800
v 0.00459900 -0.07150600 -0.01895800
v 0.00431900 -0.07094500 -0.01953900
v 0.00431900 -0.07094500 -0.01953900
v 0.00431900 -0.07094500 -0.01953900
v 0.00431900 -0.07094500 -0.01953900
v 0.00431900 -0.07094500 -0.01953900
v 0.00431900 -0.07094500 -0.01953900
v 0.00407500 -0.07095000 -0.01860700
v 0.00407500 -0.07095000 -0.01860700
v 0.00407500 -0.07095000 -0.01860700
v 0.00407500 -0.07095000 -0.01860700
v 0.00407500 -0.07095000 -0.01860700
v 0.00407500 -0.07095000 -0.01860700
v 0.00407500 -0.07095000 -0.01860700
v 0.00120800 -0.07077700 -0.01583800
v 0.00120800 -0.07077700 -0.01583800
v 0.00120800 -0.07077700 -0.01583800
v 0.00120800 -0.07077700 -0.01583800
v 0.00120800 -0.07077700 -0.01583800
v 0.00120800 -0.07077700 -0.01583800
v 0.00350600 -0.07083100 -0.02292200
v 0.00350600 -0.07083100 -0.02292200
v 0.00350600 -0.07083100 -0.02292200
v 0.00350600 -0.07083100 -0.02292200
v 0.00350600 -0.07083100 -0.02292200
v 0.00225900 -0.07136500 -0.01632900
v 0.00225900 -0.07136500 -0.01632900
v 0.00225900 -0.07136500 -0.01632900
v 0.00225900 -0.07136500 -0.01632900
v 0.00225900 -0.07136500 -0.01632900
v 0.00225900 -0.07136500 -0.01632900
v 0.00339300 -0.07110300 -0.02293000
v 0.00339300 -0.07110300 -0.02293000
v 0.00339300 -0.07110300 -0.02293000
v 0.00339300 -0.07110300 -0.02293000
v 0.00339300 -0.07110300 -0.02293000
v 0.00339300 -0.07110300 -0.02293000
v 0.00442600 -0.07134500 -0.01966100
v 0.00442600 -0.07134500 -0.01966100
v 0.00442600 -0.07134500 -0.01966100
v 0.00442600 -0.07134500 -0.01966100
v 0.00442600 -0.07134500 -0.01966100
v 0.00442600 -0.07134500 -0.01966100
v 0.00442600 -0.07134500 -0.01966100
v 0.00158700 -0.07070100 -0.01567300
v 0.00158700 -0.07070100 -0.01567300
v 0.00158700 -0.07070100 -0.01567300
v 0.00158700 -0.07070100 -0.01567300
v 0.00158700 -0.07070100 -0.01567300
v 0.00166900 -0.07104500 -0.01615000
v 0.00166900 -0.07104500 -0.01615000
v 0.00166900 -0.07104500 -0.01615000
v 0.00166900 -0.07104500 -0.01615000
v 0.00166900 -0.07104500 -0.01615000
v 0.00392000 -0.07132400 -0.02225200
v 0.00392000 -0.07132400 -0.02225200
v 0.00392000 -0.07132400 -0.02225200
v 0.00392000 -0.07132400 -0.02225200
v 0.00392000 -0.07132400 -0.02225200
v 0.00392000 -0.07132400 -0.02225200
v 0.00461600 -0.07068100 -0.02141100
v 0.00461600 -0.07068100 -0.02141100
v 0.00461600 -0.07068100 -0.02141100
v 0.00461600 -0.07068100 -0.02141100
v 0.00461600 -0.07068100 -0.02141100
v 0.00461600 -0.07068100 -0.02141100
v 0.00461600 -0.07068100 -0.02141100
v 0.00461600 -0.07068100 -0.02141100
v 0.00461600 -0.07068100 -0.02141100
v 0.00437200 -0.07068100 -0.01827500
v 0.00437200 -0.07068100 -0.01827500
v 0.00437200 -0.07068100 -0.01827500
v 0.00437200 -0.07068100 -0.01827500
v 0.00437200 -0.07068100 -0.01827500
v 0.00437200 -0.07068100 -0.01827500
v 0.00406500 -0.07094400 -0.02178600
v 0.00406500 -0.07094400 -0.02178600
v 0.00406500 -0.07094400 -0.02178600
v 0.00406500 -0.07094400 -0.02178600
v 0.00406500 -0.07094400 -0.02178600
v 0.00406500 -0.07094400 -0.02178600
v 0.00362800 -0.07068000 -0.01710300
v 0.00362800 -0.07068000 -0.01710300
v 0.00362800 -0.07068000 -0.01710300
v 0.00362800 -0.07068000 -0.01710300
v 0.00362800 -0.07068000 -0.01710300
v 0.00362800 -0.07068000 -0.01710300
v 0.00404900 -0.07132500 -0.01840500
v 0.00404900 -0.07132500 -0.01840500
v 0.00404900 -0.07132500 -0.01840500
v 0.00404900 -0.07132500 -0.01840500
v 0.00404900 -0.07132500 -0.01840500
v 0.00102200 -0.07137000 -0.01584300
v 0.00102200 -0.07137000 -0.01584300
v 0.00102200 -0.07137000 -0.01584300
v 0.00102200 -0.07137000 -0.01584300
v 0.00102200 -0.07137000 -0.01584300
v 0.00344300 -0.07086200 -0.01737500
v 0.00344300 -0.07086200 -0.01737500
v 0.00344300 -0.07086200 -0.01737500
v 0.00344300 -0.07086200 -0.01737500
v 0.00010300 -0.07069100 -0.01541700
v 0.00010300 -0.07069100 -0.01541700
v 0.00010300 -0.07069100 -0.01541700
v 0.00010300 -0.07069100 -0.01541700
v 0.00010300 -0.07069100 -0.01541700
v 0.00010300 -0.07069100 -0.01541700
v 0.00010300 -0.07069100 -0.01541700
v 0.00033400 -0.07123500 -0.01581800
v 0.00033400 -0.07123500 -0.01581800
v 0.00033400 -0.07123500 -0.01581800
v 0.00033400 -0.07123500 -0.01581800
v 0.00033400 -0.07123500 -0.01581800
v 0.00033400 -0.07123500 -0.01581800
v 0.00033400 -0.07123500 -0.01581800
v 0.00340200 -0.07123800 -0.01742200
v 0.00340200 -0.07123800 -0.01742200
v 0.00340200 -0.07123800 -0.01742200
v 0.00340200 -0.07123800 -0.01742200
v 0.00340200 -0.07123800 -0.01742200
v 0.00340200 -0.07123800 -0.01742200
v -0.00043900 -0.07086200 -0.01575900
v -0.00043900 -0.07086200 -0.01575900
v -0.00043900 -0.07086200 -0.01575900
v -0.00043900 -0.07086200 -0.01575900
v -0.00043900 -0.07086200 -0.01575900
v -0.00043900 -0.07086200 -0.01575900
v 0.00434900 -0.07095000 -0.02054600
v 0.00434900 -0.07095000 -0.02054600
v 0.00434900 -0.07095000 -0.02054600
v 0.00434900 -0.07095000 -0.02054600
v 0.00434900 -0.07095000 -0.02054600
v 0.00375300 -0.07150500 -0.01727700
v 0.00375300 -0.07150500 -0.01727700
v 0.00375300 -0.07150500 -0.01727700
v 0.00375300 -0.07150500 -0.01727700
v 0.00375300 -0.07150500 -0.01727700
v 0.00375300 -0.07150500 -0.01727700
v 0.00375300 -0.07150500 -0.01727700
v 0.00435700 -0.07132600 -0.02096000
v 0.00435700 -0.07132600 -0.02096000
v 0.00435700 -0.07132600 -0.02096000
v 0.00435700 -0.07132600 -0.02096000
v 0.00435700 -0.07132600 -0.02096000
v -0.00131300 -0.07068300 -0.01559000
v -0.00131300 -0.07068300 -0.01559000
v -0.00131300 -0.07068300 -0.01559000
v -0.00131300 -0.07068300 -0.01559000
v -0.00131300 -0.07068300 -0.01559000
v -0.00131300 -0.07068300 -0.01559000
v -0.00131300 -0.07068300 -0.01559000
v 0.00473700 -0.07067600 -0.01976200
v 0.00473700 -0.07067600 -0.01976200
v 0.00473700 -0.07067600 -0.01976200
v 0.00473700 -0.07067600 -0.01976200
v 0.00473700 -0.07067600 -0.01976200
v 0.00277600 -0.07067800 -0.01632700
v 0.00277600 -0.07067800 -0.01632700
v 0.00277600 -0.07067800 -0.01632700
v 0.00277600 -0.07067800 -0.01632700
v 0.00277600 -0.07067800 -0.01632700
v 0.00277600 -0.07067800 -0.01632700
v -0.00066600 -0.07116800 -0.01587100
v -0.00066600 -0.07116800 -0.01587100
v -0.00066600 -0.07116800 -0.01587100
v -0.00066600 -0.07116800 -0.01587100
v -0.00066600 -0.07116800 -0.01587100
v 0.00374400 -0.07069400 -0.02313200
v 0.00374400 -0.07069400 -0.02313200
v 0.00374400 -0.07069400 -0.02313200
v 0.00374400 -0.07069400 -0.02313200
v 0.00238500 -0.07093800 -0.01651400
v 0.00238500 -0.07093800 -0.01651400
v 0.00238500 -0.07093800 -0.01651400
v 0.00238500 -0.07093800 -0.01651400
v 0.00238500 -0.07093800 -0.01651400
v 0.00238500 -0.07093800 -0.01651400
v 0.00238500 -0.07093800 -0.01651400
v 0.00463300 -0.06881000 -0.01881400
v 0.00463300 -0.06881000 -0.01881400
v 0.00463300 -0.06881000 -0.01881400
v 0.00463300 -0.06881000 -0.01881400
v 0.00463300 -0.06881000 -0.01881400
v 0.00377600 -0.06880300 -0.01718900
v 0.00377600 -0.06880300 -0.01718900
v 0.00377600 -0.06880300 -0.01718900
v 0.00377600 -0.06880300 -0.01718900
v 0.00377600 -0.06880300 -0.01718900
v 0.00377600 -0.06880300 -0.01718900
v 0.00377600 -0.06880300 -0.01718900
v 0.00377600 -0.06880300 -0.01718900
v 0.00353500 -0.06880200 -0.02342700
v 0.00353500 -0.06880200 -0.02342700
v 0.00353500 -0.06880200 -0.02342700
v 0.00353500 -0.06880200 -0.02342700
v 0.00353500 -0.06880200 -0.02342700
v 0.00353500 -0.06880200 -0.02342700
v 0.00353500 -0.06880200 -0.02342700
v 0.00203400 -0.06880100 -0.01575900
v 0.00203400 -0.06880100 -0.01575900
v 0.00203400 -0.06880100 -0.01575900
v 0.00203400 -0.06880100 -0.01575900
v 0.00203400 -0.06880100 -0.01575900
v 0.00203400 -0.06880100 -0.01575900
v 0.00203400 -0.06880100 -0.01575900
v 0.00437800 -0.06880000 -0.02219100
v 0.00437800 -0.06880000 -0.02219100
v 0.00437800 -0.06880000 -0.02219100
v 0.00437800 -0.06880000 -0.02219100
v 0.00437800 -0.06880000 -0.02219100
v 0.00437800 -0.06880000 -0.02219100
v 0.00034500 -0.06880100 -0.01539700
v 0.00034500 -0.06880100 -0.01539700
v 0.00034500 -0.06880100 -0.01539700
v 0.00034500 -0.06880100 -0.01539700
v 0.00034500 -0.06880100 -0.01539700
v 0.00478400 -0.06880800 -0.02076000
v 0.00478400 -0.06880800 -0.02076000
v 0.00478400 -0.06880800 -0.02076000
v 0.00478400 -0.06880800 -0.02076000
v 0.00478400 -0.06880800 -0.02076000
v 0.00478400 -0.06880800 -0.02076000
v -0.00107900 -0.06881200 -0.01548600
v -0.00107900 -0.06881200 -0.01548600
v -0.00107900 -0.06881200 -0.01548600
v -0.00107900 -0.06881200 -0.01548600
v -0.00107900 -0.06881200 -0.01548600
v 0.00280500 -0.06864200 -0.01660800
v 0.00280500 -0.06864200 -0.01660800
v 0.00280500 -0.06864200 -0.01660800
v 0.00280500 -0.06864200 -0.01660800
v 0.00280500 -0.06864200 -0.01660800
v 0.00280500 -0.06864200 -0.01660800
v 0.00280500 -0.06864200 -0.01660800
v 0.00350000 -0.06825300 -0.02294100
v 0.00350000 -0.06825300 -0.02294100
v 0.00350000 -0.06825300 -0.02294100
v 0.00350000 -0.06825300 -0.02294100
v 0.00445100 -0.06861500 -0.01933700
v 0.00445100 -0.06861500 -0.01933700
v 0.00445100 -0.06861500 -0.01933700
v 0.00445100 -0.06861500 -0.01933700
v 0.00445100 -0.06861500 -0.01933700
v 0.00445100 -0.06861500 -0.01933700
v 0.00445100 -0.06861500 -0.01933700
v 0.00440400 -0.06811200 -0.02138700
v 0.00440400 -0.06811200 -0.02138700
v 0.00440400 -0.06811200 -0.02138700
v 0.00440400 -0.06811200 -0.02138700
v 0.00440400 -0.06811200 -0.02138700
v 0.00440400 -0.06811200 -0.02138700
v 0.00442300 -0.06829200 -0.01980800
v 0.00442300 -0.06829200 -0.01980800
v 0.00442300 -0.06829200 -0.01980800
v 0.00442300 -0.06829200 -0.01980800
v 0.00442300 -0.06829200 -0.01980800
v 0.00427100 -0.06827200 -0.01894300
v 0.00427100 -0.06827200 -0.01894300
v 0.00427100 -0.06827200 -0.01894300
v 0.00427100 -0.06827200 -0.01894300
v 0.00427100 -0.06827200 -0.01894300
v 0.00206400 -0.06809700 -0.01608300
v 0.00206400 -0.06809700 -0.01608300
v 0.00206400 -0.06809700 -0.01608300
v 0.00206400 -0.06809700 -0.01608300
v 0.00206400 -0.06809700 -0.01608300
v 0.00206400 -0.06809700 -0.01608300
v 0.00206400 -0.06809700 -0.01608300
v 0.00226200 -0.06826300 -0.01633700
v 0.00226200 -0.06826300 -0.01633700
v 0.00226200 -0.06826300 -0.01633700
v 0.00226200 -0.06826300 -0.01633700
v 0.00398100 -0.06860400 -0.02228300
v 0.00398100 -0.06860400 -0.02228300
v 0.00398100 -0.06860400 -0.02228300
v 0.00398100 -0.06860400 -0.02228300
v 0.00398100 -0.06860400 -0.02228300
v 0.00398100 -0.06860400 -0.02228300
v 0.00398100 -0.06860400 -0.02228300
v 0.00326800 -0.06860500 -0.02324900
v 0.00326800 -0.06860500 -0.02324900
v 0.00326800 -0.06860500 -0.02324900
v 0.00326800 -0.06860500 -0.02324900
v 0.00126900 -0.06799500 -0.01546500
v 0.00126900 -0.06799500 -0.01546500
v 0.00126900 -0.06799500 -0.01546500
v 0.00126900 -0.06799500 -0.01546500
v 0.00126900 -0.06799500 -0.01546500
v 0.00069800 -0.06802300 -0.01554000
v 0.00069800 -0.06802300 -0.01554000
v 0.00069800 -0.06802300 -0.01554000
v 0.00069800 -0.06802300 -0.01554000
v 0.00069800 -0.06802300 -0.01554000
v 0.00069800 -0.06802300 -0.01554000
v 0.00454700 -0.06804700 -0.01914800
v 0.00454700 -0.06804700 -0.01914800
v 0.00454700 -0.06804700 -0.01914800
v 0.00454700 -0.06804700 -0.01914800
v 0.00454700 -0.06804700 -0.01914800
v 0.00454700 -0.06804700 -0.01914800
v 0.00454700 -0.06804700 -0.01914800
v 0.00454700 -0.06804700 -0.01914800
v 0.00402600 -0.06827200 -0.02205700
v 0.00402600 -0.06827200 -0.02205700
v 0.00402600 -0.06827200 -0.02205700
v 0.00402600 -0.06827200 -0.02205700
v 0.00402600 -0.06827200 -0.02205700
v 0.00465300 -0.06799100 -0.02163400
v 0.00465300 -0.06799100 -0.02163400
v 0.00465300 -0.06799100 -0.02163400
v 0.00465300 -0.06799100 -0.02163400
v 0.00465300 -0.06799100 -0.02163400
v 0.00465300 -0.06799100 -0.02163400
v 0.00465300 -0.06799100 -0.02163400
v 0.00406400 -0.06797000 -0.01749400
v 0.00406400 -0.06797000 -0.01749400
v 0.00406400 -0.06797000 -0.01749400
v 0.00406400 -0.06797000 -0.01749400
v 0.00406400 -0.06797000 -0.01749400
v 0.00406400 -0.06797000 -0.01749400
v 0.00406400 -0.06797000 -0.01749400
v 0.00406400 -0.06797000 -0.01749400
v 0.00460800 -0.06798800 -0.01863900
v 0.00460800 -0.06798800 -0.01863900
v 0.00460800 -0.06798800 -0.01863900
v 0.00460800 -0.06798800 -0.01863900
v 0.00460800 -0.06798800 -0.01863900
v 0.00377000 -0.06821600 -0.01780000
v 0.00377000 -0.06821600 -0.01780000
v 0.00377000 -0.06821600 -0.01780000
v 0.00377000 -0.06821600 -0.01780000
v 0.00377000 -0.06821600 -0.01780000
v 0.00377000 -0.06821600 -0.01780000
v 0.00136800 -0.06858000 -0.01593400
v 0.00136800 -0.06858000 -0.01593400
v 0.00136800 -0.06858000 -0.01593400
v 0.00136800 -0.06858000 -0.01593400
v 0.00136800 -0.06858000 -0.01593400
v 0.00136800 -0.06858000 -0.01593400
v 0.00136800 -0.06858000 -0.01593400
v 0.00054700 -0.06827200 -0.01576400
v 0.00054700 -0.06827200 -0.01576400
v 0.00054700 -0.06827200 -0.01576400
v 0.00054700 -0.06827200 -0.01576400
v 0.00054700 -0.06827200 -0.01576400
v 0.00054700 -0.06827200 -0.01576400
v 0.00285100 -0.06799400 -0.01621900
v 0.00285100 -0.06799400 -0.01621900
v 0.00285100 -0.06799400 -0.01621900
v 0.00285100 -0.06799400 -0.01621900
v 0.00285100 -0.06799400 -0.01621900
v 0.00285100 -0.06799400 -0.01621900
v 0.00384300 -0.06860500 -0.01784200
v 0.00384300 -0.06860500 -0.01784200
v 0.00384300 -0.06860500 -0.01784200
v 0.00384300 -0.06860500 -0.01784200
v 0.00384300 -0.06860500 -0.01784200
v -0.00046400 -0.06799500 -0.01531900
v -0.00046400 -0.06799500 -0.01531900
v -0.00046400 -0.06799500 -0.01531900
v -0.00046400 -0.06799500 -0.01531900
v -0.00046400 -0.06799500 -0.01531900
v -0.00046400 -0.06799500 -0.01531900
v 0.00437500 -0.06852000 -0.02093200
v 0.00437500 -0.06852000 -0.02093200
v 0.00437500 -0.06852000 -0.02093200
v 0.00437500 -0.06852000 -0.02093200
v 0.00437500 -0.06852000 -0.02093200
v 0.00437500 -0.06852000 -0.02093200
v 0.00437500 -0.06852000 -0.02093200
v -0.00022900 -0.06859100 -0.01566700
v -0.00022900 -0.06859100 -0.01566700
v -0.00022900 -0.06859100 -0.01566700
v -0.00022900 -0.06859100 -0.01566700
v -0.00022900 -0.06859100 -0.01566700
v -0.00022900 -0.06859100 -0.01566700
v -0.00022900 -0.06859100 -0.01566700
v 0.00307900 -0.06827000 -0.01696600
v 0.00307900 -0.06827000 -0.01696600
v 0.00307900 -0.06827000 -0.01696600
v 0.00307900 -0.06827000 -0.01696600
v 0.00307900 -0.06827000 -0.01696600
v 0.00487000 -0.06799500 -0.01991300
v 0.00487000 -0.06799500 -0.01991300
v 0.00487000 -0.06799500 -0.01991300
v 0.00487000 -0.06799500 -0.01991300
v 0.00487000 -0.06799500 -0.01991300
v 0.00300000 -0.06829500 -0.02346000
v 0.00300000 -0.06829500 -0.02346000
v 0.00300000 -0.06829500 -0.02346000
v 0.00300000 -0.06829500 -0.02346000
v 0.00300000 -0.06829500 -0.02346000
v 0.00300000 -0.06829500 -0.02346000
v -0.00055100 -0.06806400 -0.01560200
v -0.00055100 -0.06806400 -0.01560200
v -0.00055100 -0.06806400 -0.01560200
v -0.00055100 -0.06806400 -0.01560200
v -0.00055100 -0.06806400 -0.01560200
v -0.00055100 -0.06806400 -0.01560200
v -0.00066200 -0.06827200 -0.01577700
v -0.00066200 -0.06827200 -0.01577700
v -0.00066200 -0.06827200 -0.01577700
v -0.00066200 -0.06827200 -0.01577700
v -0.00066200 -0.06827200 -0.01577700
v 0.00384400 -0.06799500 -0.02317600
v 0.00384400 -0.06799500 -0.02317600
v 0.00384400 -0.06799500 -0.02317600
v 0.00384400 -0.06799500 -0.02317600
v 0.00384400 -0.06799500 -0.02317600
v 0.00501300 -0.06610300 -0.01969100
v 0.00501300 -0.06610300 -0.01969100
v 0.00501300 -0.06610300 -0.01969100
v 0.00501300 -0.06610300 -0.01969100
v 0.00501300 -0.06610300 -0.01969100
v 0.00501300 -0.06610300 -0.01969100
v 0.00501300 -0.06610300 -0.01969100
v 0.00440000 -0.06609700 -0.01770700
v 0.00440000 -0.06609700 -0.01770700
v 0.00440000 -0.06609700 -0.01770700
v 0.00440000 -0.06609700 -0.01770700
v 0.00440000 -0.06609700 -0.01770700
v 0.00440000 -0.06609700 -0.01770700
v 0.00440000 -0.06609700 -0.01770700
v 0.00440000 -0.06609700 -0.01770700
v 0.00348500 -0.06609100 -0.01651300
v 0.00348500 -0.06609100 -0.01651300
v 0.00348500 -0.06609100 -0.01651300
v 0.00348500 -0.06609100 -0.01651300
v 0.00348500 -0.06609100 -0.01651300
v 0.00195000 -0.06610000 -0.01552700
v 0.00195000 -0.06610000 -0.01552700
v 0.00195000 -0.06610000 -0.01552700
v 0.00195000 -0.06610000 -0.01552700
v 0.00195000 -0.06610000 -0.01552700
v 0.00195000 -0.06610000 -0.01552700
v 0.00195000 -0.06610000 -0.01552700
v 0.00417900 -0.06609100 -0.02301800
v 0.00417900 -0.06609100 -0.02301800
v 0.00417900 -0.06609100 -0.02301800
v 0.00417900 -0.06609100 -0.02301800
v 0.00417900 -0.06609100 -0.02301800
v 0.00417900 -0.06609100 -0.02301800
v 0.00028100 -0.06609900 -0.01513100
v 0.00028100 -0.06609900 -0.01513100
v 0.00028100 -0.06609900 -0.01513100
v 0.00028100 -0.06609900 -0.01513100
v 0.00028100 -0.06609900 -0.01513100
v 0.00490300 -0.06609500 -0.02139500
v 0.00490300 -0.06609500 -0.02139500
v 0.00490300 -0.06609500 -0.02139500
v 0.00490300 -0.06609500 -0.02139500
v 0.00490300 -0.06609500 -0.02139500
v -0.00184900 -0.06609900 -0.01544800
v -0.00184900 -0.06609900 -0.01544800
v -0.00184900 -0.06609900 -0.01544800
v -0.00184900 -0.06609900 -0.01544800
v -0.00184900 -0.06609900 -0.01544800
v -0.00184900 -0.06609900 -0.01544800
v -0.00184900 -0.06609900 -0.01544800
v 0.00466500 -0.06539800 -0.01896700
v 0.00466500 -0.06539800 -0.01896700
v 0.00466500 -0.06539800 -0.01896700
v 0.00466500 -0.06539800 -0.01896700
v 0.00466500 -0.06539800 -0.01896700
v 0.00466500 -0.06539800 -0.01896700
v 0.00466500 -0.06539800 -0.01896700
v 0.00466500 -0.06539800 -0.01896700
v 0.00400500 -0.06537900 -0.02287200
v 0.00400500 -0.06537900 -0.02287200
v 0.00400500 -0.06537900 -0.02287200
v 0.00400500 -0.06537900 -0.02287200
v 0.00400500 -0.06537900 -0.02287200
v 0.00400500 -0.06537900 -0.02287200
v -0.00131700 -0.06554800 -0.01565100
v -0.00131700 -0.06554800 -0.01565100
v -0.00131700 -0.06554800 -0.01565100
v -0.00131700 -0.06554800 -0.01565100
v -0.00131700 -0.06554800 -0.01565100
v -0.00131700 -0.06554800 -0.01565100
v -0.00131700 -0.06554800 -0.01565100
v 0.00366700 -0.06600500 -0.02329200
v 0.00366700 -0.06600500 -0.02329200
v 0.00366700 -0.06600500 -0.02329200
v 0.00366700 -0.06600500 -0.02329200
v 0.00366700 -0.06600500 -0.02329200
v 0.00462400 -0.06573800 -0.01944400
v 0.00462400 -0.06573800 -0.01944400
v 0.00462400 -0.06573800 -0.01944400
v 0.00462400 -0.06573800 -0.01944400
v 0.00462400 -0.06573800 -0.01944400
v 0.00462400 -0.06573800 -0.01944400
v 0.00465500 -0.06602600 -0.01877800
v 0.00465500 -0.06602600 -0.01877800
v 0.00465500 -0.06602600 -0.01877800
v 0.00465500 -0.06602600 -0.01877800
v 0.00465500 -0.06602600 -0.01877800
v 0.00293800 -0.06569400 -0.01651600
v 0.00293800 -0.06569400 -0.01651600
v 0.00293800 -0.06569400 -0.01651600
v 0.00293800 -0.06569400 -0.01651600
v 0.00293800 -0.06569400 -0.01651600
v 0.00293800 -0.06569400 -0.01651600
v 0.00353200 -0.06569200 -0.02324600
v 0.00353200 -0.06569200 -0.02324600
v 0.00353200 -0.06569200 -0.02324600
v 0.00353200 -0.06569200 -0.02324600
v 0.00353200 -0.06569200 -0.02324600
v 0.00353200 -0.06569200 -0.02324600
v 0.00246300 -0.06539100 -0.01602600
v 0.00246300 -0.06539100 -0.01602600
v 0.00246300 -0.06539100 -0.01602600
v 0.00246300 -0.06539100 -0.01602600
v 0.00246300 -0.06539100 -0.01602600
v 0.00246300 -0.06539100 -0.01602600
v 0.00469900 -0.06528900 -0.01808900
v 0.00469900 -0.06528900 -0.01808900
v 0.00469900 -0.06528900 -0.01808900
v 0.00469900 -0.06528900 -0.01808900
v 0.00469900 -0.06528900 -0.01808900
v 0.00469900 -0.06528900 -0.01808900
v 0.00469900 -0.06528900 -0.01808900
v 0.00420600 -0.06538600 -0.01783500
v 0.00420600 -0.06538600 -0.01783500
v 0.00420600 -0.06538600 -0.01783500
v 0.00420600 -0.06538600 -0.01783500
v 0.00442600 -0.06569200 -0.01865100
v 0.00442600 -0.06569200 -0.01865100
v 0.00442600 -0.06569200 -0.01865100
v 0.00421700 -0.06554700 -0.02225400
v 0.00421700 -0.06554700 -0.02225400
v 0.00421700 -0.06554700 -0.02225400
v 0.00421700 -0.06554700 -0.02225400
v 0.00421700 -0.06554700 -0.02225400
v 0.00263300 -0.06600800 -0.01612700
v 0.00263300 -0.06600800 -0.01612700
v 0.00263300 -0.06600800 -0.01612700
v 0.00263300 -0.06600800 -0.01612700
v 0.00263300 -0.06600800 -0.01612700
v 0.00263300 -0.06600800 -0.01612700
v 0.00060500 -0.06539200 -0.01537600
v 0.00060500 -0.06539200 -0.01537600
v 0.00060500 -0.06539200 -0.01537600
v 0.00060500 -0.06539200 -0.01537600
v 0.00060500 -0.06539200 -0.01537600
v 0.00060500 -0.06539200 -0.01537600
v 0.00060500 -0.06539200 -0.01537600
v 0.00060500 -0.06539200 -0.01537600
v 0.00159300 -0.06578800 -0.01577300
v 0.00159300 -0.06578800 -0.01577300
v 0.00159300 -0.06578800 -0.01577300
v 0.00159300 -0.06578800 -0.01577300
v 0.00159300 -0.06578800 -0.01577300
v 0.00159300 -0.06578800 -0.01577300
v 0.00159300 -0.06578800 -0.01577300
v 0.00486900 -0.06529000 -0.02185400
v 0.00486900 -0.06529000 -0.02185400
v 0.00486900 -0.06529000 -0.02185400
v 0.00486900 -0.06529000 -0.02185400
v 0.00486900 -0.06529000 -0.02185400
v 0.00486900 -0.06529000 -0.02185400
v 0.00486900 -0.06529000 -0.02185400
v 0.00438900 -0.06595900 -0.02205900
v 0.00438900 -0.06595900 -0.02205900
v 0.00438900 -0.06595900 -0.02205900
v 0.00438900 -0.06595900 -0.02205900
v 0.00438900 -0.06595900 -0.02205900
v 0.00438900 -0.06595900 -0.02205900
v 0.00438900 -0.06595900 -0.02205900
v 0.00459900 -0.06543900 -0.02129400
v 0.00459900 -0.06543900 -0.02129400
v 0.00459900 -0.06543900 -0.02129400
v 0.00459900 -0.06543900 -0.02129400
v 0.00459900 -0.06543900 -0.02129400
v 0.00459900 -0.06543900 -0.02129400
v 0.00459900 -0.06543900 -0.02129400
v 0.00349700 -0.06539500 -0.01687900
v 0.00349700 -0.06539500 -0.01687900
v 0.00349700 -0.06539500 -0.01687900
v 0.00349700 -0.06539500 -0.01687900
v 0.00349700 -0.06539500 -0.01687900
v 0.00349700 -0.06539500 -0.01687900
v 0.00395700 -0.06578800 -0.01767300
v 0.00395700 -0.06578800 -0.01767300
v 0.00395700 -0.06578800 -0.01767300
v 0.00395700 -0.06578800 -0.01767300
v 0.00395700 -0.06578800 -0.01767300
v 0.00395700 -0.06578800 -0.01767300
v 0.00395700 -0.06578800 -0.01767300
v 0.00395700 -0.06578800 -0.01767300
v 0.00395700 -0.06578800 -0.01767300
v 0.00029700 -0.06572500 -0.01549500
v 0.00029700 -0.06572500 -0.01549500
v 0.00029700 -0.06572500 -0.01549500
v 0.00029700 -0.06572500 -0.01549500
v 0.00470900 -0.06587300 -0.02074800
v 0.00470900 -0.06587300 -0.02074800
v 0.00470900 -0.06587300 -0.02074800
v 0.00470900 -0.06587300 -0.02074800
v 0.00470900 -0.06587300 -0.02074800
v 0.00470900 -0.06587300 -0.02074800
v 0.00470900 -0.06587300 -0.02074800
v 0.00511900 -0.06529600 -0.02058300
v 0.00511900 -0.06529600 -0.02058300
v 0.00511900 -0.06529600 -0.02058300
v 0.00511900 -0.06529600 -0.02058300
v 0.00505100 -0.06529500 -0.01916800
v 0.00505100 -0.06529500 -0.01916800
v 0.00505100 -0.06529500 -0.01916800
v 0.00505100 -0.06529500 -0.01916800
v 0.00505100 -0.06529500 -0.01916800
v 0.00505100 -0.06529500 -0.01916800
v 0.00505100 -0.06529500 -0.01916800
v 0.00298600 -0.06529700 -0.02434900
v 0.00298600 -0.06529700 -0.02434900
v 0.00298600 -0.06529700 -0.02434900
v 0.00298600 -0.06529700 -0.02434900
v 0.00314600 -0.06543100 -0.02373000
v 0.00314600 -0.06543100 -0.02373000
v 0.00314600 -0.06543100 -0.02373000
v 0.00314600 -0.06543100 -0.02373000
v 0.00314600 -0.06543100 -0.02373000
v 0.00314600 -0.06543100 -0.02373000
v 0.00314600 -0.06543100 -0.02373000
v 0.00470800 -0.06551500 -0.02030900
v 0.00470800 -0.06551500 -0.02030900
v 0.00470800 -0.06551500 -0.02030900
v 0.00470800 -0.06551500 -0.02030900
v -0.00034000 -0.06597200 -0.01538500
v -0.00034000 -0.06597200 -0.01538500
v -0.00034000 -0.06597200 -0.01538500
v -0.00034000 -0.06597200 -0.01538500
v -0.00034000 -0.06597200 -0.01538500
v -0.00034000 -0.06597200 -0.01538500
v -0.00034000 -0.06597200 -0.01538500
v -0.00127500 -0.06534400 -0.01543700
v -0.00127500 -0.06534400 -0.01543700
v -0.00127500 -0.06534400 -0.01543700
v -0.00127500 -0.06534400 -0.01543700
v -0.00127500 -0.06534400 -0.01543700
v 0.00330400 -0.06592100 -0.01673800
v 0.00330400 -0.06592100 -0.01673800
v 0.00330400 -0.06592100 -0.01673800
v 0.00330400 -0.06592100 -0.01673800
v 0.00409000 -0.06529000 -0.02329000
v 0.00409000 -0.06529000 -0.02329000
v 0.00409000 -0.06529000 -0.02329000
v 0.00409000 -0.06529000 -0.02329000
v 0.00409000 -0.06529000 -0.02329000
v 0.00409000 -0.06529000 -0.02329000
v 0.00409000 -0.06529000 -0.02329000
v 0.00526700 -0.06339700 -0.01902800
v 0.00526700 -0.06339700 -0.01902800
v 0.00526700 -0.06339700 -0.01902800
v 0.00526700 -0.06339700 -0.01902800
v 0.00526700 -0.06339700 -0.01902800
v 0.00526700 -0.06339700 -0.01902800
v 0.00538200 -0.06339900 -0.02006300
v 0.00538200 -0.06339900 -0.02006300
v 0.00538200 -0.06339900 -0.02006300
v 0.00538200 -0.06339900 -0.02006300
v 0.00538200 -0.06339900 -0.02006300
v 0.00538200 -0.06339900 -0.02006300
v 0.00356300 -0.06339400 -0.02421400
v 0.00356300 -0.06339400 -0.02421400
v 0.00356300 -0.06339400 -0.02421400
v 0.00356300 -0.06339400 -0.02421400
v 0.00356300 -0.06339400 -0.02421400
v 0.00444800 -0.06339300 -0.02324000
v 0.00444800 -0.06339300 -0.02324000
v 0.00444800 -0.06339300 -0.02324000
v 0.00444800 -0.06339300 -0.02324000
v 0.00444800 -0.06339300 -0.02324000
v 0.00444800 -0.06339300 -0.02324000
v 0.00519500 -0.06339900 -0.02163300
v 0.00519500 -0.06339900 -0.02163300
v 0.00519500 -0.06339900 -0.02163300
v 0.00519500 -0.06339900 -0.02163300
v 0.00519500 -0.06339900 -0.02163300
v 0.00519500 -0.06339900 -0.02163300
v 0.00328100 -0.06332500 -0.02423400
v 0.00328100 -0.06332500 -0.02423400
v 0.00328100 -0.06332500 -0.02423400
v 0.00328100 -0.06332500 -0.02423400
v 0.00328100 -0.06332500 -0.02423400
v 0.00328100 -0.06332500 -0.02423400
v 0.00328100 -0.06332500 -0.02423400
v 0.00508200 -0.06277000 -0.01981600
v 0.00508200 -0.06277000 -0.01981600
v 0.00508200 -0.06277000 -0.01981600
v 0.00508200 -0.06277000 -0.01981600
v 0.00508200 -0.06277000 -0.01981600
v 0.00508200 -0.06277000 -0.01981600
v 0.00322200 -0.06277000 -0.01624300
v 0.00322200 -0.06277000 -0.01624300
v 0.00322200 -0.06277000 -0.01624300
v 0.00322200 -0.06277000 -0.01624300
v 0.00322200 -0.06277000 -0.01624300
v 0.00390600 -0.06285700 -0.02338200
v 0.00390600 -0.06285700 -0.02338200
v 0.00390600 -0.06285700 -0.02338200
v 0.00390600 -0.06285700 -0.02338200
v 0.00390600 -0.06285700 -0.02338200
v 0.00240100 -0.06263800 -0.01551500
v 0.00240100 -0.06263800 -0.01551500
v 0.00240100 -0.06263800 -0.01551500
v 0.00240100 -0.06263800 -0.01551500
v 0.00240100 -0.06263800 -0.01551500
v 0.00240100 -0.06263800 -0.01551500
v 0.00240100 -0.06263800 -0.01551500
v -0.00132200 -0.06259200 -0.01484300
v -0.00132200 -0.06259200 -0.01484300
v -0.00132200 -0.06259200 -0.01484300
v -0.00132200 -0.06259200 -0.01484300
v -0.00132200 -0.06259200 -0.01484300
v 0.00005000 -0.06258300 -0.01471700
v 0.00005000 -0.06258300 -0.01471700
v 0.00005000 -0.06258300 -0.01471700
v 0.00005000 -0.06258300 -0.01471700
v 0.00005000 -0.06258300 -0.01471700
v 0.00005000 -0.06258300 -0.01471700
v 0.00005000 -0.06258300 -0.01471700
v 0.00005000 -0.06258300 -0.01471700
v -0.00014900 -0.06310100 -0.01513100
v -0.00014900 -0.06310100 -0.01513100
v -0.00014900 -0.06310100 -0.01513100
v -0.00014900 -0.06310100 -0.01513100
v -0.00014900 -0.06310100 -0.01513100
v 0.00340200 -0.06318800 -0.01641900
v 0.00340200 -0.06318800 -0.01641900
v 0.00340200 -0.06318800 -0.01641900
v 0.00340200 -0.06318800 -0.01641900
v 0.00340200 -0.06318800 -0.01641900
v 0.00340200 -0.06318800 -0.01641900
v 0.00340200 -0.06318800 -0.01641900
v 0.00489600 -0.06260200 -0.01764900
v 0.00489600 -0.06260200 -0.01764900
v 0.00489600 -0.06260200 -0.01764900
v 0.00489600 -0.06260200 -0.01764900
v 0.00489600 -0.06260200 -0.01764900
v 0.00489600 -0.06260200 -0.01764900
v 0.00489600 -0.06260200 -0.01764900
v 0.00489600 -0.06260200 -0.01764900
v 0.00489600 -0.06260200 -0.01764900
v 0.00489600 -0.06260200 -0.01764900
v 0.00447400 -0.06258900 -0.02334700
v 0.00447400 -0.06258900 -0.02334700
v 0.00447400 -0.06258900 -0.02334700
v 0.00447400 -0.06258900 -0.02334700
v 0.00447400 -0.06258900 -0.02334700
v 0.00447400 -0.06258900 -0.02334700
v 0.00388800 -0.06310600 -0.02339600
v 0.00388800 -0.06310600 -0.02339600
v 0.00388800 -0.06310600 -0.02339600
v 0.00388800 -0.06310600 -0.02339600
v 0.00388800 -0.06310600 -0.02339600
v 0.00502000 -0.06318800 -0.01957200
v 0.00502000 -0.06318800 -0.01957200
v 0.00502000 -0.06318800 -0.01957200
v 0.00502000 -0.06318800 -0.01957200
v 0.00502000 -0.06318800 -0.01957200
v 0.00502000 -0.06318800 -0.01957200
v 0.00463400 -0.06266300 -0.02255200
v 0.00463400 -0.06266300 -0.02255200
v 0.00463400 -0.06266300 -0.02255200
v 0.00463400 -0.06266300 -0.02255200
v 0.00463400 -0.06266300 -0.02255200
v 0.00463400 -0.06266300 -0.02255200
v 0.00463400 -0.06266300 -0.02255200
v -0.00021700 -0.06328800 -0.01498100
v -0.00021700 -0.06328800 -0.01498100
v -0.00021700 -0.06328800 -0.01498100
v -0.00021700 -0.06328800 -0.01498100
v -0.00021700 -0.06328800 -0.01498100
v -0.00021700 -0.06328800 -0.01498100
v -0.00021700 -0.06328800 -0.01498100
v -0.00072400 -0.06282300 -0.01513900
v -0.00072400 -0.06282300 -0.01513900
v -0.00072400 -0.06282300 -0.01513900
v -0.00072400 -0.06282300 -0.01513900
v -0.00072400 -0.06282300 -0.01513900
v -0.00072400 -0.06282300 -0.01513900
v 0.00452400 -0.06332900 -0.02275600
v 0.00452400 -0.06332900 -0.02275600
v 0.00452400 -0.06332900 -0.02275600
v 0.00452400 -0.06332900 -0.02275600
v 0.00452400 -0.06332900 -0.02275600
v 0.00452400 -0.06332900 -0.02275600
v 0.00285900 -0.06258900 -0.01549800
v 0.00285900 -0.06258900 -0.01549800
v 0.00285900 -0.06258900 -0.01549800
v 0.00285900 -0.06258900 -0.01549800
v 0.00285900 -0.06258900 -0.01549800
v 0.00476500 -0.06263600 -0.01800600
v 0.00476500 -0.06263600 -0.01800600
v 0.00476500 -0.06263600 -0.01800600
v 0.00476500 -0.06263600 -0.01800600
v 0.00476500 -0.06263600 -0.01800600
v 0.00461000 -0.06288700 -0.01812400
v 0.00461000 -0.06288700 -0.01812400
v 0.00461000 -0.06288700 -0.01812400
v 0.00461000 -0.06288700 -0.01812400
v 0.00461000 -0.06288700 -0.01812400
v 0.00461000 -0.06288700 -0.01812400
v 0.00216400 -0.06299800 -0.01566200
v 0.00216400 -0.06299800 -0.01566200
v 0.00216400 -0.06299800 -0.01566200
v 0.00216400 -0.06299800 -0.01566200
v 0.00216400 -0.06299800 -0.01566200
v 0.00216400 -0.06299800 -0.01566200
v 0.00454000 -0.06300000 -0.02226900
v 0.00454000 -0.06300000 -0.02226900
v 0.00454000 -0.06300000 -0.02226900
v 0.00454000 -0.06300000 -0.02226900
v 0.00454000 -0.06300000 -0.02226900
v 0.00454000 -0.06300000 -0.02226900
v -0.00172400 -0.06319300 -0.01542300
v -0.00172400 -0.06319300 -0.01542300
v -0.00172400 -0.06319300 -0.01542300
v -0.00172400 -0.06319300 -0.01542300
v -0.00172400 -0.06319300 -0.01542300
v 0.00507400 -0.06258800 -0.02227000
v 0.00507400 -0.06258800 -0.02227000
v 0.00507400 -0.06258800 -0.02227000
v 0.00507400 -0.06258800 -0.02227000
v 0.00507400 -0.06258800 -0.02227000
v 0.00507400 -0.06258800 -0.02227000
v -0.00240600 -0.06258700 -0.01525000
v -0.00240600 -0.06258700 -0.01525000
v -0.00240600 -0.06258700 -0.01525000
v -0.00240600 -0.06258700 -0.01525000
v -0.00240600 -0.06258700 -0.01525000
v -0.00240600 -0.06258700 -0.01525000
v -0.00240600 -0.06258700 -0.01525000
v 0.00485300 -0.06322600 -0.01865200
v 0.00485300 -0.06322600 -0.01865200
v 0.00485300 -0.06322600 -0.01865200
v 0.00485300 -0.06322600 -0.01865200
v 0.00485300 -0.06322600 -0.01865200
v 0.00198500 -0.06332900 -0.01535800
v 0.00198500 -0.06332900 -0.01535800
v 0.00198500 -0.06332900 -0.01535800
v 0.00198500 -0.06332900 -0.01535800
v 0.00198500 -0.06332900 -0.01535800
v 0.00198500 -0.06332900 -0.01535800
v 0.00198500 -0.06332900 -0.01535800
v 0.00148800 -0.06260000 -0.01490100
v 0.00148800 -0.06260000 -0.01490100
v 0.00148800 -0.06260000 -0.01490100
v 0.00148800 -0.06260000 -0.01490100
v 0.00148800 -0.06260000 -0.01490100
v 0.00148800 -0.06260000 -0.01490100
v 0.00148800 -0.06260000 -0.01490100
v 0.00084400 -0.06272000 -0.01513500
v 0.00084400 -0.06272000 -0.01513500
v 0.00084400 -0.06272000 -0.01513500
v 0.00084400 -0.06272000 -0.01513500
v 0.00084400 -0.06272000 -0.01513500
v 0.00084400 -0.06272000 -0.01513500
v 0.00084400 -0.06272000 -0.01513500
v 0.00131000 -0.06309600 -0.01531200
v 0.00131000 -0.06309600 -0.01531200
v 0.00131000 -0.06309600 -0.01531200
v 0.00131000 -0.06309600 -0.01531200
v 0.00131000 -0.06309600 -0.01531200
v 0.00498900 -0.06319500 -0.02107200
v 0.00498900 -0.06319500 -0.02107200
v 0.00498900 -0.06319500 -0.02107200
v 0.00498900 -0.06319500 -0.02107200
v 0.00498900 -0.06319500 -0.02107200
v 0.00498900 -0.06319500 -0.02107200
v 0.00498900 -0.06319500 -0.02107200
v 0.00421300 -0.06314300 -0.01737400
v 0.00421300 -0.06314300 -0.01737400
v 0.00421300 -0.06314300 -0.01737400
v 0.00421300 -0.06314300 -0.01737400
v 0.00421300 -0.06314300 -0.01737400
v 0.00353500 -0.06259400 -0.02437400
v 0.00353500 -0.06259400 -0.02437400
v 0.00353500 -0.06259400 -0.02437400
v 0.00353500 -0.06259400 -0.02437400
v 0.00353500 -0.06259400 -0.02437400
v 0.00353500 -0.06259400 -0.02437400
v 0.00343000 -0.06263900 -0.02412500
v 0.00343000 -0.06263900 -0.02412500
v 0.00343000 -0.06263900 -0.02412500
v 0.00343000 -0.06263900 -0.02412500
v 0.00343000 -0.06263900 -0.02412500
v 0.00343000 -0.06263900 -0.02412500
v 0.00343000 -0.06263900 -0.02412500
v 0.00494600 -0.06281200 -0.02126800
v 0.00494600 -0.06281200 -0.02126800
v 0.00494600 -0.06281200 -0.02126800
v 0.00494600 -0.06281200 -0.02126800
v 0.00494600 -0.06281200 -0.02126800
v 0.00547200 -0.06257900 -0.02046400
v 0.00547200 -0.06257900 -0.02046400
v 0.00547200 -0.06257900 -0.02046400
v 0.00547200 -0.06257900 -0.02046400
v 0.00547200 -0.06257900 -0.02046400
v 0.00547200 -0.06257900 -0.02046400
v 0.00547200 -0.06257900 -0.02046400
v 0.00547200 -0.06257900 -0.02046400
v 0.00547200 -0.06257900 -0.02046400
v 0.00400700 -0.06271800 -0.01701600
v 0.00400700 -0.06271800 -0.01701600
v 0.00400700 -0.06271800 -0.01701600
v 0.00400700 -0.06271800 -0.01701600
v 0.00400700 -0.06271800 -0.01701600
v 0.00400700 -0.06271800 -0.01701600
v 0.00374100 -0.06259500 -0.01617200
v 0.00374100 -0.06259500 -0.01617200
v 0.00374100 -0.06259500 -0.01617200
v 0.00374100 -0.06259500 -0.01617200
v 0.00374100 -0.06259500 -0.01617200
v 0.00543500 -0.06259400 -0.01947700
v 0.00543500 -0.06259400 -0.01947700
v 0.00543500 -0.06259400 -0.01947700
v 0.00543500 -0.06259400 -0.01947700
v 0.00543500 -0.06259400 -0.01947700
v 0.00528700 -0.06060900 -0.01819300
v 0.00528700 -0.06060900 -0.01819300
v 0.00528700 -0.06060900 -0.01819300
v 0.00528700 -0.06060900 -0.01819300
v 0.00528700 -0.06060900 -0.01819300
v 0.00528700 -0.06060900 -0.01819300
v 0.00528700 -0.06060900 -0.01819300
v 0.00531700 -0.05970200 -0.01811700
v 0.00531700 -0.05970200 -0.01811700
v 0.00531700 -0.05970200 -0.01811700
v 0.00531700 -0.05970200 -0.01811700
v 0.00531700 -0.05970200 -0.01811700
v 0.00531700 -0.05970200 -0.01811700
v 0.00484200 -0.06216200 -0.01752000
v 0.00484200 -0.06216200 -0.01752000
v 0.00484200 -0.06216200 -0.01752000
v 0.00484200 -0.06216200 -0.01752000
v 0.00484200 -0.06216200 -0.01752000
v 0.00504000 -0.05817200 -0.01741300
v 0.00504000 -0.05817200 -0.01741300
v 0.00504000 -0.05817200 -0.01741300
v 0.00504000 -0.05817200 -0.01741300
v 0.00504000 -0.05817200 -0.01741300
v 0.00452400 -0.06059800 -0.01679000
v 0.00452400 -0.06059800 -0.01679000
v 0.00452400 -0.06059800 -0.01679000
v 0.00452400 -0.06059800 -0.01679000
v 0.00452400 -0.06059800 -0.01679000
v 0.00452400 -0.06059800 -0.01679000
v 0.00459400 -0.05970200 -0.01679900
v 0.00459400 -0.05970200 -0.01679900
v 0.00459400 -0.05970200 -0.01679900
v 0.00459400 -0.05970200 -0.01679900
v 0.00459400 -0.05970200 -0.01679900
v 0.00459400 -0.05970200 -0.01679900
v 0.00360400 -0.05869900 -0.01569700
v 0.00360400 -0.05869900 -0.01569700
v 0.00360400 -0.05869900 -0.01569700
v 0.00360400 -0.05869900 -0.01569700
v 0.00360400 -0.05869900 -0.01569700
v 0.00360400 -0.05869900 -0.01569700
v 0.00360400 -0.05869900 -0.01569700
v 0.00481700 -0.06061800 -0.01724900
v 0.00481700 -0.06061800 -0.01724900
v 0.00481700 -0.06061800 -0.01724900
v 0.00481700 -0.06061800 -0.01724900
v 0.00481700 -0.06061800 -0.01724900
v 0.00486100 -0.05972000 -0.01722400
v 0.00486100 -0.05972000 -0.01722400
v 0.00486100 -0.05972000 -0.01722400
v 0.00486100 -0.05972000 -0.01722400
v 0.00486100 -0.05972000 -0.01722400
v 0.00242700 -0.05954900 -0.01501300
v 0.00242700 -0.05954900 -0.01501300
v 0.00242700 -0.05954900 -0.01501300
v 0.00242700 -0.05954900 -0.01501300
v 0.00242700 -0.05954900 -0.01501300
v 0.00242700 -0.05954900 -0.01501300
v 0.00505900 -0.06061800 -0.01768400
v 0.00505900 -0.06061800 -0.01768400
v 0.00505900 -0.06061800 -0.01768400
v 0.00505900 -0.06061800 -0.01768400
v 0.00505900 -0.06061800 -0.01768400
v 0.00510000 -0.05972000 -0.01766200
v 0.00510000 -0.05972000 -0.01766200
v 0.00510000 -0.05972000 -0.01766200
v 0.00510000 -0.05972000 -0.01766200
v 0.00510000 -0.05972000 -0.01766200
v 0.00162800 -0.05871300 -0.01467800
v 0.00162800 -0.05871300 -0.01467800
v 0.00162800 -0.05871300 -0.01467800
v 0.00162800 -0.05871300 -0.01467800
v 0.00162800 -0.05871300 -0.01467800
v 0.00347700 -0.05879100 -0.02472900
v 0.00347700 -0.05879100 -0.02472900
v 0.00347700 -0.05879100 -0.02472900
v 0.00347700 -0.05879100 -0.02472900
v 0.00347700 -0.05879100 -0.02472900
v 0.00417600 -0.05857700 -0.02411300
v 0.00417600 -0.05857700 -0.02411300
v 0.00417600 -0.05857700 -0.02411300
v 0.00417600 -0.05857700 -0.02411300
v 0.00417600 -0.05857700 -0.02411300
v 0.00417600 -0.05857700 -0.02411300
v 0.00417600 -0.05857700 -0.02411300
v 0.00417600 -0.05857700 -0.02411300
v 0.00417600 -0.05857700 -0.02411300
v 0.00074700 -0.05962800 -0.01452000
v 0.00074700 -0.05962800 -0.01452000
v 0.00074700 -0.05962800 -0.01452000
v 0.00074700 -0.05962800 -0.01452000
v 0.00074700 -0.05962800 -0.01452000
v 0.00074700 -0.05962800 -0.01452000
v 0.00074700 -0.05962800 -0.01452000
v 0.00485300 -0.05910300 -0.02320800
v 0.00485300 -0.05910300 -0.02320800
v 0.00485300 -0.05910300 -0.02320800
v 0.00485300 -0.05910300 -0.02320800
v 0.00485300 -0.05910300 -0.02320800
v -0.00018800 -0.05952400 -0.01447300
v -0.00018800 -0.05952400 -0.01447300
v -0.00018800 -0.05952400 -0.01447300
v -0.00018800 -0.05952400 -0.01447300
v -0.00018800 -0.05952400 -0.01447300
v -0.00098000 -0.05910400 -0.01454400
v -0.00098000 -0.05910400 -0.01454400
v -0.00098000 -0.05910400 -0.01454400
v -0.00098000 -0.05910400 -0.01454400
v -0.00098000 -0.05910400 -0.01454400
v 0.00541400 -0.05868800 -0.02207500
v 0.00541400 -0.05868800 -0.02207500
v 0.00541400 -0.05868800 -0.02207500
v 0.00541400 -0.05868800 -0.02207500
v 0.00541400 -0.05868800 -0.02207500
v 0.00541400 -0.05868800 -0.02207500
v 0.00548700 -0.06048600 -0.02148900
v 0.00548700 -0.06048600 -0.02148900
v 0.00548700 -0.06048600 -0.02148900
v 0.00548700 -0.06048600 -0.02148900
v -0.00190400 -0.05893000 -0.01477400
v -0.00190400 -0.05893000 -0.01477400
v -0.00190400 -0.05893000 -0.01477400
v -0.00190400 -0.05893000 -0.01477400
v -0.00190400 -0.05893000 -0.01477400
v -0.00190400 -0.05893000 -0.01477400
v 0.00574000 -0.05860800 -0.02046400
v 0.00574000 -0.05860800 -0.02046400
v 0.00574000 -0.05860800 -0.02046400
v 0.00574000 -0.05860800 -0.02046400
v 0.00574000 -0.05860800 -0.02046400
v 0.00574000 -0.05860800 -0.02046400
v 0.00574000 -0.05860800 -0.02046400
v 0.00574000 -0.05860800 -0.02046400
v 0.00574000 -0.05860800 -0.02046400
v 0.00574000 -0.05860800 -0.02046400
v 0.00574000 -0.05860800 -0.02046400
v 0.00564600 -0.05885000 -0.01920300
v 0.00564600 -0.05885000 -0.01920300
v 0.00564600 -0.05885000 -0.01920300
v 0.00564600 -0.05885000 -0.01920300
v 0.00564600 -0.05885000 -0.01920300
v 0.00560500 -0.04549400 -0.02170600
v 0.00560500 -0.04549400 -0.02170600
v 0.00560500 -0.04549400 -0.02170600
v 0.00560500 -0.04549400 -0.02170600
v 0.00560500 -0.04549400 -0.02170600
v 0.00560500 -0.04549400 -0.02170600
v 0.00560500 -0.04549400 -0.02170600
v 0.00560500 -0.04549400 -0.02170600
v 0.00560500 -0.04549400 -0.02170600
v 0.00560500 -0.04549400 -0.02170600
v 0.00555000 -0.04674700 -0.02162600
v 0.00555000 -0.04674700 -0.02162600
v 0.00555000 -0.04674700 -0.02162600
v 0.00555000 -0.04674700 -0.02162600
v -0.00247500 -0.05204300 -0.01501100
v -0.00247500 -0.05204300 -0.01501100
v -0.00247500 -0.05204300 -0.01501100
v -0.00247500 -0.05204300 -0.01501100
v -0.00247500 -0.05204300 -0.01501100
v -0.00247500 -0.05204300 -0.01501100
v -0.00247500 -0.05204300 -0.01501100
v -0.00247500 -0.05204300 -0.01501100
v 0.00418700 -0.05203700 -0.02407700
v 0.00418700 -0.05203700 -0.02407700
v 0.00418700 -0.05203700 -0.02407700
v 0.00418700 -0.05203700 -0.02407700
v 0.00418700 -0.05203700 -0.02407700
v 0.00418700 -0.05203700 -0.02407700
v -0.00213300 -0.04738300 -0.01483700
v -0.00213300 -0.04738300 -0.01483700
v -0.00213300 -0.04738300 -0.01483700
v -0.00213300 -0.04738300 -0.01483700
v -0.00213300 -0.04738300 -0.01483700
v -0.00213300 -0.04738300 -0.01483700
v -0.00213300 -0.04738300 -0.01483700
v -0.00107400 -0.04674200 -0.01453600
v -0.00107400 -0.04674200 -0.01453600
v -0.00107400 -0.04674200 -0.01453600
v -0.00107400 -0.04674200 -0.01453600
v -0.00107400 -0.04674200 -0.01453600
v -0.00107400 -0.04674200 -0.01453600
v 0.00442700 -0.04549400 -0.02388800
v 0.00442700 -0.04549400 -0.02388800
v 0.00442700 -0.04549400 -0.02388800
v 0.00442700 -0.04549400 -0.02388800
v 0.00442700 -0.04549400 -0.02388800
v 0.00442700 -0.04549400 -0.02388800
v 0.00023100 -0.04549400 -0.01440500
v 0.00023100 -0.04549400 -0.01440500
v 0.00023100 -0.04549400 -0.01440500
v 0.00023100 -0.04549400 -0.01440500
v 0.00023100 -0.04549400 -0.01440500
v 0.00023100 -0.04549400 -0.01440500
v 0.00023100 -0.04549400 -0.01440500
v 0.00403600 -0.04678300 -0.02425900
v 0.00403600 -0.04678300 -0.02425900
v 0.00403600 -0.04678300 -0.02425900
v 0.00403600 -0.04678300 -0.02425900
v 0.00403600 -0.04678300 -0.02425900
v 0.00403600 -0.04678300 -0.02425900
v 0.00015500 -0.04671700 -0.01442700
v 0.00015500 -0.04671700 -0.01442700
v 0.00015500 -0.04671700 -0.01442700
v 0.00015500 -0.04671700 -0.01442700
v 0.00326000 -0.04549400 -0.02493000
v 0.00326000 -0.04549400 -0.02493000
v 0.00326000 -0.04549400 -0.02493000
v 0.00326000 -0.04549400 -0.02493000
v 0.00326000 -0.04549400 -0.02493000
v 0.00326000 -0.04549400 -0.02493000
v 0.00326000 -0.04549400 -0.02493000
v 0.00326000 -0.04549400 -0.02493000
v 0.00153600 -0.04678700 -0.01464200
v 0.00153600 -0.04678700 -0.01464200
v 0.00153600 -0.04678700 -0.01464200
v 0.00153600 -0.04678700 -0.01464200
v 0.00153600 -0.04678700 -0.01464200
v 0.00153600 -0.04678700 -0.01464200
v 0.00490000 -0.04672000 -0.02318000
v 0.00490000 -0.04672000 -0.02318000
v 0.00490000 -0.04672000 -0.02318000
v 0.00490000 -0.04672000 -0.02318000
v 0.00490000 -0.04672000 -0.02318000
v 0.00275500 -0.04549400 -0.01503400
v 0.00275500 -0.04549400 -0.01503400
v 0.00275500 -0.04549400 -0.01503400
v 0.00275500 -0.04549400 -0.01503400
v 0.00275500 -0.04549400 -0.01503400
v 0.00275500 -0.04549400 -0.01503400
v 0.00275500 -0.04549400 -0.01503400
v 0.00275500 -0.04549400 -0.01503400
v 0.00275500 -0.04549400 -0.01503400
v 0.00275500 -0.04549400 -0.01503400
v 0.00275500 -0.04549400 -0.01503400
v 0.00182400 -0.04716700 -0.01474500
v 0.00182400 -0.04716700 -0.01474500
v 0.00182400 -0.04716700 -0.01474500
v 0.00182400 -0.04716700 -0.01474500
v 0.00182400 -0.04716700 -0.01474500
v 0.00482500 -0.04549400 -0.01698400
v 0.00482500 -0.04549400 -0.01698400
v 0.00482500 -0.04549400 -0.01698400
v 0.00482500 -0.04549400 -0.01698400
v 0.00482500 -0.04549400 -0.01698400
v 0.00482500 -0.04549400 -0.01698400
v 0.00482500 -0.04549400 -0.01698400
v 0.00482500 -0.04549400 -0.01698400
v 0.00571400 -0.04549400 -0.01920600
v 0.00571400 -0.04549400 -0.01920600
v 0.00571400 -0.04549400 -0.01920600
v 0.00571400 -0.04549400 -0.01920600
v 0.00571400 -0.04549400 -0.01920600
v 0.00571400 -0.04549400 -0.01920600
v 0.00571400 -0.04549400 -0.01920600
v 0.00571400 -0.04549400 -0.01920600
v 0.00571400 -0.04549400 -0.01920600
v 0.00573400 -0.04704300 -0.02008300
v 0.00573400 -0.04704300 -0.02008300
v 0.00573400 -0.04704300 -0.02008300
v 0.00573400 -0.04704300 -0.02008300
v 0.00573400 -0.04704300 -0.02008300
v 0.00568100 -0.04738600 -0.02099100
v 0.00568100 -0.04738600 -0.02099100
v 0.00568100 -0.04738600 -0.02099100
v 0.00568100 -0.04738600 -0.02099100
v 0.00568100 -0.04738600 -0.02099100
v 0.00568100 -0.04738600 -0.02099100
v -0.00276000 -0.04721400 -0.02499700
v -0.00276000 -0.04721400 -0.02499700
v -0.00276000 -0.04721400 -0.02499700
v -0.00276000 -0.04721400 -0.02499700
v -0.00276000 -0.04721400 -0.02499700
v -0.00276900 -0.05198400 -0.02501600
v -0.00276900 -0.05198400 -0.02501600
v -0.00276900 -0.05198400 -0.02501600
v -0.00276900 -0.05198400 -0.02501600
v -0.00276900 -0.05198400 -0.02501600
v -0.00277400 -0.04715700 -0.02518300
v -0.00277400 -0.04715700 -0.02518300
v -0.00277400 -0.04715700 -0.02518300
v -0.00277400 -0.04715700 -0.02518300
v -0.00277400 -0.04715700 -0.02518300
v -0.00277400 -0.04715700 -0.02518300
v -0.00300900 -0.05222600 -0.02506400
v -0.00300900 -0.05222600 -0.02506400
v -0.00300900 -0.05222600 -0.02506400
v -0.00300900 -0.05222600 -0.02506400
v -0.00274400 -0.05203200 -0.02521100
v -0.00274400 -0.05203200 -0.02521100
v -0.00274400 -0.05203200 -0.02521100
v -0.00274400 -0.05203200 -0.02521100
v -0.00274400 -0.05203200 -0.02521100
v -0.00274400 -0.05203200 -0.02521100
v -0.00293000 -0.05210800 -0.02497100
v -0.00293000 -0.05210800 -0.02497100
v -0.00293000 -0.05210800 -0.02497100
v -0.00293000 -0.05210800 -0.02497100
v -0.00293000 -0.05210800 -0.02497100
v -0.00293000 -0.05210800 -0.02497100
v -0.00336300 -0.04747000 -0.02476500
v -0.00336300 -0.04747000 -0.02476500
v -0.00336300 -0.04747000 -0.02476500
v -0.00336300 -0.04747000 -0.02476500
v -0.00438100 -0.04739400 -0.02390200
v -0.00438100 -0.04739400 -0.02390200
v -0.00438100 -0.04739400 -0.02390200
v -0.00438100 -0.04739400 -0.02390200
v -0.00438100 -0.04739400 -0.02390200
v -0.00537000 -0.04738300 -0.02221200
v -0.00537000 -0.04738300 -0.02221200
v -0.00537000 -0.04738300 -0.02221200
v -0.00537000 -0.04738300 -0.02221200
v -0.00537000 -0.04738300 -0.02221200
v -0.00537000 -0.04738300 -0.02221200
v -0.00539300 -0.04753500 -0.02199500
v -0.00539300 -0.04753500 -0.02199500
v -0.00539300 -0.04753500 -0.02199500
v -0.00539300 -0.04753500 -0.02199500
v -0.00551100 -0.05214000 -0.02159700
v -0.00551100 -0.05214000 -0.02159700
v -0.00551100 -0.05214000 -0.02159700
v -0.00551100 -0.05214000 -0.02159700
v -0.00551100 -0.05214000 -0.02159700
v -0.00551100 -0.05214000 -0.02159700
v -0.00562500 -0.05206300 -0.02130100
v -0.00562500 -0.05206300 -0.02130100
v -0.00562500 -0.05206300 -0.02130100
v -0.00562500 -0.05206300 -0.02130100
v -0.00562500 -0.05206300 -0.02130100
v -0.00562500 -0.05206300 -0.02130100
v -0.00562500 -0.05206300 -0.02130100
v -0.00543600 -0.05199400 -0.02136700
v -0.00543600 -0.05199400 -0.02136700
v -0.00543600 -0.05199400 -0.02136700
v -0.00543600 -0.05199400 -0.02136700
v -0.00544500 -0.04722800 -0.02136800
v -0.00544500 -0.04722800 -0.02136800
v -0.00544500 -0.04722800 -0.02136800
v -0.00544500 -0.04722800 -0.02136800
v -0.00544500 -0.04722800 -0.02136800
v -0.00544500 -0.04722800 -0.02136800
v -0.00562600 -0.04720500 -0.02128200
v -0.00562600 -0.04720500 -0.02128200
v -0.00562600 -0.04720500 -0.02128200
v -0.00562600 -0.04720500 -0.02128200
v -0.00562600 -0.04720500 -0.02128200
v -0.00545600 -0.04698000 -0.02152600
v -0.00545600 -0.04698000 -0.02152600
v -0.00545600 -0.04698000 -0.02152600
v -0.00545600 -0.04698000 -0.02152600
v -0.00405900 -0.04682800 -0.02410900
v -0.00405900 -0.04682800 -0.02410900
v -0.00405900 -0.04682800 -0.02410900
v -0.00405900 -0.04682800 -0.02410900
v -0.00303300 -0.04678000 -0.02505100
v -0.00303300 -0.04678000 -0.02505100
v -0.00303300 -0.04678000 -0.02505100
v -0.00303300 -0.04678000 -0.02505100
v -0.00303300 -0.04678000 -0.02505100
v -0.00304500 -0.04687200 -0.02490400
v -0.00304500 -0.04687200 -0.02490400
v -0.00304500 -0.04687200 -0.02490400
v -0.00304500 -0.04687200 -0.02490400
v -0.00304500 -0.04687200 -0.02490400
v -0.00304500 -0.04687200 -0.02490400
v -0.00304500 -0.04687200 -0.02490400
v 0.00570900 -0.05204300 -0.02061200
v 0.00570900 -0.05204300 -0.02061200
v 0.00570900 -0.05204300 -0.02061200
v 0.00570900 -0.05204300 -0.02061200
v 0.00570900 -0.05204300 -0.02061200
v 0.00570900 -0.05204300 -0.02061200
v 0.00570900 -0.05204300 -0.02061200
v 0.00565800 -0.04747000 -0.02079200
v 0.00565800 -0.04747000 -0.02079200
v 0.00565800 -0.04747000 -0.02079200
v 0.00565800 -0.04747000 -0.02079200
v 0.00545600 -0.04738200 -0.02197100
v 0.00545600 -0.04738200 -0.02197100
v 0.00545600 -0.04738200 -0.02197100
v 0.00545600 -0.04738200 -0.02197100
v 0.00545600 -0.04738200 -0.02197100
v 0.00495800 -0.04738900 -0.02307400
v 0.00495800 -0.04738900 -0.02307400
v 0.00495800 -0.04738900 -0.02307400
v 0.00495800 -0.04738900 -0.02307400
v 0.00495800 -0.04738900 -0.02307400
v 0.00495800 -0.04738900 -0.02307400
v 0.00434600 -0.04741700 -0.02390500
v 0.00434600 -0.04741700 -0.02390500
v 0.00434600 -0.04741700 -0.02390500
v 0.00434600 -0.04741700 -0.02390500
v 0.00434600 -0.04741700 -0.02390500
v 0.00434600 -0.04741700 -0.02390500
v 0.00404300 -0.05212800 -0.02419300
v 0.00404300 -0.05212800 -0.02419300
v 0.00404300 -0.05212800 -0.02419300
v 0.00404300 -0.05212800 -0.02419300
v 0.00404300 -0.05212800 -0.02419300
v 0.00378900 -0.05206300 -0.02448200
v 0.00378900 -0.05206300 -0.02448200
v 0.00378900 -0.05206300 -0.02448200
v 0.00378900 -0.05206300 -0.02448200
v 0.00378900 -0.05206300 -0.02448200
v 0.00378900 -0.05206300 -0.02448200
v 0.00378900 -0.05206300 -0.02448200
v 0.00377600 -0.05203900 -0.02428300
v 0.00377600 -0.05203900 -0.02428300
v 0.00377600 -0.05203900 -0.02428300
v 0.00377600 -0.05203900 -0.02428300
v 0.00377600 -0.05203900 -0.02428300
v 0.00375700 -0.04722800 -0.02429300
v 0.00375700 -0.04722800 -0.02429300
v 0.00375700 -0.04722800 -0.02429300
v 0.00375700 -0.04722800 -0.02429300
v 0.00375700 -0.04722800 -0.02429300
v 0.00375700 -0.04722800 -0.02429300
v 0.00377400 -0.04720400 -0.02449200
v 0.00377400 -0.04720400 -0.02449200
v 0.00377400 -0.04720400 -0.02449200
v 0.00377400 -0.04720400 -0.02449200
v 0.00377400 -0.04720400 -0.02449200
v 0.00395700 -0.04689500 -0.02416300
v 0.00395700 -0.04689500 -0.02416300
v 0.00395700 -0.04689500 -0.02416300
v 0.00395700 -0.04689500 -0.02416300
v 0.00395700 -0.04689500 -0.02416300
v 0.00395700 -0.04689500 -0.02416300
v 0.00551000 -0.04682700 -0.02143500
v 0.00551000 -0.04682700 -0.02143500
v 0.00551000 -0.04682700 -0.02143500
v 0.00551000 -0.04682700 -0.02143500
v 0.00529400 -0.04680200 -0.02227600
v 0.00529400 -0.04680200 -0.02227600
v 0.00529400 -0.04680200 -0.02227600
v 0.00529400 -0.04680200 -0.02227600
v 0.00529400 -0.04680200 -0.02227600
v 0.00529400 -0.04680200 -0.02227600
v 0.00490500 -0.04682200 -0.02300800
v 0.00490500 -0.04682200 -0.02300800
v 0.00490500 -0.04682200 -0.02300800
v 0.00490500 -0.04682200 -0.02300800
v 0.00490500 -0.04682200 -0.02300800
v 0.00568600 -0.04682900 -0.02051900
v 0.00568600 -0.04682900 -0.02051900
v 0.00568600 -0.04682900 -0.02051900
v 0.00568600 -0.04682900 -0.02051900
v 0.00568600 -0.04682900 -0.02051900
v 0.00568600 -0.04682900 -0.02051900
v 0.00568600 -0.04682900 -0.02051900
v 0.00557000 -0.04708000 -0.02019300
v 0.00557000 -0.04708000 -0.02019300
v 0.00557000 -0.04708000 -0.02019300
v 0.00557000 -0.04708000 -0.02019300
v 0.00557000 -0.04708000 -0.02019300
v 0.00557000 -0.04708000 -0.02019300
v 0.00555500 -0.05197300 -0.02014700
v 0.00555500 -0.05197300 -0.02014700
v 0.00555500 -0.05197300 -0.02014700
v 0.00555500 -0.05197300 -0.02014700
v 0.00572800 -0.05204200 -0.02006100
v 0.00572800 -0.05204200 -0.02006100
v 0.00572800 -0.05204200 -0.02006100
v 0.00572800 -0.05204200 -0.02006100
v 0.00572800 -0.05204200 -0.02006100
v 0.00572800 -0.05204200 -0.02006100
v 0.00572800 -0.05204200 -0.02006100
v 0.00574000 -0.05222600 -0.02033600
v 0.00574000 -0.05222600 -0.02033600
v 0.00574000 -0.05222600 -0.02033600
v 0.00574000 -0.05222600 -0.02033600
v 0.00561900 -0.05210800 -0.02031400
v 0.00561900 -0.05210800 -0.02031400
v 0.00561900 -0.05210800 -0.02031400
v 0.00561900 -0.05210800 -0.02031400
v 0.00561900 -0.05210800 -0.02031400
v 0.00561900 -0.05210800 -0.02031400
v -0.00264100 -0.05210600 -0.01520800
v -0.00264100 -0.05210600 -0.01520800
v -0.00264100 -0.05210600 -0.01520800
v -0.00264100 -0.05210600 -0.01520800
v -0.00264100 -0.05210600 -0.01520800
v -0.00280300 -0.05222900 -0.01516400
v -0.00280300 -0.05222900 -0.01516400
v -0.00280300 -0.05222900 -0.01516400
v -0.00280300 -0.05222900 -0.01516400
v -0.00280300 -0.05222900 -0.01516400
v -0.00230300 -0.04751600 -0.01496500
v -0.00230300 -0.04751600 -0.01496500
v -0.00230300 -0.04751600 -0.01496500
v -0.00230300 -0.04751600 -0.01496500
v -0.00230300 -0.04751600 -0.01496500
v -0.00019500 -0.04738300 -0.01442800
v -0.00019500 -0.04738300 -0.01442800
v -0.00019500 -0.04738300 -0.01442800
v -0.00019500 -0.04738300 -0.01442800
v -0.00019500 -0.04738300 -0.01442800
v -0.00019500 -0.04738300 -0.01442800
v -0.00019500 -0.04738300 -0.01442800
v 0.00105800 -0.04741700 -0.01454600
v 0.00105800 -0.04741700 -0.01454600
v 0.00105800 -0.04741700 -0.01454600
v 0.00105800 -0.04741700 -0.01454600
v 0.00105800 -0.04741700 -0.01454600
v 0.00105800 -0.04741700 -0.01454600
v 0.00132200 -0.05206400 -0.01464500
v 0.00132200 -0.05206400 -0.01464500
v 0.00132200 -0.05206400 -0.01464500
v 0.00132200 -0.05206400 -0.01464500
v 0.00132200 -0.05206400 -0.01464500
v 0.00132200 -0.05206400 -0.01464500
v 0.00130500 -0.05224900 -0.01458000
v 0.00130500 -0.05224900 -0.01458000
v 0.00130500 -0.05224900 -0.01458000
v 0.00130500 -0.05224900 -0.01458000
v 0.00130500 -0.05224900 -0.01458000
v 0.00130500 -0.05224900 -0.01458000
v 0.00165800 -0.05205800 -0.01484700
v 0.00165800 -0.05205800 -0.01484700
v 0.00165800 -0.05205800 -0.01484700
v 0.00165800 -0.05205800 -0.01484700
v 0.00165800 -0.05205800 -0.01484700
v 0.00182700 -0.05206000 -0.01474000
v 0.00182700 -0.05206000 -0.01474000
v 0.00182700 -0.05206000 -0.01474000
v 0.00182700 -0.05206000 -0.01474000
v 0.00182700 -0.05206000 -0.01474000
v 0.00182700 -0.05206000 -0.01474000
v 0.00182700 -0.05206000 -0.01474000
v 0.00168800 -0.04724000 -0.01488300
v 0.00168800 -0.04724000 -0.01488300
v 0.00168800 -0.04724000 -0.01488300
v 0.00168800 -0.04724000 -0.01488300
v 0.00168800 -0.04724000 -0.01488300
v 0.00168800 -0.04724000 -0.01488300
v 0.00146700 -0.04689600 -0.01476900
v 0.00146700 -0.04689600 -0.01476900
v 0.00146700 -0.04689600 -0.01476900
v 0.00146700 -0.04689600 -0.01476900
v 0.00146700 -0.04689600 -0.01476900
v 0.00146700 -0.04689600 -0.01476900
v -0.00256200 -0.04674300 -0.01503200
v -0.00256200 -0.04674300 -0.01503200
v -0.00256200 -0.04674300 -0.01503200
v -0.00256200 -0.04674300 -0.01503200
v -0.00256200 -0.04674300 -0.01503200
v -0.00256200 -0.04674300 -0.01503200
v -0.00248000 -0.04685500 -0.01517100
v -0.00248000 -0.04685500 -0.01517100
v -0.00248000 -0.04685500 -0.01517100
v -0.00248000 -0.04685500 -0.01517100
v -0.00248000 -0.04685500 -0.01517100
v -0.00155600 -0.04682100 -0.01472000
v -0.00155600 -0.04682100 -0.01472000
v -0.00155600 -0.04682100 -0.01472000
v -0.00155600 -0.04682100 -0.01472000
v -0.00155600 -0.04682100 -0.01472000
v 0.00000200 -0.04682200 -0.01451000
v 0.00000200 -0.04682200 -0.01451000
v 0.00000200 -0.04682200 -0.01451000
v 0.00000200 -0.04682200 -0.01451000
v 0.00000200 -0.04682200 -0.01451000
v 0.00000200 -0.04682200 -0.01451000
v -0.00278600 -0.04714100 -0.01535100
v -0.00278600 -0.04714100 -0.01535100
v -0.00278600 -0.04714100 -0.01535100
v -0.00278600 -0.04714100 -0.01535100
v -0.00278600 -0.04714100 -0.01535100
v -0.00278600 -0.04714100 -0.01535100
v -0.00298300 -0.04711900 -0.01527300
v -0.00298300 -0.04711900 -0.01527300
v -0.00298300 -0.04711900 -0.01527300
v -0.00298300 -0.04711900 -0.01527300
v -0.00298300 -0.04711900 -0.01527300
v -0.00298300 -0.04711900 -0.01527300
v -0.00280600 -0.05200900 -0.01534300
v -0.00280600 -0.05200900 -0.01534300
v -0.00280600 -0.05200900 -0.01534300
v -0.00280600 -0.05200900 -0.01534300
v -0.00280600 -0.05200900 -0.01534300
v -0.00280600 -0.05200900 -0.01534300
v -0.00302600 -0.05200300 -0.01529000
v -0.00302600 -0.05200300 -0.01529000
v -0.00302600 -0.05200300 -0.01529000
v -0.00302600 -0.05200300 -0.01529000
v -0.00302600 -0.05200300 -0.01529000
v -0.00338200 -0.04552700 -0.02393500
v -0.00338200 -0.04552700 -0.02393500
v -0.00338200 -0.04552700 -0.02393500
v -0.00338200 -0.04552700 -0.02393500
v -0.00338200 -0.04552700 -0.02393500
v -0.00338200 -0.04552700 -0.02393500
v -0.00043100 -0.04554000 -0.02517400
v -0.00043100 -0.04554000 -0.02517400
v -0.00043100 -0.04554000 -0.02517400
v -0.00043100 -0.04554000 -0.02517400
v -0.00043100 -0.04554000 -0.02517400
v -0.00043100 -0.04554000 -0.02517400
v -0.00043100 -0.04554000 -0.02517400
v -0.00043100 -0.04554000 -0.02517400
v -0.00038200 -0.04549400 -0.02448000
v -0.00038200 -0.04549400 -0.02448000
v -0.00038200 -0.04549400 -0.02448000
v -0.00038200 -0.04549400 -0.02448000
v 0.00150900 -0.04554400 -0.02495300
v 0.00150900 -0.04554400 -0.02495300
v 0.00150900 -0.04554400 -0.02495300
v 0.00150900 -0.04554400 -0.02495300
v 0.00150900 -0.04554400 -0.02495300
v 0.00050200 -0.04552900 -0.01513700
v 0.00050200 -0.04552900 -0.01513700
v 0.00050200 -0.04552900 -0.01513700
v 0.00050200 -0.04552900 -0.01513700
v 0.00050200 -0.04552900 -0.01513700
v 0.00050200 -0.04552900 -0.01513700
v 0.00179800 -0.04552900 -0.01548400
v 0.00179800 -0.04552900 -0.01548400
v 0.00179800 -0.04552900 -0.01548400
v 0.00179800 -0.04552900 -0.01548400
v 0.00179800 -0.04552900 -0.01548400
v 0.00179800 -0.04552900 -0.01548400
v -0.00187800 -0.04552800 -0.02486500
v -0.00187800 -0.04552800 -0.02486500
v -0.00187800 -0.04552800 -0.02486500
v -0.00187800 -0.04552800 -0.02486500
v -0.00187800 -0.04552800 -0.02486500
v -0.00187800 -0.04552800 -0.02486500
v -0.00187800 -0.04552800 -0.02486500
v 0.00298500 -0.04551100 -0.01611600
v 0.00298500 -0.04551100 -0.01611600
v 0.00298500 -0.04551100 -0.01611600
v 0.00298500 -0.04551100 -0.01611600
v 0.00298500 -0.04551100 -0.01611600
v 0.00298500 -0.04551100 -0.01611600
v 0.00298500 -0.04551100 -0.01611600
v -0.00103200 -0.04552400 -0.01522400
v -0.00103200 -0.04552400 -0.01522400
v -0.00103200 -0.04552400 -0.01522400
v -0.00103200 -0.04552400 -0.01522400
v -0.00103200 -0.04552400 -0.01522400
v 0.00378400 -0.04551800 -0.01681000
v 0.00378400 -0.04551800 -0.01681000
v 0.00378400 -0.04551800 -0.01681000
v 0.00378400 -0.04551800 -0.01681000
v 0.00378400 -0.04551800 -0.01681000
v 0.00378400 -0.04551800 -0.01681000
v 0.00188500 -0.04553300 -0.01631100
v 0.00188500 -0.04553300 -0.01631100
v 0.00188500 -0.04553300 -0.01631100
v 0.00188500 -0.04553300 -0.01631100
v 0.00188500 -0.04553300 -0.01631100
v 0.00188500 -0.04553300 -0.01631100
v 0.00227000 -0.04557100 -0.01651800
v 0.00227000 -0.04557100 -0.01651800
v 0.00227000 -0.04557100 -0.01651800
v 0.00227000 -0.04557100 -0.01651800
v -0.00275700 -0.04553200 -0.01595300
v -0.00275700 -0.04553200 -0.01595300
v -0.00275700 -0.04553200 -0.01595300
v -0.00275700 -0.04553200 -0.01595300
v -0.00275700 -0.04553200 -0.01595300
v -0.00275700 -0.04553200 -0.01595300
v -0.00275700 -0.04553200 -0.01595300
v -0.00275700 -0.04553200 -0.01595300
v 0.00452900 -0.04552700 -0.01789800
v 0.00452900 -0.04552700 -0.01789800
v 0.00452900 -0.04552700 -0.01789800
v 0.00452900 -0.04552700 -0.01789800
v 0.00452900 -0.04552700 -0.01789800
v 0.00452900 -0.04552700 -0.01789800
v 0.00452900 -0.04552700 -0.01789800
v -0.00267600 -0.04553600 -0.01680900
v -0.00267600 -0.04553600 -0.01680900
v -0.00267600 -0.04553600 -0.01680900
v -0.00267600 -0.04553600 -0.01680900
v -0.00267600 -0.04553600 -0.01680900
v 0.00502200 -0.04553700 -0.01956100
v 0.00502200 -0.04553700 -0.01956100
v 0.00502200 -0.04553700 -0.01956100
v 0.00502200 -0.04553700 -0.01956100
v 0.00502200 -0.04553700 -0.01956100
v 0.00502200 -0.04553700 -0.01956100
v 0.00502200 -0.04553700 -0.01956100
v -0.00381100 -0.04551000 -0.01686000
v -0.00381100 -0.04551000 -0.01686000
v -0.00381100 -0.04551000 -0.01686000
v -0.00381100 -0.04551000 -0.01686000
v -0.00381100 -0.04551000 -0.01686000
v -0.00381100 -0.04551000 -0.01686000
v -0.00381100 -0.04551000 -0.01686000
v -0.00300900 -0.04556800 -0.01709800
v -0.00300900 -0.04556800 -0.01709800
v -0.00300900 -0.04556800 -0.01709800
v -0.00300900 -0.04556800 -0.01709800
v -0.00300900 -0.04556800 -0.01709800
v -0.00444100 -0.04551600 -0.01773000
v -0.00444100 -0.04551600 -0.01773000
v -0.00444100 -0.04551600 -0.01773000
v -0.00444100 -0.04551600 -0.01773000
v -0.00444100 -0.04551600 -0.01773000
v -0.00444100 -0.04551600 -0.01773000
v 0.00486800 -0.04552700 -0.02155700
v 0.00486800 -0.04552700 -0.02155700
v 0.00486800 -0.04552700 -0.02155700
v 0.00486800 -0.04552700 -0.02155700
v 0.00486800 -0.04552700 -0.02155700
v -0.00490600 -0.04552700 -0.01889500
v -0.00490600 -0.04552700 -0.01889500
v -0.00490600 -0.04552700 -0.01889500
v -0.00490600 -0.04552700 -0.01889500
v -0.00490600 -0.04552700 -0.01889500
v -0.00490600 -0.04552700 -0.01889500
v 0.00410200 -0.04552700 -0.02313700
v 0.00410200 -0.04552700 -0.02313700
v 0.00410200 -0.04552700 -0.02313700
v 0.00410200 -0.04552700 -0.02313700
v 0.00410200 -0.04552700 -0.02313700
v 0.00410200 -0.04552700 -0.02313700
v -0.00504000 -0.04553600 -0.02063600
v -0.00504000 -0.04553600 -0.02063600
v -0.00504000 -0.04553600 -0.02063600
v -0.00504000 -0.04553600 -0.02063600
v -0.00504000 -0.04553600 -0.02063600
v -0.00504000 -0.04553600 -0.02063600
v -0.00504000 -0.04553600 -0.02063600
v -0.00504000 -0.04553600 -0.02063600
v -0.00504000 -0.04553600 -0.02063600
v -0.00504000 -0.04553600 -0.02063600
v 0.00268600 -0.04553000 -0.02447700
v 0.00268600 -0.04553000 -0.02447700
v 0.00268600 -0.04553000 -0.02447700
v 0.00268600 -0.04553000 -0.02447700
v 0.00268600 -0.04553000 -0.02447700
v 0.00268600 -0.04553000 -0.02447700
v 0.00268600 -0.04553000 -0.02447700
v 0.00268600 -0.04553000 -0.02447700
v 0.00268600 -0.04553000 -0.02447700
v -0.00446100 -0.04552700 -0.02255900
v -0.00446100 -0.04552700 -0.02255900
v -0.00446100 -0.04552700 -0.02255900
v -0.00446100 -0.04552700 -0.02255900
v -0.00446100 -0.04552700 -0.02255900
v -0.00446100 -0.04552700 -0.02255900
v 0.00132900 -0.04549000 -0.02431200
v 0.00132900 -0.04549000 -0.02431200
v 0.00132900 -0.04549000 -0.02431200
v 0.00132900 -0.04549000 -0.02431200
v 0.00132900 -0.04549000 -0.02431200
v 0.00132900 -0.04549000 -0.02431200
v 0.00132900 -0.04549000 -0.02431200
v 0.00132900 -0.04549000 -0.02431200
v 0.00063200 -0.04599400 -0.02554100
v 0.00063200 -0.04599400 -0.02554100
v 0.00063200 -0.04599400 -0.02554100
v 0.00063200 -0.04599400 -0.02554100
v 0.00063200 -0.04599400 -0.02554100
v 0.00072100 -0.04936200 -0.02557100
v 0.00072100 -0.04936200 -0.02557100
v 0.00072100 -0.04936200 -0.02557100
v 0.00072100 -0.04936200 -0.02557100
v 0.00043600 -0.04932900 -0.02560700
v 0.00043600 -0.04932900 -0.02560700
v 0.00043600 -0.04932900 -0.02560700
v 0.00043600 -0.04932900 -0.02560700
v 0.00043600 -0.04932900 -0.02560700
v -0.00254600 -0.05205400 -0.02443000
v -0.00254600 -0.05205400 -0.02443000
v -0.00254600 -0.05205400 -0.02443000
v -0.00254600 -0.05205400 -0.02443000
v -0.00254600 -0.05205400 -0.02443000
v -0.00254600 -0.05205400 -0.02443000
v -0.00254600 -0.05205400 -0.02443000
v -0.00254600 -0.05205400 -0.02443000
v -0.00254600 -0.05205400 -0.02443000
v -0.00270900 -0.04854900 -0.02436700
v -0.00270900 -0.04854900 -0.02436700
v -0.00270900 -0.04854900 -0.02436700
v -0.00270900 -0.04854900 -0.02436700
v -0.00270900 -0.04854900 -0.02436700
v -0.00270900 -0.04854900 -0.02436700
v -0.00270900 -0.04854900 -0.02436700
v -0.00221900 -0.04784200 -0.02397700
v -0.00221900 -0.04784200 -0.02397700
v -0.00221900 -0.04784200 -0.02397700
v -0.00221900 -0.04784200 -0.02397700
v -0.00282900 -0.04714200 -0.02431100
v -0.00282900 -0.04714200 -0.02431100
v -0.00282900 -0.04714200 -0.02431100
v -0.00282900 -0.04714200 -0.02431100
v -0.00282900 -0.04714200 -0.02431100
v -0.00282900 -0.04714200 -0.02431100
v -0.00413300 -0.04712700 -0.02310200
v -0.00413300 -0.04712700 -0.02310200
v -0.00413300 -0.04712700 -0.02310200
v -0.00413300 -0.04712700 -0.02310200
v -0.00413300 -0.04712700 -0.02310200
v -0.00413300 -0.04712700 -0.02310200
v -0.00413300 -0.04712700 -0.02310200
v -0.00413300 -0.04712700 -0.02310200
v -0.00479700 -0.04714600 -0.02163300
v -0.00479700 -0.04714600 -0.02163300
v -0.00479700 -0.04714600 -0.02163300
v -0.00479700 -0.04714600 -0.02163300
v -0.00479700 -0.04714600 -0.02163300
v -0.00479700 -0.04714600 -0.02163300
v -0.00480900 -0.04854800 -0.02150200
v -0.00480900 -0.04854800 -0.02150200
v -0.00480900 -0.04854800 -0.02150200
v -0.00480900 -0.04854800 -0.02150200
v -0.00480900 -0.04854800 -0.02150200
v -0.00480900 -0.04854800 -0.02150200
v -0.00480900 -0.04854800 -0.02150200
v -0.00429800 -0.04786400 -0.02115800
v -0.00429800 -0.04786400 -0.02115800
v -0.00429800 -0.04786400 -0.02115800
v -0.00429800 -0.04786400 -0.02115800
v -0.00429800 -0.04786400 -0.02115800
v -0.00481400 -0.05204800 -0.02132900
v -0.00481400 -0.05204800 -0.02132900
v -0.00481400 -0.05204800 -0.02132900
v -0.00481400 -0.05204800 -0.02132900
v -0.00481400 -0.05204800 -0.02132900
v -0.00481400 -0.05204800 -0.02132900
v -0.00481400 -0.05204800 -0.02132900
v -0.00488900 -0.05205300 -0.02100700
v -0.00488900 -0.05205300 -0.02100700
v -0.00488900 -0.05205300 -0.02100700
v -0.00488900 -0.05205300 -0.02100700
v -0.00488900 -0.05205300 -0.02100700
v -0.00488900 -0.05205300 -0.02100700
v -0.00488900 -0.05205300 -0.02100700
v -0.00488900 -0.05205300 -0.02100700
v -0.00488900 -0.05205300 -0.02100700
v -0.00491700 -0.04695600 -0.02111500
v -0.00491700 -0.04695600 -0.02111500
v -0.00491700 -0.04695600 -0.02111500
v -0.00491700 -0.04695600 -0.02111500
v -0.00491700 -0.04695600 -0.02111500
v -0.00491700 -0.04695600 -0.02111500
v -0.00491700 -0.04695600 -0.02111500
v -0.00407900 -0.04684400 -0.02319900
v -0.00407900 -0.04684400 -0.02319900
v -0.00407900 -0.04684400 -0.02319900
v -0.00407900 -0.04684400 -0.02319900
v -0.00407900 -0.04684400 -0.02319900
v -0.00407900 -0.04684400 -0.02319900
v -0.00407900 -0.04684400 -0.02319900
v -0.00407900 -0.04684400 -0.02319900
v -0.00407900 -0.04684400 -0.02319900
v -0.00237900 -0.04694900 -0.02457900
v -0.00237900 -0.04694900 -0.02457900
v -0.00237900 -0.04694900 -0.02457900
v -0.00237900 -0.04694900 -0.02457900
v -0.00237900 -0.04694900 -0.02457900
v -0.00237900 -0.04694900 -0.02457900
v 0.00497100 -0.05201700 -0.02027000
v 0.00497100 -0.05201700 -0.02027000
v 0.00497100 -0.05201700 -0.02027000
v 0.00497100 -0.05201700 -0.02027000
v 0.00497100 -0.05201700 -0.02027000
v 0.00497100 -0.05201700 -0.02027000
v 0.00498600 -0.04854900 -0.02042400
v 0.00498600 -0.04854900 -0.02042400
v 0.00498600 -0.04854900 -0.02042400
v 0.00498600 -0.04854900 -0.02042400
v 0.00498600 -0.04854900 -0.02042400
v 0.00498600 -0.04854900 -0.02042400
v 0.00498600 -0.04854900 -0.02042400
v 0.00498600 -0.04854900 -0.02042400
v 0.00440300 -0.04784200 -0.02019600
v 0.00440300 -0.04784200 -0.02019600
v 0.00440300 -0.04784200 -0.02019600
v 0.00440300 -0.04784200 -0.02019600
v 0.00499800 -0.04714200 -0.02055700
v 0.00499800 -0.04714200 -0.02055700
v 0.00499800 -0.04714200 -0.02055700
v 0.00499800 -0.04714200 -0.02055700
v 0.00499800 -0.04714200 -0.02055700
v 0.00499800 -0.04714200 -0.02055700
v 0.00460300 -0.04712700 -0.02229000
v 0.00460300 -0.04712700 -0.02229000
v 0.00460300 -0.04712700 -0.02229000
v 0.00460300 -0.04712700 -0.02229000
v 0.00460300 -0.04712700 -0.02229000
v 0.00460300 -0.04712700 -0.02229000
v 0.00460300 -0.04712700 -0.02229000
v 0.00460300 -0.04712700 -0.02229000
v 0.00460300 -0.04712700 -0.02229000
v 0.00366300 -0.04714600 -0.02360000
v 0.00366300 -0.04714600 -0.02360000
v 0.00366300 -0.04714600 -0.02360000
v 0.00366300 -0.04714600 -0.02360000
v 0.00366300 -0.04714600 -0.02360000
v 0.00355500 -0.04854800 -0.02367500
v 0.00355500 -0.04854800 -0.02367500
v 0.00355500 -0.04854800 -0.02367500
v 0.00355500 -0.04854800 -0.02367500
v 0.00355500 -0.04854800 -0.02367500
v 0.00355500 -0.04854800 -0.02367500
v 0.00355500 -0.04854800 -0.02367500
v 0.00300200 -0.04786400 -0.02340500
v 0.00300200 -0.04786400 -0.02340500
v 0.00300200 -0.04786400 -0.02340500
v 0.00300200 -0.04786400 -0.02340500
v 0.00300200 -0.04786400 -0.02340500
v 0.00345900 -0.05197500 -0.02376800
v 0.00345900 -0.05197500 -0.02376800
v 0.00345900 -0.05197500 -0.02376800
v 0.00345900 -0.05197500 -0.02376800
v 0.00318300 -0.05196300 -0.02403500
v 0.00318300 -0.05196300 -0.02403500
v 0.00318300 -0.05196300 -0.02403500
v 0.00318300 -0.05196300 -0.02403500
v 0.00318300 -0.05196300 -0.02403500
v 0.00318300 -0.05196300 -0.02403500
v 0.00318300 -0.05196300 -0.02403500
v 0.00327300 -0.04695600 -0.02396200
v 0.00327300 -0.04695600 -0.02396200
v 0.00327300 -0.04695600 -0.02396200
v 0.00327300 -0.04695600 -0.02396200
v 0.00327300 -0.04695600 -0.02396200
v 0.00327300 -0.04695600 -0.02396200
v 0.00500400 -0.04694900 -0.02003300
v 0.00500400 -0.04694900 -0.02003300
v 0.00500400 -0.04694900 -0.02003300
v 0.00500400 -0.04694900 -0.02003300
v 0.00500400 -0.04694900 -0.02003300
v 0.00500400 -0.04694900 -0.02003300
v 0.00500400 -0.04694900 -0.02003300
v 0.00464700 -0.04684400 -0.02222200
v 0.00464700 -0.04684400 -0.02222200
v 0.00464700 -0.04684400 -0.02222200
v 0.00464700 -0.04684400 -0.02222200
v 0.00464700 -0.04684400 -0.02222200
v 0.00464700 -0.04684400 -0.02222200
v 0.00464700 -0.04684400 -0.02222200
v 0.00464700 -0.04684400 -0.02222200
v 0.00464700 -0.04684400 -0.02222200
v 0.00493000 -0.05206400 -0.01992000
v 0.00493000 -0.05206400 -0.01992000
v 0.00493000 -0.05206400 -0.01992000
v 0.00493000 -0.05206400 -0.01992000
v 0.00493000 -0.05206400 -0.01992000
v 0.00493000 -0.05206400 -0.01992000
v 0.00493000 -0.05206400 -0.01992000
v 0.00493000 -0.05206400 -0.01992000
v 0.00493000 -0.05206400 -0.01992000
v 0.00493000 -0.05206400 -0.01992000
v -0.00271600 -0.05206000 -0.01602100
v -0.00271600 -0.05206000 -0.01602100
v -0.00271600 -0.05206000 -0.01602100
v -0.00271600 -0.05206000 -0.01602100
v -0.00271600 -0.05206000 -0.01602100
v -0.00271600 -0.05206000 -0.01602100
v -0.00271600 -0.05206000 -0.01602100
v -0.00271600 -0.05206000 -0.01602100
v -0.00271600 -0.05206000 -0.01602100
v -0.00227600 -0.04854900 -0.01573200
v -0.00227600 -0.04854900 -0.01573200
v -0.00227600 -0.04854900 -0.01573200
v -0.00227600 -0.04854900 -0.01573200
v -0.00227600 -0.04854900 -0.01573200
v -0.00227600 -0.04854900 -0.01573200
v -0.00227600 -0.04854900 -0.01573200
v -0.00218800 -0.04793700 -0.01632900
v -0.00218800 -0.04793700 -0.01632900
v -0.00218800 -0.04793700 -0.01632900
v -0.00218800 -0.04793700 -0.01632900
v -0.00218800 -0.04793700 -0.01632900
v -0.00217100 -0.04714700 -0.01566800
v -0.00217100 -0.04714700 -0.01566800
v -0.00217100 -0.04714700 -0.01566800
v -0.00217100 -0.04714700 -0.01566800
v -0.00217100 -0.04714700 -0.01566800
v -0.00217100 -0.04714700 -0.01566800
v -0.00085700 -0.04712700 -0.01518900
v -0.00085700 -0.04712700 -0.01518900
v -0.00085700 -0.04712700 -0.01518900
v -0.00085700 -0.04712700 -0.01518900
v -0.00085700 -0.04712700 -0.01518900
v -0.00085700 -0.04712700 -0.01518900
v -0.00085700 -0.04712700 -0.01518900
v 0.00112800 -0.04714100 -0.01527800
v 0.00112800 -0.04714100 -0.01527800
v 0.00112800 -0.04714100 -0.01527800
v 0.00112800 -0.04714100 -0.01527800
v 0.00112800 -0.04714100 -0.01527800
v 0.00112800 -0.04714100 -0.01527800
v 0.00112800 -0.04714100 -0.01527800
v 0.00125500 -0.04854800 -0.01534600
v 0.00125500 -0.04854800 -0.01534600
v 0.00125500 -0.04854800 -0.01534600
v 0.00125500 -0.04854800 -0.01534600
v 0.00125500 -0.04854800 -0.01534600
v 0.00125500 -0.04854800 -0.01534600
v 0.00125500 -0.04854800 -0.01534600
v 0.00125500 -0.04854800 -0.01534600
v 0.00129900 -0.04785900 -0.01596600
v 0.00129900 -0.04785900 -0.01596600
v 0.00129900 -0.04785900 -0.01596600
v 0.00129900 -0.04785900 -0.01596600
v 0.00140700 -0.05204700 -0.01542600
v 0.00140700 -0.05204700 -0.01542600
v 0.00140700 -0.05204700 -0.01542600
v 0.00140700 -0.05204700 -0.01542600
v 0.00140700 -0.05204700 -0.01542600
v 0.00175000 -0.05205400 -0.01552500
v 0.00175000 -0.05205400 -0.01552500
v 0.00175000 -0.05205400 -0.01552500
v 0.00175000 -0.05205400 -0.01552500
v 0.00175000 -0.05205400 -0.01552500
v 0.00175000 -0.05205400 -0.01552500
v 0.00175000 -0.05205400 -0.01552500
v 0.00175000 -0.05205400 -0.01552500
v 0.00175000 -0.05205400 -0.01552500
v 0.00164400 -0.04695600 -0.01544600
v 0.00164400 -0.04695600 -0.01544600
v 0.00164400 -0.04695600 -0.01544600
v 0.00164400 -0.04695600 -0.01544600
v 0.00164400 -0.04695600 -0.01544600
v 0.00164400 -0.04695600 -0.01544600
v -0.00056200 -0.04684400 -0.01512800
v -0.00056200 -0.04684400 -0.01512800
v -0.00056200 -0.04684400 -0.01512800
v -0.00056200 -0.04684400 -0.01512800
v -0.00056200 -0.04684400 -0.01512800
v -0.00056200 -0.04684400 -0.01512800
v -0.00056200 -0.04684400 -0.01512800
v -0.00056200 -0.04684400 -0.01512800
v -0.00056200 -0.04684400 -0.01512800
v -0.00262200 -0.04694300 -0.01591100
v -0.00262200 -0.04694300 -0.01591100
v -0.00262200 -0.04694300 -0.01591100
v -0.00262200 -0.04694300 -0.01591100
v -0.00262200 -0.04694300 -0.01591100
v -0.00300000 -0.05209100 -0.01711400
v -0.00300000 -0.05209100 -0.01711400
v -0.00300000 -0.05209100 -0.01711400
v -0.00300000 -0.05209100 -0.01711400
v -0.00300000 -0.05209100 -0.01711400
v -0.00300000 -0.05209100 -0.01711400
v -0.00300000 -0.05209100 -0.01711400
v 0.00143600 -0.04559900 -0.02427400
v 0.00143600 -0.04559900 -0.02427400
v 0.00143600 -0.04559900 -0.02427400
v 0.00143600 -0.04559900 -0.02427400
v -0.00050600 -0.04560000 -0.02448400
v -0.00050600 -0.04560000 -0.02448400
v -0.00050600 -0.04560000 -0.02448400
v -0.00050600 -0.04560000 -0.02448400
v -0.00372800 -0.05206100 -0.01693300
v -0.00372800 -0.05206100 -0.01693300
v -0.00372800 -0.05206100 -0.01693300
v -0.00372800 -0.05206100 -0.01693300
v -0.00372800 -0.05206100 -0.01693300
v -0.00372800 -0.05206100 -0.01693300
v -0.00460900 -0.05200400 -0.01828800
v -0.00460900 -0.05200400 -0.01828800
v -0.00460900 -0.05200400 -0.01828800
v -0.00460900 -0.05200400 -0.01828800
v -0.00460900 -0.05200400 -0.01828800
v -0.00485500 -0.05196000 -0.01900100
v -0.00485500 -0.05196000 -0.01900100
v -0.00485500 -0.05196000 -0.01900100
v -0.00485500 -0.05196000 -0.01900100
v -0.00485500 -0.05196000 -0.01900100
v -0.00225600 -0.05200200 -0.02461900
v -0.00225600 -0.05200200 -0.02461900
v -0.00225600 -0.05200200 -0.02461900
v -0.00225600 -0.05200200 -0.02461900
v -0.00225600 -0.05200200 -0.02461900
v -0.00225600 -0.05200200 -0.02461900
v -0.00225600 -0.05200200 -0.02461900
v -0.00225600 -0.05200200 -0.02461900
v -0.00046300 -0.05204300 -0.02510700
v -0.00046300 -0.05204300 -0.02510700
v -0.00046300 -0.05204300 -0.02510700
v -0.00046300 -0.05204300 -0.02510700
v -0.00046300 -0.05204300 -0.02510700
v -0.00409900 -0.05197900 -0.02302400
v -0.00409900 -0.05197900 -0.02302400
v -0.00409900 -0.05197900 -0.02302400
v -0.00409900 -0.05197900 -0.02302400
v -0.00441100 -0.05204600 -0.02243900
v -0.00441100 -0.05204600 -0.02243900
v -0.00441100 -0.05204600 -0.02243900
v -0.00441100 -0.05204600 -0.02243900
v -0.00441100 -0.05204600 -0.02243900
v -0.00441100 -0.05204600 -0.02243900
v -0.00468600 -0.05204000 -0.02178200
v -0.00468600 -0.05204000 -0.02178200
v -0.00468600 -0.05204000 -0.02178200
v -0.00468600 -0.05204000 -0.02178200
v -0.00468600 -0.05204000 -0.02178200
v 0.00492900 -0.05196400 -0.02102800
v 0.00492900 -0.05196400 -0.02102800
v 0.00492900 -0.05196400 -0.02102800
v 0.00492900 -0.05196400 -0.02102800
v 0.00492900 -0.05196400 -0.02102800
v 0.00492900 -0.05196400 -0.02102800
v 0.00492900 -0.05196400 -0.02102800
v 0.00451900 -0.05197900 -0.02230000
v 0.00451900 -0.05197900 -0.02230000
v 0.00451900 -0.05197900 -0.02230000
v 0.00451900 -0.05197900 -0.02230000
v 0.00451900 -0.05197900 -0.02230000
v 0.00416800 -0.05204600 -0.02286200
v 0.00416800 -0.05204600 -0.02286200
v 0.00416800 -0.05204600 -0.02286200
v 0.00416800 -0.05204600 -0.02286200
v 0.00416800 -0.05204600 -0.02286200
v 0.00416800 -0.05204600 -0.02286200
v 0.00416800 -0.05204600 -0.02286200
v 0.00373600 -0.05203800 -0.02343000
v 0.00373600 -0.05203800 -0.02343000
v 0.00373600 -0.05203800 -0.02343000
v 0.00373600 -0.05203800 -0.02343000
v 0.00373600 -0.05203800 -0.02343000
v 0.00373600 -0.05203800 -0.02343000
v 0.00153400 -0.05202300 -0.02490900
v 0.00153400 -0.05202300 -0.02490900
v 0.00153400 -0.05202300 -0.02490900
v 0.00153400 -0.05202300 -0.02490900
v 0.00153400 -0.05202300 -0.02490900
v 0.00493600 -0.05195000 -0.01936200
v 0.00493600 -0.05195000 -0.01936200
v 0.00493600 -0.05195000 -0.01936200
v 0.00493600 -0.05195000 -0.01936200
v 0.00493600 -0.05195000 -0.01936200
v 0.00474300 -0.05196600 -0.01860600
v 0.00474300 -0.05196600 -0.01860600
v 0.00474300 -0.05196600 -0.01860600
v 0.00474300 -0.05196600 -0.01860600
v 0.00474300 -0.05196600 -0.01860600
v 0.00474300 -0.05196600 -0.01860600
v 0.00441600 -0.05197600 -0.01784800
v 0.00441600 -0.05197600 -0.01784800
v 0.00441600 -0.05197600 -0.01784800
v 0.00441600 -0.05197600 -0.01784800
v 0.00441600 -0.05197600 -0.01784800
v 0.00402800 -0.05198400 -0.01723200
v 0.00402800 -0.05198400 -0.01723200
v 0.00402800 -0.05198400 -0.01723200
v 0.00402800 -0.05198400 -0.01723200
v 0.00402800 -0.05198400 -0.01723200
v 0.00294300 -0.05205800 -0.01619400
v 0.00294300 -0.05205800 -0.01619400
v 0.00294300 -0.05205800 -0.01619400
v 0.00294300 -0.05205800 -0.01619400
v 0.00342800 -0.05204900 -0.01660000
v 0.00342800 -0.05204900 -0.01660000
v 0.00342800 -0.05204900 -0.01660000
v 0.00342800 -0.05204900 -0.01660000
v 0.00342800 -0.05204900 -0.01660000
v 0.00342800 -0.05204900 -0.01660000
v 0.00342800 -0.05204900 -0.01660000
v 0.00412200 -0.05207900 -0.01753500
v 0.00412200 -0.05207900 -0.01753500
v 0.00412200 -0.05207900 -0.01753500
v 0.00412200 -0.05207900 -0.01753500
v 0.00412200 -0.05207900 -0.01753500
v 0.00412200 -0.05207900 -0.01753500
v 0.00453200 -0.05207300 -0.01829400
v 0.00453200 -0.05207300 -0.01829400
v 0.00453200 -0.05207300 -0.01829400
v 0.00453200 -0.05207300 -0.01829400
v 0.00453200 -0.05207300 -0.01829400
v 0.00453200 -0.05207300 -0.01829400
v 0.00472500 -0.05207500 -0.01883900
v 0.00472500 -0.05207500 -0.01883900
v 0.00472500 -0.05207500 -0.01883900
v 0.00472500 -0.05207500 -0.01883900
v 0.00472500 -0.05207500 -0.01883900
v 0.00472500 -0.05207500 -0.01883900
v -0.00172500 -0.05196400 -0.01547900
v -0.00172500 -0.05196400 -0.01547900
v -0.00172500 -0.05196400 -0.01547900
v -0.00172500 -0.05196400 -0.01547900
v -0.00172500 -0.05196400 -0.01547900
v -0.00172500 -0.05196400 -0.01547900
v -0.00041800 -0.05197900 -0.01519800
v -0.00041800 -0.05197900 -0.01519800
v -0.00041800 -0.05197900 -0.01519800
v -0.00041800 -0.05197900 -0.01519800
v -0.00041800 -0.05197900 -0.01519800
v -0.00041800 -0.05197900 -0.01519800
v 0.00019700 -0.05196700 -0.01518300
v 0.00019700 -0.05196700 -0.01518300
v 0.00019700 -0.05196700 -0.01518300
v 0.00019700 -0.05196700 -0.01518300
v 0.00082700 -0.05205000 -0.01529400
v 0.00082700 -0.05205000 -0.01529400
v 0.00082700 -0.05205000 -0.01529400
v 0.00082700 -0.05205000 -0.01529400
v 0.00082700 -0.05205000 -0.01529400
v 0.00082700 -0.05205000 -0.01529400
v 0.00082700 -0.05205000 -0.01529400
v 0.00082700 -0.05205000 -0.01529400
v -0.00050700 -0.05208700 -0.02446400
v -0.00050700 -0.05208700 -0.02446400
v -0.00050700 -0.05208700 -0.02446400
v -0.00050700 -0.05208700 -0.02446400
v -0.00050700 -0.05208700 -0.02446400
v -0.00050700 -0.05208700 -0.02446400
v -0.00050700 -0.05208700 -0.02446400
v -0.00050700 -0.05208700 -0.02446400
v -0.00050700 -0.05208700 -0.02446400
v -0.00468300 -0.05207900 -0.01874500
v -0.00468300 -0.05207900 -0.01874500
v -0.00468300 -0.05207900 -0.01874500
v -0.00468300 -0.05207900 -0.01874500
v -0.00468300 -0.05207900 -0.01874500
v -0.00468300 -0.05207900 -0.01874500
v -0.00416400 -0.05207400 -0.01757700
v -0.00416400 -0.05207400 -0.01757700
v -0.00416400 -0.05207400 -0.01757700
v -0.00416400 -0.05207400 -0.01757700
v -0.00416400 -0.05207400 -0.01757700
v -0.00416400 -0.05207400 -0.01757700
v -0.00420800 -0.05197100 -0.01748500
v -0.00420800 -0.05197100 -0.01748500
v -0.00420800 -0.05197100 -0.01748500
v -0.00420800 -0.05197100 -0.01748500
v -0.00420800 -0.05197100 -0.01748500
v -0.00492000 -0.05205400 -0.01968100
v -0.00492000 -0.05205400 -0.01968100
v -0.00492000 -0.05205400 -0.01968100
v -0.00492000 -0.05205400 -0.01968100
v -0.00492000 -0.05205400 -0.01968100
v -0.00492000 -0.05205400 -0.01968100
v -0.00495100 -0.05205000 -0.02027300
v -0.00495100 -0.05205000 -0.02027300
v -0.00495100 -0.05205000 -0.02027300
v -0.00495100 -0.05205000 -0.02027300
v -0.00185600 -0.05207300 -0.02470600
v -0.00185600 -0.05207300 -0.02470600
v -0.00185600 -0.05207300 -0.02470600
v -0.00185600 -0.05207300 -0.02470600
v -0.00185600 -0.05207300 -0.02470600
v -0.00119300 -0.05198600 -0.02502200
v -0.00119300 -0.05198600 -0.02502200
v -0.00119300 -0.05198600 -0.02502200
v -0.00119300 -0.05198600 -0.02502200
v -0.00119300 -0.05198600 -0.02502200
v -0.00119300 -0.05198600 -0.02502200
v -0.00112600 -0.05208100 -0.02492900
v -0.00112600 -0.05208100 -0.02492900
v -0.00112600 -0.05208100 -0.02492900
v -0.00112600 -0.05208100 -0.02492900
v -0.00112600 -0.05208100 -0.02492900
v -0.00426700 -0.04854800 -0.02280000
v -0.00426700 -0.04854800 -0.02280000
v -0.00426700 -0.04854800 -0.02280000
v -0.00426700 -0.04854800 -0.02280000
v -0.00426700 -0.04854800 -0.02280000
v -0.00323200 -0.04854600 -0.02397800
v -0.00323200 -0.04854600 -0.02397800
v -0.00323200 -0.04854600 -0.02397800
v -0.00323200 -0.04854600 -0.02397800
v -0.00323200 -0.04854600 -0.02397800
v -0.00468500 -0.04855100 -0.02189500
v -0.00468500 -0.04855100 -0.02189500
v -0.00468500 -0.04855100 -0.02189500
v -0.00468500 -0.04855100 -0.02189500
v -0.00468500 -0.04855100 -0.02189500
v -0.00468500 -0.04855100 -0.02189500
v -0.00362800 -0.04854800 -0.02360000
v -0.00362800 -0.04854800 -0.02360000
v -0.00362800 -0.04854800 -0.02360000
v -0.00362800 -0.04854800 -0.02360000
v -0.00362800 -0.04854800 -0.02360000
v -0.00362800 -0.04854800 -0.02360000
v -0.00313700 -0.05207200 -0.02395600
v -0.00313700 -0.05207200 -0.02395600
v -0.00313700 -0.05207200 -0.02395600
v -0.00313700 -0.05207200 -0.02395600
v -0.00352300 -0.05205100 -0.02366500
v -0.00352300 -0.05205100 -0.02366500
v -0.00352300 -0.05205100 -0.02366500
v -0.00352300 -0.05205100 -0.02366500
v -0.00352300 -0.05205100 -0.02366500
v -0.00352300 -0.05205100 -0.02366500
v -0.00352300 -0.05205100 -0.02366500
v -0.00352300 -0.05205100 -0.02366500
v -0.00278700 -0.04777200 -0.02360700
v -0.00278700 -0.04777200 -0.02360700
v -0.00278700 -0.04777200 -0.02360700
v -0.00278700 -0.04777200 -0.02360700
v -0.00278700 -0.04777200 -0.02360700
v -0.00335600 -0.04776400 -0.02306900
v -0.00335600 -0.04776400 -0.02306900
v -0.00335600 -0.04776400 -0.02306900
v -0.00335600 -0.04776400 -0.02306900
v -0.00335600 -0.04776400 -0.02306900
v -0.00416700 -0.04774500 -0.02173500
v -0.00416700 -0.04774500 -0.02173500
v -0.00416700 -0.04774500 -0.02173500
v -0.00416700 -0.04774500 -0.02173500
v -0.00416700 -0.04774500 -0.02173500
v 0.00440800 -0.04854800 -0.02255700
v 0.00440800 -0.04854800 -0.02255700
v 0.00440800 -0.04854800 -0.02255700
v 0.00440800 -0.04854800 -0.02255700
v 0.00440800 -0.04854800 -0.02255700
v 0.00491100 -0.04854600 -0.02107200
v 0.00491100 -0.04854600 -0.02107200
v 0.00491100 -0.04854600 -0.02107200
v 0.00491100 -0.04854600 -0.02107200
v 0.00383300 -0.04855100 -0.02337100
v 0.00383300 -0.04855100 -0.02337100
v 0.00383300 -0.04855100 -0.02337100
v 0.00383300 -0.04855100 -0.02337100
v 0.00383300 -0.04855100 -0.02337100
v 0.00383300 -0.04855100 -0.02337100
v 0.00478100 -0.04854800 -0.02160400
v 0.00478100 -0.04854800 -0.02160400
v 0.00478100 -0.04854800 -0.02160400
v 0.00478100 -0.04854800 -0.02160400
v 0.00478100 -0.04854800 -0.02160400
v 0.00478100 -0.04854800 -0.02160400
v 0.00484400 -0.05207200 -0.02100100
v 0.00484400 -0.05207200 -0.02100100
v 0.00484400 -0.05207200 -0.02100100
v 0.00484400 -0.05207200 -0.02100100
v 0.00484400 -0.05207200 -0.02100100
v 0.00484400 -0.05207200 -0.02100100
v 0.00464600 -0.05207300 -0.02175900
v 0.00464600 -0.05207300 -0.02175900
v 0.00464600 -0.05207300 -0.02175900
v 0.00464600 -0.05207300 -0.02175900
v 0.00464600 -0.05207300 -0.02175900
v 0.00464600 -0.05207300 -0.02175900
v 0.00464600 -0.05207300 -0.02175900
v 0.00436700 -0.04777200 -0.02087200
v 0.00436700 -0.04777200 -0.02087200
v 0.00436700 -0.04777200 -0.02087200
v 0.00436700 -0.04777200 -0.02087200
v 0.00436700 -0.04777200 -0.02087200
v 0.00418500 -0.04776400 -0.02163300
v 0.00418500 -0.04776400 -0.02163300
v 0.00418500 -0.04776400 -0.02163300
v 0.00418500 -0.04776400 -0.02163300
v 0.00418500 -0.04776400 -0.02163300
v 0.00343600 -0.04774500 -0.02300300
v 0.00343600 -0.04774500 -0.02300300
v 0.00343600 -0.04774500 -0.02300300
v 0.00343600 -0.04774500 -0.02300300
v 0.00343600 -0.04774500 -0.02300300
v 0.00280000 -0.05206700 -0.02421800
v 0.00280000 -0.05206700 -0.02421800
v 0.00280000 -0.05206700 -0.02421800
v 0.00280000 -0.05206700 -0.02421800
v 0.00233500 -0.05205100 -0.02454200
v 0.00233500 -0.05205100 -0.02454200
v 0.00233500 -0.05205100 -0.02454200
v 0.00233500 -0.05205100 -0.02454200
v 0.00233500 -0.05205100 -0.02454200
v 0.00233500 -0.05205100 -0.02454200
v 0.00321100 -0.05209200 -0.02383500
v 0.00321100 -0.05209200 -0.02383500
v 0.00321100 -0.05209200 -0.02383500
v 0.00321100 -0.05209200 -0.02383500
v 0.00321100 -0.05209200 -0.02383500
v 0.00321100 -0.05209200 -0.02383500
v 0.00321100 -0.05209200 -0.02383500
v 0.00321100 -0.05209200 -0.02383500
v 0.00321100 -0.05209200 -0.02383500
v -0.00014000 -0.04854800 -0.01516600
v -0.00014000 -0.04854800 -0.01516600
v -0.00014000 -0.04854800 -0.01516600
v -0.00014000 -0.04854800 -0.01516600
v -0.00014000 -0.04854800 -0.01516600
v -0.00014000 -0.04854800 -0.01516600
v -0.00167700 -0.04854600 -0.01547200
v -0.00167700 -0.04854600 -0.01547200
v -0.00167700 -0.04854600 -0.01547200
v -0.00167700 -0.04854600 -0.01547200
v 0.00085200 -0.04855100 -0.01525600
v 0.00085200 -0.04855100 -0.01525600
v 0.00085200 -0.04855100 -0.01525600
v 0.00085200 -0.04855100 -0.01525600
v 0.00085200 -0.04855100 -0.01525600
v -0.00115200 -0.04854800 -0.01531900
v -0.00115200 -0.04854800 -0.01531900
v -0.00115200 -0.04854800 -0.01531900
v -0.00115200 -0.04854800 -0.01531900
v -0.00115200 -0.04854800 -0.01531900
v -0.00115200 -0.04854800 -0.01531900
v -0.00240600 -0.05205400 -0.01585100
v -0.00240600 -0.05205400 -0.01585100
v -0.00240600 -0.05205400 -0.01585100
v -0.00240600 -0.05205400 -0.01585100
v -0.00240600 -0.05205400 -0.01585100
v -0.00240600 -0.05205400 -0.01585100
v -0.00240600 -0.05205400 -0.01585100
v -0.00115800 -0.05207800 -0.01540400
v -0.00115800 -0.05207800 -0.01540400
v -0.00115800 -0.05207800 -0.01540400
v -0.00115800 -0.05207800 -0.01540400
v -0.00115800 -0.05207800 -0.01540400
v -0.00115800 -0.05207800 -0.01540400
v -0.00115800 -0.05207800 -0.01540400
v -0.00218300 -0.04769800 -0.01627800
v -0.00218300 -0.04769800 -0.01627800
v -0.00218300 -0.04769800 -0.01627800
v -0.00078800 -0.04783900 -0.01584400
v -0.00078800 -0.04783900 -0.01584400
v -0.00078800 -0.04783900 -0.01584400
v -0.00078800 -0.04783900 -0.01584400
v -0.00078800 -0.04783900 -0.01584400
v -0.00078800 -0.04783900 -0.01584400
v -0.00009900 -0.04776700 -0.01574700
v -0.00009900 -0.04776700 -0.01574700
v -0.00009900 -0.04776700 -0.01574700
v -0.00009900 -0.04776700 -0.01574700
v -0.00009900 -0.04776700 -0.01574700
v -0.00265200 -0.05209400 -0.01678000
v -0.00265200 -0.05209400 -0.01678000
v -0.00265200 -0.05209400 -0.01678000
v -0.00265200 -0.05209400 -0.01678000
v -0.00265200 -0.05209400 -0.01678000
v -0.00265200 -0.05209400 -0.01678000
v 0.00185000 -0.05209400 -0.01628400
v 0.00185000 -0.05209400 -0.01628400
v 0.00185000 -0.05209400 -0.01628400
v 0.00185000 -0.05209400 -0.01628400
v -0.00366400 -0.05210900 -0.02231800
v -0.00366400 -0.05210900 -0.02231800
v -0.00366400 -0.05210900 -0.02231800
v -0.00366400 -0.05210900 -0.02231800
v -0.00366400 -0.05210900 -0.02231800
v -0.00366400 -0.05210900 -0.02231800
v -0.00366400 -0.05210900 -0.02231800
v -0.00366400 -0.05210900 -0.02231800
v -0.00285500 -0.05213500 -0.02320200
v -0.00285500 -0.05213500 -0.02320200
v -0.00285500 -0.05213500 -0.02320200
v -0.00285500 -0.05213500 -0.02320200
v -0.00285500 -0.05213500 -0.02320200
v -0.00285500 -0.05213500 -0.02320200
v -0.00285500 -0.05213500 -0.02320200
v -0.00285500 -0.05213500 -0.02320200
v -0.00362900 -0.05214400 -0.01814900
v -0.00362900 -0.05214400 -0.01814900
v -0.00362900 -0.05214400 -0.01814900
v -0.00362900 -0.05214400 -0.01814900
v -0.00362900 -0.05214400 -0.01814900
v -0.00362900 -0.05214400 -0.01814900
v -0.00362900 -0.05214400 -0.01814900
v -0.00420200 -0.05211500 -0.02034200
v -0.00420200 -0.05211500 -0.02034200
v -0.00420200 -0.05211500 -0.02034200
v -0.00420200 -0.05211500 -0.02034200
v -0.00420200 -0.05211500 -0.02034200
v -0.00420200 -0.05211500 -0.02034200
v -0.00420200 -0.05211500 -0.02034200
v -0.00408600 -0.05213500 -0.02094200
v -0.00408600 -0.05213500 -0.02094200
v -0.00408600 -0.05213500 -0.02094200
v -0.00408600 -0.05213500 -0.02094200
v -0.00408600 -0.05213500 -0.02094200
v -0.00408600 -0.05213500 -0.02094200
v -0.00408600 -0.05213500 -0.02094200
v -0.00246600 -0.05215400 -0.01684500
v -0.00246600 -0.05215400 -0.01684500
v -0.00246600 -0.05215400 -0.01684500
v -0.00246600 -0.05215400 -0.01684500
v -0.00246600 -0.05215400 -0.01684500
v -0.00246600 -0.05215400 -0.01684500
v -0.00127700 -0.05212900 -0.01621400
v -0.00127700 -0.05212900 -0.01621400
v -0.00127700 -0.05212900 -0.01621400
v -0.00127700 -0.05212900 -0.01621400
v -0.00127700 -0.05212900 -0.01621400
v -0.00055100 -0.05219900 -0.01608800
v -0.00055100 -0.05219900 -0.01608800
v -0.00055100 -0.05219900 -0.01608800
v -0.00055100 -0.05219900 -0.01608800
v 0.00152600 -0.05213900 -0.01630600
v 0.00152600 -0.05213900 -0.01630600
v 0.00152600 -0.05213900 -0.01630600
v 0.00152600 -0.05213900 -0.01630600
v 0.00152600 -0.05213900 -0.01630600
v 0.00152600 -0.05213900 -0.01630600
v 0.00152600 -0.05213900 -0.01630600
v 0.00152600 -0.05213900 -0.01630600
v 0.00152600 -0.05213900 -0.01630600
v 0.00028000 -0.05214100 -0.01602100
v 0.00028000 -0.05214100 -0.01602100
v 0.00028000 -0.05214100 -0.01602100
v 0.00028000 -0.05214100 -0.01602100
v 0.00028000 -0.05214100 -0.01602100
v 0.00028000 -0.05214100 -0.01602100
v 0.00028000 -0.05214100 -0.01602100
v 0.00215200 -0.05218900 -0.01665200
v 0.00215200 -0.05218900 -0.01665200
v 0.00215200 -0.05218900 -0.01665200
v 0.00215200 -0.05218900 -0.01665200
v 0.00215200 -0.05218900 -0.01665200
v 0.00215200 -0.05218900 -0.01665200
v 0.00263600 -0.05220100 -0.01699400
v 0.00263600 -0.05220100 -0.01699400
v 0.00263600 -0.05220100 -0.01699400
v 0.00263600 -0.05220100 -0.01699400
v 0.00263600 -0.05220100 -0.01699400
v -0.00307800 -0.05220400 -0.01742600
v -0.00307800 -0.05220400 -0.01742600
v -0.00307800 -0.05220400 -0.01742600
v -0.00307800 -0.05220400 -0.01742600
v -0.00307800 -0.05220400 -0.01742600
v 0.00303300 -0.05211300 -0.01724900
v 0.00303300 -0.05211300 -0.01724900
v 0.00303300 -0.05211300 -0.01724900
v 0.00303300 -0.05211300 -0.01724900
v 0.00303300 -0.05211300 -0.01724900
v 0.00303300 -0.05211300 -0.01724900
v 0.00303300 -0.05211300 -0.01724900
v 0.00328700 -0.05222800 -0.01769700
v 0.00328700 -0.05222800 -0.01769700
v 0.00328700 -0.05222800 -0.01769700
v 0.00328700 -0.05222800 -0.01769700
v 0.00328700 -0.05222800 -0.01769700
v -0.00198900 -0.05212900 -0.01651400
v -0.00198900 -0.05212900 -0.01651400
v -0.00198900 -0.05212900 -0.01651400
v -0.00198900 -0.05212900 -0.01651400
v -0.00198900 -0.05212900 -0.01651400
v -0.00198900 -0.05212900 -0.01651400
v -0.00198900 -0.05212900 -0.01651400
v -0.00198900 -0.05212900 -0.01651400
v 0.00354000 -0.05211400 -0.01789500
v 0.00354000 -0.05211400 -0.01789500
v 0.00354000 -0.05211400 -0.01789500
v 0.00354000 -0.05211400 -0.01789500
v 0.00354000 -0.05211400 -0.01789500
v 0.00354000 -0.05211400 -0.01789500
v 0.00226500 -0.05209000 -0.01652300
v 0.00226500 -0.05209000 -0.01652300
v 0.00226500 -0.05209000 -0.01652300
v 0.00226500 -0.05209000 -0.01652300
v 0.00226500 -0.05209000 -0.01652300
v 0.00226500 -0.05209000 -0.01652300
v 0.00226500 -0.05209000 -0.01652300
v 0.00226500 -0.05209000 -0.01652300
v 0.00372000 -0.05221300 -0.01839700
v 0.00372000 -0.05221300 -0.01839700
v 0.00372000 -0.05221300 -0.01839700
v 0.00372000 -0.05221300 -0.01839700
v 0.00372000 -0.05221300 -0.01839700
v 0.00372000 -0.05221300 -0.01839700
v 0.00387300 -0.05211600 -0.01852600
v 0.00387300 -0.05211600 -0.01852600
v 0.00387300 -0.05211600 -0.01852600
v 0.00387300 -0.05211600 -0.01852600
v 0.00387300 -0.05211600 -0.01852600
v 0.00405100 -0.05213100 -0.01925200
v 0.00405100 -0.05213100 -0.01925200
v 0.00405100 -0.05213100 -0.01925200
v 0.00405100 -0.05213100 -0.01925200
v 0.00405100 -0.05213100 -0.01925200
v 0.00405100 -0.05213100 -0.01925200
v 0.00405100 -0.05213100 -0.01925200
v -0.00409100 -0.05220100 -0.01966100
v -0.00409100 -0.05220100 -0.01966100
v -0.00409100 -0.05220100 -0.01966100
v -0.00409100 -0.05220100 -0.01966100
v -0.00409100 -0.05220100 -0.01966100
v -0.00409100 -0.05220100 -0.01966100
v -0.00384800 -0.05218900 -0.01867500
v -0.00384800 -0.05218900 -0.01867500
v -0.00384800 -0.05218900 -0.01867500
v -0.00384800 -0.05218900 -0.01867500
v -0.00384800 -0.05218900 -0.01867500
v -0.00417000 -0.05211200 -0.01953400
v -0.00417000 -0.05211200 -0.01953400
v -0.00417000 -0.05211200 -0.01953400
v -0.00417000 -0.05211200 -0.01953400
v -0.00417000 -0.05211200 -0.01953400
v -0.00417000 -0.05211200 -0.01953400
v -0.00412400 -0.05218400 -0.02046900
v -0.00412400 -0.05218400 -0.02046900
v -0.00412400 -0.05218400 -0.02046900
v -0.00412400 -0.05218400 -0.02046900
v -0.00412400 -0.05218400 -0.02046900
v 0.00323300 -0.05479600 -0.01769800
v 0.00323300 -0.05479600 -0.01769800
v 0.00323300 -0.05479600 -0.01769800
v 0.00323300 -0.05479600 -0.01769800
v 0.00323300 -0.05479600 -0.01769800
v 0.00323300 -0.05479600 -0.01769800
v 0.00323300 -0.05479600 -0.01769800
v 0.00245300 -0.05472800 -0.02345300
v 0.00245300 -0.05472800 -0.02345300
v 0.00245300 -0.05472800 -0.02345300
v 0.00245300 -0.05472800 -0.02345300
v 0.00245300 -0.05472800 -0.02345300
v 0.00222800 -0.05213200 -0.02367900
v 0.00222800 -0.05213200 -0.02367900
v 0.00222800 -0.05213200 -0.02367900
v 0.00222800 -0.05213200 -0.02367900
v 0.00222800 -0.05213200 -0.02367900
v 0.00222800 -0.05213200 -0.02367900
v 0.00222800 -0.05213200 -0.02367900
v 0.00222800 -0.05213200 -0.02367900
v 0.00064400 -0.05472500 -0.01612600
v 0.00064400 -0.05472500 -0.01612600
v 0.00064400 -0.05472500 -0.01612600
v 0.00064400 -0.05472500 -0.01612600
v 0.00064400 -0.05472500 -0.01612600
v 0.00319600 -0.05474500 -0.02272600
v 0.00319600 -0.05474500 -0.02272600
v 0.00319600 -0.05474500 -0.02272600
v 0.00319600 -0.05474500 -0.02272600
v 0.00319600 -0.05474500 -0.02272600
v -0.00038700 -0.05473000 -0.01610200
v -0.00038700 -0.05473000 -0.01610200
v -0.00038700 -0.05473000 -0.01610200
v -0.00038700 -0.05473000 -0.01610200
v -0.00038700 -0.05473000 -0.01610200
v -0.00038700 -0.05473000 -0.01610200
v 0.00381500 -0.05214400 -0.02182100
v 0.00381500 -0.05214400 -0.02182100
v 0.00381500 -0.05214400 -0.02182100
v 0.00381500 -0.05214400 -0.02182100
v 0.00381500 -0.05214400 -0.02182100
v 0.00392200 -0.05473600 -0.02135100
v 0.00392200 -0.05473600 -0.02135100
v 0.00392200 -0.05473600 -0.02135100
v 0.00392200 -0.05473600 -0.02135100
v 0.00392200 -0.05473600 -0.02135100
v -0.00138300 -0.05472700 -0.01631600
v -0.00138300 -0.05472700 -0.01631600
v -0.00138300 -0.05472700 -0.01631600
v -0.00138300 -0.05472700 -0.01631600
v -0.00138300 -0.05472700 -0.01631600
v -0.00138300 -0.05472700 -0.01631600
v -0.00240600 -0.05472300 -0.01685700
v -0.00240600 -0.05472300 -0.01685700
v -0.00240600 -0.05472300 -0.01685700
v -0.00240600 -0.05472300 -0.01685700
v -0.00240600 -0.05472300 -0.01685700
v -0.00240600 -0.05472300 -0.01685700
v 0.00415500 -0.05214700 -0.02006700
v 0.00415500 -0.05214700 -0.02006700
v 0.00415500 -0.05214700 -0.02006700
v 0.00415500 -0.05214700 -0.02006700
v 0.00415500 -0.05214700 -0.02006700
v 0.00415500 -0.05214700 -0.02006700
v 0.00415500 -0.05214700 -0.02006700
v 0.00383800 -0.05483200 -0.02125000
v 0.00383800 -0.05483200 -0.02125000
v 0.00383800 -0.05483200 -0.02125000
v 0.00383800 -0.05483200 -0.02125000
v 0.00383800 -0.05483200 -0.02125000
v 0.00403800 -0.05478500 -0.02053400
v 0.00403800 -0.05478500 -0.02053400
v 0.00403800 -0.05478500 -0.02053400
v 0.00403800 -0.05478500 -0.02053400
v 0.00403800 -0.05478500 -0.02053400
v -0.00383300 -0.05479600 -0.02148500
v -0.00383300 -0.05479600 -0.02148500
v -0.00383300 -0.05479600 -0.02148500
v -0.00383300 -0.05479600 -0.02148500
v -0.00148500 -0.05482800 -0.02389100
v -0.00148500 -0.05482800 -0.02389100
v -0.00148500 -0.05482800 -0.02389100
v -0.00148500 -0.05482800 -0.02389100
v -0.00148500 -0.05482800 -0.02389100
v -0.00139000 -0.05472400 -0.02403900
v -0.00139000 -0.05472400 -0.02403900
v -0.00139000 -0.05472400 -0.02403900
v -0.00139000 -0.05472400 -0.02403900
v -0.00139000 -0.05472400 -0.02403900
v -0.00139000 -0.05472400 -0.02403900
v -0.00139000 -0.05472400 -0.02403900
v -0.00324000 -0.05479700 -0.02263800
v -0.00324000 -0.05479700 -0.02263800
v -0.00324000 -0.05479700 -0.02263800
v -0.00324000 -0.05479700 -0.02263800
v -0.00324000 -0.05479700 -0.02263800
v -0.00324000 -0.05479700 -0.02263800
v 0.00404300 -0.05479900 -0.02006200
v 0.00404300 -0.05479900 -0.02006200
v 0.00404300 -0.05479900 -0.02006200
v 0.00404300 -0.05479900 -0.02006200
v 0.00404300 -0.05479900 -0.02006200
v 0.00400200 -0.05479800 -0.01952800
v 0.00400200 -0.05479800 -0.01952800
v 0.00400200 -0.05479800 -0.01952800
v 0.00400200 -0.05479800 -0.01952800
v 0.00400200 -0.05479800 -0.01952800
v 0.00400200 -0.05479800 -0.01952800
v -0.00022000 -0.05482500 -0.02418700
v -0.00022000 -0.05482500 -0.02418700
v -0.00022000 -0.05482500 -0.02418700
v -0.00022000 -0.05482500 -0.02418700
v -0.00022000 -0.05482500 -0.02418700
v -0.00015100 -0.05473000 -0.02426400
v -0.00015100 -0.05473000 -0.02426400
v -0.00015100 -0.05473000 -0.02426400
v -0.00015100 -0.05473000 -0.02426400
v -0.00015100 -0.05473000 -0.02426400
v 0.00087300 -0.05479300 -0.02414400
v 0.00087300 -0.05479300 -0.02414400
v 0.00087300 -0.05479300 -0.02414400
v 0.00087300 -0.05479300 -0.02414400
v 0.00087300 -0.05479300 -0.02414400
v 0.00087300 -0.05479300 -0.02414400
v 0.00087300 -0.05479300 -0.02414400
v 0.00087300 -0.05479300 -0.02414400
v 0.00173500 -0.05478200 -0.02385100
v 0.00173500 -0.05478200 -0.02385100
v 0.00173500 -0.05478200 -0.02385100
v 0.00173500 -0.05478200 -0.02385100
v 0.00173500 -0.05478200 -0.02385100
v 0.00173500 -0.05478200 -0.02385100
v 0.00260900 -0.05483200 -0.02320700
v 0.00260900 -0.05483200 -0.02320700
v 0.00260900 -0.05483200 -0.02320700
v 0.00260900 -0.05483200 -0.02320700
v 0.00260900 -0.05483200 -0.02320700
v 0.00260900 -0.05483200 -0.02320700
v 0.00260900 -0.05483200 -0.02320700
v 0.00353500 -0.05480400 -0.02213500
v 0.00353500 -0.05480400 -0.02213500
v 0.00353500 -0.05480400 -0.02213500
v 0.00353500 -0.05480400 -0.02213500
v 0.00353500 -0.05480400 -0.02213500
v 0.00353500 -0.05480400 -0.02213500
v 0.00353500 -0.05480400 -0.02213500
v 0.00353500 -0.05480400 -0.02213500
v -0.00247700 -0.05481000 -0.02337200
v -0.00247700 -0.05481000 -0.02337200
v -0.00247700 -0.05481000 -0.02337200
v -0.00247700 -0.05481000 -0.02337200
v -0.00247700 -0.05481000 -0.02337200
v -0.00247700 -0.05481000 -0.02337200
v -0.00247700 -0.05481000 -0.02337200
v -0.00399800 -0.05479900 -0.02082700
v -0.00399800 -0.05479900 -0.02082700
v -0.00399800 -0.05479900 -0.02082700
v -0.00399800 -0.05479900 -0.02082700
v -0.00399800 -0.05479900 -0.02082700
v -0.00399800 -0.05479900 -0.02082700
v -0.00399800 -0.05479900 -0.02082700
v -0.00399800 -0.05479900 -0.02082700
v -0.00399800 -0.05479900 -0.02082700
v -0.00386600 -0.04794200 -0.02236900
v -0.00386600 -0.04794200 -0.02236900
v -0.00386600 -0.04794200 -0.02236900
v -0.00386600 -0.04794200 -0.02236900
v -0.00386600 -0.04794200 -0.02236900
v -0.00386600 -0.04794200 -0.02236900
v -0.00386600 -0.04794200 -0.02236900
v -0.00294200 -0.04798300 -0.02353100
v -0.00294200 -0.04798300 -0.02353100
v -0.00294200 -0.04798300 -0.02353100
v -0.00294200 -0.04798300 -0.02353100
v -0.00294200 -0.04798300 -0.02353100
v -0.00294200 -0.04798300 -0.02353100
v -0.00294200 -0.04798300 -0.02353100
v 0.00383400 -0.04794200 -0.02242500
v 0.00383400 -0.04794200 -0.02242500
v 0.00383400 -0.04794200 -0.02242500
v 0.00383400 -0.04794200 -0.02242500
v 0.00383400 -0.04794200 -0.02242500
v 0.00383400 -0.04794200 -0.02242500
v 0.00383400 -0.04794200 -0.02242500
v 0.00437800 -0.04798300 -0.02104400
v 0.00437800 -0.04798300 -0.02104400
v 0.00437800 -0.04798300 -0.02104400
v 0.00437800 -0.04798300 -0.02104400
v 0.00437800 -0.04798300 -0.02104400
v 0.00437800 -0.04798300 -0.02104400
v 0.00437800 -0.04798300 -0.02104400
v 0.00142900 -0.05209300 -0.02426000
v 0.00142900 -0.05209300 -0.02426000
v 0.00142900 -0.05209300 -0.02426000
v 0.00142900 -0.05209300 -0.02426000
v 0.00142900 -0.05209300 -0.02426000
v 0.00142900 -0.05209300 -0.02426000
v 0.00142900 -0.05209300 -0.02426000
v 0.00283500 -0.05213800 -0.02322400
v 0.00283500 -0.05213800 -0.02322400
v 0.00283500 -0.05213800 -0.02322400
v 0.00283500 -0.05213800 -0.02322400
v 0.00283500 -0.05213800 -0.02322400
v 0.00283500 -0.05213800 -0.02322400
v 0.00283500 -0.05213800 -0.02322400
v 0.00037300 -0.04795300 -0.01573800
v 0.00037300 -0.04795300 -0.01573800
v 0.00037300 -0.04795300 -0.01573800
v 0.00037300 -0.04795300 -0.01573800
v 0.00037300 -0.04795300 -0.01573800
v 0.00037300 -0.04795300 -0.01573800
v 0.00037300 -0.04795300 -0.01573800
v -0.00145500 -0.04787500 -0.01600900
v -0.00145500 -0.04787500 -0.01600900
v -0.00145500 -0.04787500 -0.01600900
v -0.00145500 -0.04787500 -0.01600900
v -0.00145500 -0.04787500 -0.01600900
v -0.00145500 -0.04787500 -0.01600900
v -0.00145500 -0.04787500 -0.01600900
v -0.00145500 -0.04787500 -0.01600900
v 0.00074900 -0.05209700 -0.02436300
v 0.00074900 -0.05209700 -0.02436300
v 0.00074900 -0.05209700 -0.02436300
v 0.00074900 -0.05209700 -0.02436300
v 0.00074900 -0.05209700 -0.02436300
v 0.00074900 -0.05209700 -0.02436300
v 0.00065600 -0.05220500 -0.02424400
v 0.00065600 -0.05220500 -0.02424400
v 0.00065600 -0.05220500 -0.02424400
v 0.00065600 -0.05220500 -0.02424400
v -0.00001400 -0.05214600 -0.02432500
v -0.00001400 -0.05214600 -0.02432500
v -0.00001400 -0.05214600 -0.02432500
v -0.00001400 -0.05214600 -0.02432500
v -0.00001400 -0.05214600 -0.02432500
v -0.00001400 -0.05214600 -0.02432500
v -0.00155300 -0.05213100 -0.02402800
v -0.00155300 -0.05213100 -0.02402800
v -0.00155300 -0.05213100 -0.02402800
v -0.00155300 -0.05213100 -0.02402800
v -0.00155300 -0.05213100 -0.02402800
v -0.00155300 -0.05213100 -0.02402800
v -0.00155300 -0.05213100 -0.02402800
v -0.00155300 -0.05213100 -0.02402800
v -0.00155300 -0.05213100 -0.02402800
v -0.00217800 -0.05217100 -0.02368500
v -0.00217800 -0.05217100 -0.02368500
v -0.00217800 -0.05217100 -0.02368500
v -0.00217800 -0.05217100 -0.02368500
v -0.00330000 -0.05220100 -0.02265100
v -0.00330000 -0.05220100 -0.02265100
v -0.00330000 -0.05220100 -0.02265100
v -0.00330000 -0.05220100 -0.02265100
v 0.00405600 -0.05213800 -0.02109900
v 0.00405600 -0.05213800 -0.02109900
v 0.00405600 -0.05213800 -0.02109900
v 0.00405600 -0.05213800 -0.02109900
v 0.00405600 -0.05213800 -0.02109900
v 0.00405600 -0.05213800 -0.02109900
v 0.00143800 -0.05215800 -0.02406900
v 0.00143800 -0.05215800 -0.02406900
v 0.00143800 -0.05215800 -0.02406900
v 0.00143800 -0.05215800 -0.02406900
v 0.00143800 -0.05215800 -0.02406900
v 0.00143800 -0.05215800 -0.02406900
v 0.00345200 -0.05214400 -0.02248900
v 0.00345200 -0.05214400 -0.02248900
v 0.00345200 -0.05214400 -0.02248900
v 0.00345200 -0.05214400 -0.02248900
v 0.00345200 -0.05214400 -0.02248900
v 0.00345200 -0.05214400 -0.02248900
v -0.00056000 -0.05217200 -0.02428000
v -0.00056000 -0.05217200 -0.02428000
v -0.00056000 -0.05217200 -0.02428000
v -0.00056000 -0.05217200 -0.02428000
v -0.00056000 -0.05217200 -0.02428000
v -0.00379800 -0.05219000 -0.02181100
v -0.00379800 -0.05219000 -0.02181100
v -0.00379800 -0.05219000 -0.02181100
v -0.00379800 -0.05219000 -0.02181100
v -0.00379800 -0.05219000 -0.02181100
v -0.00379800 -0.05219000 -0.02181100
v 0.00070400 -0.04776500 -0.01580200
v 0.00070400 -0.04776500 -0.01580200
v 0.00070400 -0.04776500 -0.01580200
v 0.00070400 -0.04776500 -0.01580200
v -0.00309600 -0.05472000 -0.01749600
v -0.00309600 -0.05472000 -0.01749600
v -0.00309600 -0.05472000 -0.01749600
v -0.00309600 -0.05472000 -0.01749600
v -0.00309600 -0.05472000 -0.01749600
v -0.00309600 -0.05472000 -0.01749600
v -0.00368200 -0.05475800 -0.01840200
v -0.00368200 -0.05475800 -0.01840200
v -0.00368200 -0.05475800 -0.01840200
v -0.00368200 -0.05475800 -0.01840200
v -0.00368200 -0.05475800 -0.01840200
v -0.00368200 -0.05475800 -0.01840200
v -0.00408600 -0.05475100 -0.02014300
v -0.00408600 -0.05475100 -0.02014300
v -0.00408600 -0.05475100 -0.02014300
v -0.00408600 -0.05475100 -0.02014300
v -0.00408600 -0.05475100 -0.02014300
v -0.00391600 -0.05479400 -0.01909400
v -0.00391600 -0.05479400 -0.01909400
v -0.00391600 -0.05479400 -0.01909400
v -0.00391600 -0.05479400 -0.01909400
v -0.00391600 -0.05479400 -0.01909400
v -0.00391600 -0.05479400 -0.01909400
v -0.00391600 -0.05479400 -0.01909400
v -0.00391600 -0.05479400 -0.01909400
v -0.00400100 -0.05482300 -0.01993400
v -0.00400100 -0.05482300 -0.01993400
v -0.00400100 -0.05482300 -0.01993400
v -0.00400100 -0.05482300 -0.01993400
v 0.00383500 -0.05479400 -0.01886300
v 0.00383500 -0.05479400 -0.01886300
v 0.00383500 -0.05479400 -0.01886300
v 0.00383500 -0.05479400 -0.01886300
v 0.00383500 -0.05479400 -0.01886300
v 0.00158600 -0.05480100 -0.01644200
v 0.00158600 -0.05480100 -0.01644200
v 0.00158600 -0.05480100 -0.01644200
v 0.00158600 -0.05480100 -0.01644200
v 0.00158600 -0.05480100 -0.01644200
v 0.00158600 -0.05480100 -0.01644200
v 0.00158600 -0.05480100 -0.01644200
v 0.00022000 -0.05482600 -0.01616200
v 0.00022000 -0.05482600 -0.01616200
v 0.00022000 -0.05482600 -0.01616200
v 0.00022000 -0.05482600 -0.01616200
v 0.00022000 -0.05482600 -0.01616200
v -0.00139900 -0.05482800 -0.01640700
v -0.00139900 -0.05482800 -0.01640700
v -0.00139900 -0.05482800 -0.01640700
v -0.00139900 -0.05482800 -0.01640700
v -0.00139900 -0.05482800 -0.01640700
v -0.00139900 -0.05482800 -0.01640700
v -0.00139900 -0.05482800 -0.01640700
v -0.00250200 -0.05482800 -0.01705400
v -0.00250200 -0.05482800 -0.01705400
v -0.00250200 -0.05482800 -0.01705400
v -0.00250200 -0.05482800 -0.01705400
v -0.00250200 -0.05482800 -0.01705400
v -0.00250200 -0.05482800 -0.01705400
v -0.00250200 -0.05482800 -0.01705400
v -0.00319900 -0.05482800 -0.01776700
v -0.00319900 -0.05482800 -0.01776700
v -0.00319900 -0.05482800 -0.01776700
v -0.00319900 -0.05482800 -0.01776700
v -0.00319900 -0.05482800 -0.01776700
v 0.00245700 -0.05480800 -0.01695900
v 0.00245700 -0.05480800 -0.01695900
v 0.00245700 -0.05480800 -0.01695900
v 0.00245700 -0.05480800 -0.01695900
v 0.00245700 -0.05480800 -0.01695900
v -0.00019400 -0.05484400 -0.02288600
v -0.00019400 -0.05484400 -0.02288600
v -0.00019400 -0.05484400 -0.02288600
v -0.00019400 -0.05484400 -0.02288600
v -0.00019400 -0.05484400 -0.02288600
v -0.00019400 -0.05484400 -0.02288600
v -0.00019400 -0.05484400 -0.02288600
v -0.00150900 -0.05484400 -0.02178500
v -0.00150900 -0.05484400 -0.02178500
v -0.00150900 -0.05484400 -0.02178500
v -0.00150900 -0.05484400 -0.02178500
v -0.00150900 -0.05484400 -0.02178500
v -0.00150900 -0.05484400 -0.02178500
v -0.00150900 -0.05484400 -0.02178500
v -0.00043800 -0.05484400 -0.02114000
v -0.00043800 -0.05484400 -0.02114000
v -0.00043800 -0.05484400 -0.02114000
v -0.00043800 -0.05484400 -0.02114000
v -0.00129600 -0.05484400 -0.02121800
v -0.00129600 -0.05484400 -0.02121800
v -0.00129600 -0.05484400 -0.02121800
v -0.00129600 -0.05484400 -0.02121800
v -0.00129600 -0.05484400 -0.02121800
v -0.00067900 -0.05484400 -0.01929000
v -0.00067900 -0.05484400 -0.01929000
v -0.00067900 -0.05484400 -0.01929000
v -0.00056500 -0.05484400 -0.01838200
v -0.00056500 -0.05484400 -0.01838200
v -0.00056500 -0.05484400 -0.01838200
v -0.00056500 -0.05484400 -0.01838200
v -0.00056500 -0.05484400 -0.01838200
v -0.00056500 -0.05484400 -0.01838200
v -0.00056500 -0.05484400 -0.01838200
v -0.00111000 -0.05484400 -0.02027200
v -0.00111000 -0.05484400 -0.02027200
v -0.00111000 -0.05484400 -0.02027200
v -0.00111000 -0.05484400 -0.02027200
v -0.00209200 -0.05484400 -0.02161600
v -0.00209200 -0.05484400 -0.02161600
v -0.00209200 -0.05484400 -0.02161600
v -0.00209200 -0.05484400 -0.02161600
v -0.00209200 -0.05484400 -0.02161600
v -0.00209200 -0.05484400 -0.02161600
v -0.00209200 -0.05484400 -0.02161600
v -0.00209200 -0.05484400 -0.02161600
v -0.00209200 -0.05484400 -0.02161600
v -0.00209200 -0.05484400 -0.02161600
v 0.00231000 -0.05484400 -0.02079400
v 0.00231000 -0.05484400 -0.02079400
v 0.00231000 -0.05484400 -0.02079400
v 0.00231000 -0.05484400 -0.02079400
v 0.00231000 -0.05484400 -0.02079400
v 0.00231000 -0.05484400 -0.02079400
v 0.00231000 -0.05484400 -0.02079400
v 0.00231000 -0.05484400 -0.02079400
v 0.00231000 -0.05484400 -0.02079400
v 0.00231000 -0.05484400 -0.02079400
v 0.00231000 -0.05484400 -0.02079400
v 0.00231000 -0.05484400 -0.02079400
v 0.00213100 -0.05484400 -0.02137400
v 0.00213100 -0.05484400 -0.02137400
v 0.00213100 -0.05484400 -0.02137400
v 0.00213100 -0.05484400 -0.02137400
v 0.00213100 -0.05484400 -0.02137400
v 0.00213100 -0.05484400 -0.02137400
v -0.00187800 -0.05484400 -0.02104900
v -0.00187800 -0.05484400 -0.02104900
v -0.00187800 -0.05484400 -0.02104900
v -0.00187800 -0.05484400 -0.02104900
v -0.00187800 -0.05484400 -0.02104900
v -0.00187800 -0.05484400 -0.02104900
v -0.00049800 -0.05484400 -0.01777500
v -0.00049800 -0.05484400 -0.01777500
v -0.00049800 -0.05484400 -0.01777500
v -0.00049800 -0.05484400 -0.01777500
v -0.00049800 -0.05484400 -0.01777500
v -0.00049800 -0.05484400 -0.01777500
v 0.00153900 -0.05484400 -0.02124400
v 0.00153900 -0.05484400 -0.02124400
v 0.00153900 -0.05484400 -0.02124400
v 0.00153900 -0.05484400 -0.02124400
v 0.00153900 -0.05484400 -0.02124400
v 0.00153900 -0.05484400 -0.02124400
v 0.00153900 -0.05484400 -0.02124400
v 0.00153900 -0.05484400 -0.02124400
v -0.00225500 -0.05484400 -0.01864600
v -0.00225500 -0.05484400 -0.01864600
v -0.00225500 -0.05484400 -0.01864600
v -0.00225500 -0.05484400 -0.01864600
v -0.00225500 -0.05484400 -0.01864600
v -0.00225500 -0.05484400 -0.01864600
v -0.00225500 -0.05484400 -0.01864600
v -0.00225500 -0.05484400 -0.01864600
v -0.00225500 -0.05484400 -0.01864600
v 0.00244600 -0.05484400 -0.01898700
v 0.00244600 -0.05484400 -0.01898700
v 0.00244600 -0.05484400 -0.01898700
v 0.00244600 -0.05484400 -0.01898700
v 0.00244600 -0.05484400 -0.01898700
v 0.00244600 -0.05484400 -0.01898700
v 0.00244600 -0.05484400 -0.01898700
v 0.00244600 -0.05484400 -0.01898700
v -0.00263500 -0.05484400 -0.01956200
v -0.00263500 -0.05484400 -0.01956200
v -0.00263500 -0.05484400 -0.01956200
v -0.00263500 -0.05484400 -0.01956200
v -0.00263500 -0.05484400 -0.01956200
v -0.00263500 -0.05484400 -0.01956200
v -0.00263500 -0.05484400 -0.01956200
v -0.00263500 -0.05484400 -0.01956200
v 0.00078800 -0.05484400 -0.02276700
v 0.00078800 -0.05484400 -0.02276700
v 0.00078800 -0.05484400 -0.02276700
v 0.00078800 -0.05484400 -0.02276700
v 0.00078800 -0.05484400 -0.02276700
v 0.00078800 -0.05484400 -0.02276700
v 0.00078800 -0.05484400 -0.02276700
v 0.00078800 -0.05484400 -0.02276700
v 0.00078800 -0.05484400 -0.02276700
v 0.00185300 -0.05484400 -0.01819700
v 0.00185300 -0.05484400 -0.01819700
v 0.00185300 -0.05484400 -0.01819700
v 0.00185300 -0.05484400 -0.01819700
v 0.00185300 -0.05484400 -0.01819700
v 0.00185300 -0.05484400 -0.01819700
v 0.00185300 -0.05484400 -0.01819700
v 0.00105500 -0.05484400 -0.02007100
v 0.00105500 -0.05484400 -0.02007100
v 0.00105500 -0.05484400 -0.02007100
v 0.00105500 -0.05484400 -0.02007100
v 0.00105500 -0.05484400 -0.02007100
v 0.00105500 -0.05484400 -0.02007100
v 0.00171800 -0.05484400 -0.02066300
v 0.00171800 -0.05484400 -0.02066300
v 0.00171800 -0.05484400 -0.02066300
v 0.00171800 -0.05484400 -0.02066300
v 0.00171800 -0.05484400 -0.02066300
v 0.00064000 -0.05484400 -0.02108700
v 0.00064000 -0.05484400 -0.02108700
v 0.00064000 -0.05484400 -0.02108700
v 0.00010600 -0.05484400 -0.01779100
v 0.00010600 -0.05484400 -0.01779100
v 0.00010600 -0.05484400 -0.01779100
v 0.00010600 -0.05484400 -0.01779100
v 0.00010600 -0.05484400 -0.01779100
v 0.00010600 -0.05484400 -0.01779100
v 0.00010600 -0.05484400 -0.01779100
v 0.00010600 -0.05484400 -0.01779100
v 0.00010600 -0.05484400 -0.01779100
v 0.00003900 -0.05484400 -0.01839900
v 0.00003900 -0.05484400 -0.01839900
v 0.00003900 -0.05484400 -0.01839900
v 0.00003900 -0.05484400 -0.01839900
v 0.00043800 -0.05484400 -0.01919200
v 0.00043800 -0.05484400 -0.01919200
v 0.00043800 -0.05484400 -0.01919200
v 0.00043800 -0.05484400 -0.01919200
v 0.00043800 -0.05484400 -0.01919200
v 0.00050100 -0.05564400 -0.01915400
v 0.00050100 -0.05564400 -0.01915400
v 0.00050100 -0.05564400 -0.01915400
v 0.00050100 -0.05564400 -0.01915400
v 0.00050100 -0.05564400 -0.01915400
v 0.00050100 -0.05564400 -0.01915400
v -0.00041800 -0.05075900 -0.01774600
v -0.00041800 -0.05075900 -0.01774600
v -0.00041800 -0.05075900 -0.01774600
v -0.00041800 -0.05075900 -0.01774600
v -0.00041800 -0.05075900 -0.01774600
v -0.00041800 -0.05075900 -0.01774600
v -0.00061400 -0.05070900 -0.01806400
v -0.00061400 -0.05070900 -0.01806400
v -0.00061400 -0.05070900 -0.01806400
v -0.00061400 -0.05070900 -0.01806400
v -0.00061400 -0.05070900 -0.01806400
v -0.00061400 -0.05070900 -0.01806400
v -0.00043300 -0.05078300 -0.01842900
v -0.00043300 -0.05078300 -0.01842900
v -0.00043300 -0.05078300 -0.01842900
v -0.00043300 -0.05078300 -0.01842900
v -0.00004100 -0.05075900 -0.01842800
v -0.00004100 -0.05075900 -0.01842800
v -0.00004100 -0.05075900 -0.01842800
v -0.00004100 -0.05075900 -0.01842800
v -0.00004100 -0.05075900 -0.01842800
v -0.00004100 -0.05075900 -0.01842800
v -0.00012300 -0.05049500 -0.01813100
v -0.00012300 -0.05049500 -0.01813100
v -0.00012300 -0.05049500 -0.01813100
v -0.00012300 -0.05049500 -0.01813100
v -0.00012300 -0.05049500 -0.01813100
v -0.00038300 -0.05051400 -0.01804600
v -0.00038300 -0.05051400 -0.01804600
v -0.00038300 -0.05051400 -0.01804600
v -0.00038300 -0.05051400 -0.01804600
v -0.00038300 -0.05051400 -0.01804600
v -0.00030000 -0.05057700 -0.01835100
v -0.00030000 -0.05057700 -0.01835100
v -0.00030000 -0.05057700 -0.01835100
v -0.00030000 -0.05057700 -0.01835100
v -0.00030000 -0.05057700 -0.01835100
v -0.00193300 -0.05073100 -0.02111600
v -0.00193300 -0.05073100 -0.02111600
v -0.00193300 -0.05073100 -0.02111600
v -0.00193300 -0.05073100 -0.02111600
v -0.00193300 -0.05073100 -0.02111600
v -0.00205400 -0.05069800 -0.02134800
v -0.00205400 -0.05069800 -0.02134800
v -0.00205400 -0.05069800 -0.02134800
v -0.00205400 -0.05069800 -0.02134800
v -0.00201700 -0.05065800 -0.02157400
v -0.00201700 -0.05065800 -0.02157400
v -0.00201700 -0.05065800 -0.02157400
v -0.00201700 -0.05065800 -0.02157400
v -0.00201700 -0.05065800 -0.02157400
v -0.00180900 -0.05075800 -0.02179100
v -0.00180900 -0.05075800 -0.02179100
v -0.00180900 -0.05075800 -0.02179100
v -0.00180900 -0.05075800 -0.02179100
v -0.00180900 -0.05075800 -0.02179100
v -0.00145400 -0.05073100 -0.02171900
v -0.00145400 -0.05073100 -0.02171900
v -0.00145400 -0.05073100 -0.02171900
v -0.00145400 -0.05073100 -0.02171900
v -0.00145400 -0.05073100 -0.02171900
v -0.00151400 -0.05052500 -0.02131900
v -0.00151400 -0.05052500 -0.02131900
v -0.00151400 -0.05052500 -0.02131900
v -0.00151400 -0.05052500 -0.02131900
v -0.00166600 -0.05053300 -0.02161300
v -0.00166600 -0.05053300 -0.02161300
v -0.00166600 -0.05053300 -0.02161300
v -0.00166600 -0.05053300 -0.02161300
v -0.00166600 -0.05053300 -0.02161300
v -0.00166600 -0.05053300 -0.02161300
v -0.00131000 -0.05070500 -0.02140200
v -0.00131000 -0.05070500 -0.02140200
v -0.00131000 -0.05070500 -0.02140200
v -0.00131000 -0.05070500 -0.02140200
v -0.00131000 -0.05070500 -0.02140200
v 0.00160400 -0.05075400 -0.02080500
v 0.00160400 -0.05075400 -0.02080500
v 0.00160400 -0.05075400 -0.02080500
v 0.00160400 -0.05075400 -0.02080500
v 0.00160400 -0.05075400 -0.02080500
v 0.00155800 -0.05069600 -0.02101400
v 0.00155800 -0.05069600 -0.02101400
v 0.00155800 -0.05069600 -0.02101400
v 0.00155800 -0.05069600 -0.02101400
v 0.00163200 -0.05075400 -0.02127200
v 0.00163200 -0.05075400 -0.02127200
v 0.00163200 -0.05075400 -0.02127200
v 0.00163200 -0.05075400 -0.02127200
v 0.00191700 -0.05072100 -0.02140100
v 0.00191700 -0.05072100 -0.02140100
v 0.00191700 -0.05072100 -0.02140100
v 0.00191700 -0.05072100 -0.02140100
v 0.00191700 -0.05072100 -0.02140100
v 0.00191700 -0.05072100 -0.02140100
v 0.00224500 -0.05075400 -0.02123300
v 0.00224500 -0.05075400 -0.02123300
v 0.00224500 -0.05075400 -0.02123300
v 0.00224500 -0.05075400 -0.02123300
v 0.00224500 -0.05075400 -0.02123300
v 0.00229100 -0.05069600 -0.02102300
v 0.00229100 -0.05069600 -0.02102300
v 0.00229100 -0.05069600 -0.02102300
v 0.00229100 -0.05069600 -0.02102300
v 0.00221600 -0.05075400 -0.02076500
v 0.00221600 -0.05075400 -0.02076500
v 0.00221600 -0.05075400 -0.02076500
v 0.00221600 -0.05075400 -0.02076500
v 0.00193100 -0.05072100 -0.02063600
v 0.00193100 -0.05072100 -0.02063600
v 0.00193100 -0.05072100 -0.02063600
v 0.00193100 -0.05072100 -0.02063600
v 0.00193100 -0.05072100 -0.02063600
v 0.00193100 -0.05072100 -0.02063600
v 0.00180200 -0.05049000 -0.02093300
v 0.00180200 -0.05049000 -0.02093300
v 0.00180200 -0.05049000 -0.02093300
v 0.00180200 -0.05049000 -0.02093300
v 0.00180200 -0.05049000 -0.02093300
v 0.00180200 -0.05049000 -0.02093300
v -0.00115800 -0.05564400 -0.02023800
v -0.00115800 -0.05564400 -0.02023800
v -0.00115800 -0.05564400 -0.02023800
v -0.00115800 -0.05564400 -0.02023800
v -0.00115800 -0.05564400 -0.02023800
v -0.00115800 -0.05564400 -0.02023800
v -0.00263800 -0.05564400 -0.01955900
v -0.00263800 -0.05564400 -0.01955900
v -0.00263800 -0.05564400 -0.01955900
v -0.00263800 -0.05564400 -0.01955900
v -0.00046100 -0.05564400 -0.02108000
v -0.00046100 -0.05564400 -0.02108000
v -0.00046100 -0.05564400 -0.02108000
v -0.00046100 -0.05564400 -0.02108000
v -0.00046100 -0.05564400 -0.02108000
v -0.00046100 -0.05564400 -0.02108000
v -0.00046100 -0.05564400 -0.02108000
v -0.00019600 -0.05564400 -0.02289200
v -0.00019600 -0.05564400 -0.02289200
v -0.00019600 -0.05564400 -0.02289200
v -0.00019600 -0.05564400 -0.02289200
v -0.00019600 -0.05564400 -0.02289200
v 0.00078700 -0.05564400 -0.02276300
v 0.00078700 -0.05564400 -0.02276300
v 0.00078700 -0.05564400 -0.02276300
v 0.00063800 -0.05564400 -0.02102100
v 0.00063800 -0.05564400 -0.02102100
v 0.00063800 -0.05564400 -0.02102100
v 0.00063800 -0.05564400 -0.02102100
v 0.00063800 -0.05564400 -0.02102100
v 0.00063800 -0.05564400 -0.02102100
v 0.00063800 -0.05564400 -0.02102100
v 0.00110500 -0.05564400 -0.02002800
v 0.00110500 -0.05564400 -0.02002800
v 0.00110500 -0.05564400 -0.02002800
v 0.00110500 -0.05564400 -0.02002800
v 0.00110500 -0.05564400 -0.02002800
v 0.00244200 -0.05564400 -0.01900000
v 0.00244200 -0.05564400 -0.01900000
v 0.00244200 -0.05564400 -0.01900000
v 0.00244200 -0.05564400 -0.01900000
v 0.00186300 -0.05564400 -0.01819300
v 0.00186300 -0.05564400 -0.01819300
v 0.00186300 -0.05564400 -0.01819300
v 0.00186300 -0.05564400 -0.01819300
v 0.00186300 -0.05564400 -0.01819300
v -0.00061700 -0.05564400 -0.01931200
v -0.00061700 -0.05564400 -0.01931200
v -0.00061700 -0.05564400 -0.01931200
v -0.00061700 -0.05564400 -0.01931200
v -0.00061700 -0.05564400 -0.01931200
v -0.00061700 -0.05564400 -0.01931200
v -0.00061700 -0.05564400 -0.01931200
v -0.00061700 -0.05564400 -0.01931200
v -0.00061700 -0.05564400 -0.01931200
v -0.00225100 -0.05564400 -0.01865000
v -0.00225100 -0.05564400 -0.01865000
v -0.00225100 -0.05564400 -0.01865000
v 0.00015400 -0.05070900 -0.01811000
v 0.00015400 -0.05070900 -0.01811000
v 0.00015400 -0.05070900 -0.01811000
v 0.00015400 -0.05070900 -0.01811000
v 0.00015400 -0.05070900 -0.01811000
v 0.00015400 -0.05070900 -0.01811000
v -0.00005800 -0.05072000 -0.01774100
v -0.00005800 -0.05072000 -0.01774100
v -0.00005800 -0.05072000 -0.01774100
v -0.00005800 -0.05072000 -0.01774100
v -0.00157800 -0.05075800 -0.02104300
v -0.00157800 -0.05075800 -0.02104300
v -0.00157800 -0.05075800 -0.02104300
v -0.00157800 -0.05075800 -0.02104300
v -0.00157800 -0.05075800 -0.02104300
v -0.00157800 -0.05075800 -0.02104300
v 0.00053400 -0.05564400 -0.02044900
v 0.00053400 -0.05564400 -0.02044900
v 0.00053400 -0.05564400 -0.02044900
v 0.00053400 -0.05564400 -0.02044900
v 0.00053400 -0.05564400 -0.02044900
v 0.00053400 -0.05564400 -0.02044900
v 0.00053400 -0.05564400 -0.02044900
v -0.00016900 -0.05559400 -0.02041800
v -0.00016900 -0.05559400 -0.02041800
v -0.00016900 -0.05559400 -0.02041800
v -0.00016900 -0.05559400 -0.02041800
v -0.00016900 -0.05559400 -0.02041800
v -0.00020800 -0.05561500 -0.02014200
v -0.00020800 -0.05561500 -0.02014200
v -0.00020800 -0.05561500 -0.02014200
v -0.00020800 -0.05561500 -0.02014200
v -0.00051400 -0.05560700 -0.01988900
v -0.00051400 -0.05560700 -0.01988900
v -0.00051400 -0.05560700 -0.01988900
v -0.00051400 -0.05560700 -0.01988900
v -0.00051400 -0.05560700 -0.01988900
v -0.00051400 -0.05560700 -0.01988900
v -0.00051400 -0.05560700 -0.01988900
v 0.00042100 -0.05559400 -0.01942400
v 0.00042100 -0.05559400 -0.01942400
v 0.00042100 -0.05559400 -0.01942400
v 0.00042100 -0.05559400 -0.01942400
v 0.00042100 -0.05559400 -0.01942400
v 0.00018200 -0.05561000 -0.01945000
v 0.00018200 -0.05561000 -0.01945000
v 0.00018200 -0.05561000 -0.01945000
v 0.00018200 -0.05561000 -0.01945000
v 0.00018200 -0.05561000 -0.01945000
v -0.00042200 -0.05556900 -0.02072400
v -0.00042200 -0.05556900 -0.02072400
v -0.00042200 -0.05556900 -0.02072400
v -0.00042200 -0.05556900 -0.02072400
v -0.00042200 -0.05556900 -0.02072400
v -0.00042200 -0.05556900 -0.02072400
v 0.00020900 -0.05564400 -0.02002600
v 0.00020900 -0.05564400 -0.02002600
v 0.00020900 -0.05564400 -0.02002600
v 0.00020900 -0.05564400 -0.02002600
v 0.00020900 -0.05564400 -0.02002600
v 0.00020900 -0.05564400 -0.02002600
v 0.00020900 -0.05564400 -0.02002600
v -0.00016300 -0.05051700 -0.01791700
v -0.00016300 -0.05051700 -0.01791700
v -0.00016300 -0.05051700 -0.01791700
v -0.00016300 -0.05051700 -0.01791700
v -0.00016300 -0.05051700 -0.01791700
v -0.00176500 -0.05049300 -0.02130700
v -0.00176500 -0.05049300 -0.02130700
v -0.00176500 -0.05049300 -0.02130700
v -0.00176500 -0.05049300 -0.02130700
v -0.00176500 -0.05049300 -0.02130700
v -0.00176500 -0.05049300 -0.02130700
v 0.00204400 -0.05049000 -0.02110300
v 0.00204400 -0.05049000 -0.02110300
v 0.00204400 -0.05049000 -0.02110300
v 0.00204400 -0.05049000 -0.02110300
v 0.00204400 -0.05049000 -0.02110300
v 0.00204400 -0.05049000 -0.02110300
v 0.00042700 -0.05544400 -0.02020800
v 0.00042700 -0.05544400 -0.02020800
v 0.00042700 -0.05544400 -0.02020800
v 0.00042700 -0.05544400 -0.02020800
v 0.00042700 -0.05544400 -0.02020800
v 0.00042700 -0.05544400 -0.02020800
v 0.00053500 -0.05544400 -0.02045800
v 0.00053500 -0.05544400 -0.02045800
v 0.00053500 -0.05544400 -0.02045800
v 0.00053500 -0.05544400 -0.02045800
v 0.00017100 -0.05544400 -0.01989400
v 0.00017100 -0.05544400 -0.01989400
v 0.00017100 -0.05544400 -0.01989400
v -0.00023600 -0.05544400 -0.02022000
v -0.00023600 -0.05544400 -0.02022000
v -0.00023600 -0.05544400 -0.02022000
v -0.00023600 -0.05544400 -0.02022000
v -0.00023600 -0.05544400 -0.02022000
v -0.00023600 -0.05544400 -0.02022000
v -0.00023600 -0.05544400 -0.02022000
v 0.01275000 -0.03600000 0.00575000
v 0.01275000 -0.03600000 0.00575000
v 0.01275000 -0.03600000 0.00575000
v 0.01275000 -0.03600000 0.00575000
v 0.01275000 -0.03600000 0.00575000
v 0.01275000 -0.03600000 0.00575000
v 0.01275000 -0.03500000 0.00675000
v 0.01275000 -0.03500000 0.00675000
v 0.01275000 -0.03500000 -0.00578200
v 0.01275000 -0.03500000 -0.00578200
v 0.01275000 -0.03500000 -0.00578200
v 0.01275000 -0.03500000 -0.00578200
v 0.01275000 -0.03500000 -0.00578200
v 0.01275000 -0.03500000 -0.00578200
v 0.01275000 -0.03600000 -0.00578200
v 0.01275000 -0.03600000 -0.00578200
v 0.01275000 -0.03600000 -0.00578200
v 0.01275000 -0.03600000 -0.00578200
v 0.01275000 -0.03600000 -0.00578200
v 0.01525500 -0.06846300 0.02643800
v 0.01525500 -0.06846300 0.02643800
v 0.01525500 -0.06962700 0.02613600
v 0.01525500 -0.06962700 0.02613600
v 0.01525500 -0.06962700 0.02613600
v 0.01525500 -0.06962700 0.02613600
v 0.01525600 0.06845600 0.02644100
v 0.01525600 0.06845600 0.02644100
v 0.01525600 0.06845600 0.02644100
v 0.01525600 0.06845600 0.02644100
v 0.01525400 0.06938500 0.01339000
v 0.01525400 0.06938500 0.01339000
v 0.01525400 0.06938500 0.01339000
v 0.01525400 0.07093400 0.01820800
v 0.01525400 0.07093400 0.01820800
v 0.01525400 0.07093400 0.01820800
v 0.01525500 0.07196200 0.02213600
v 0.01525500 0.07196200 0.02213600
v 0.01525500 0.07196200 0.02213600
v 0.01525500 0.07196200 0.02213600
v 0.01525500 0.07189200 0.02323400
v 0.01525500 0.07189200 0.02323400
v 0.01525500 0.07189200 0.02323400
v 0.01525500 0.07155200 0.02429100
v 0.01525500 0.07155200 0.02429100
v 0.01525500 0.07155200 0.02429100
v 0.01525500 0.07087700 0.02522400
v 0.01525500 0.07087700 0.02522400
v 0.01525500 0.07087700 0.02522400
v 0.01525500 0.07016000 0.02582700
v 0.01525500 0.07016000 0.02582700
v 0.01525500 -0.07078900 0.02532300
v 0.01525500 -0.07078900 0.02532300
v 0.01525500 -0.07078900 0.02532300
v 0.01525500 -0.07159000 0.02423400
v 0.01525500 -0.07159000 0.02423400
v 0.01525500 -0.07159000 0.02423400
v 0.01525500 -0.07159000 0.02423400
v 0.01525500 0.06931900 0.02623500
v 0.01525500 0.06931900 0.02623500
v 0.01525500 0.06931900 0.02623500
v 0.00199200 -0.03195600 -0.00597000
v 0.00199200 -0.03195600 -0.00597000
v 0.00199200 -0.03195600 -0.00597000
v 0.00199200 -0.03195600 -0.00597000
v 0.00199200 -0.03195600 -0.00597000
v 0.00199200 -0.03195600 -0.00597000
v 0.00199200 -0.03195600 -0.00597000
v 0.00496600 -0.03161700 -0.00591800
v 0.00496600 -0.03161700 -0.00591800
v 0.00496600 -0.03161700 -0.00591800
v 0.00496600 -0.03161700 -0.00591800
v 0.00496600 -0.03161700 -0.00591800
v -0.00130000 -0.03202300 -0.00602700
v 0.01149200 -0.02987700 -0.00580400
v 0.01149200 -0.02987700 -0.00580400
v 0.01149200 -0.02987700 -0.00580400
v 0.01149200 -0.02987700 -0.00580400
v 0.01149200 -0.02987700 -0.00580400
v 0.01149200 -0.02987700 -0.00580400
v 0.00807200 -0.03098600 -0.00586400
v 0.00807200 -0.03098600 -0.00586400
v 0.00807200 -0.03098600 -0.00586400
v 0.00807200 -0.03098600 -0.00586400
v 0.00807200 -0.03098600 -0.00586400
v 0.00807200 -0.03098600 -0.00586400
v 0.00807200 -0.03098600 -0.00586400
v -0.00130000 -0.03202300 -0.00693600
v -0.00130000 -0.03202300 -0.00693600
v 0.00395300 -0.04506900 -0.01389700
v 0.00395300 -0.04506900 -0.01389700
v 0.00395300 -0.04506900 -0.01389700
v 0.00395300 -0.04506900 -0.01389700
v 0.00395300 -0.04506900 -0.01389700
v 0.00395300 -0.04506900 -0.01389700
v 0.00395300 -0.04506900 -0.01389700
v 0.00329100 -0.04505700 -0.01449000
v 0.00329100 -0.04505700 -0.01449000
v 0.00329100 -0.04505700 -0.01449000
v 0.00329100 -0.04505700 -0.01449000
v 0.00329100 -0.04505700 -0.01449000
v 0.00329100 -0.04505700 -0.01449000
v 0.00329100 -0.04505700 -0.01449000
v 0.00400000 -0.04507000 -0.00843000
v 0.00400000 -0.04507000 -0.00843000
v 0.00400000 -0.04507000 -0.00843000
v 0.00400000 -0.04507000 -0.00843000
v 0.00400000 -0.04507000 -0.00843000
v 0.00400000 -0.04507000 -0.00843000
v 0.00400000 -0.04507000 -0.00843000
v 0.00400000 -0.04507000 -0.00843000
v 0.00051700 -0.09991300 -0.00752200
v 0.00051700 -0.09991300 -0.00752200
v 0.00051700 -0.09991300 -0.00752200
v 0.00051700 -0.09991300 -0.00752200
v 0.00051700 -0.09991300 -0.00752200
v 0.00051700 -0.09991300 -0.00752200
v 0.00146000 -0.09867800 -0.01254700
v 0.00146000 -0.09867800 -0.01254700
v 0.00146000 -0.09867800 -0.01254700
v 0.00146000 -0.09867800 -0.01254700
v 0.00146000 -0.09867800 -0.01254700
v 0.00146000 -0.09867800 -0.01254700
v 0.00107200 -0.09892100 -0.01144000
v 0.00107200 -0.09892100 -0.01144000
v 0.00107200 -0.09892100 -0.01144000
v 0.00107200 -0.09892100 -0.01144000
v 0.00107200 -0.09892100 -0.01144000
v 0.00107200 -0.09892100 -0.01144000
v 0.00155600 -0.09993700 -0.01020200
v 0.00155600 -0.09993700 -0.01020200
v 0.00155600 -0.09993700 -0.01020200
v 0.00155600 -0.09993700 -0.01020200
v 0.00155600 -0.09993700 -0.01020200
v 0.00155600 -0.09993700 -0.01020200
v 0.00187400 -0.09821600 -0.01431500
v 0.00187400 -0.09821600 -0.01431500
v 0.00187400 -0.09821600 -0.01431500
v 0.00187400 -0.09821600 -0.01431500
v 0.00187400 -0.09821600 -0.01431500
v 0.00187400 -0.09821600 -0.01431500
v 0.00149100 -0.10047300 -0.00773900
v 0.00149100 -0.10047300 -0.00773900
v 0.00149100 -0.10047300 -0.00773900
v 0.00149100 -0.10047300 -0.00773900
v 0.00149100 -0.10047300 -0.00773900
v 0.00149100 -0.10047300 -0.00773900
v 0.00099400 -0.10005800 -0.00783400
v 0.00099400 -0.10005800 -0.00783400
v 0.00099400 -0.10005800 -0.00783400
v 0.00099400 -0.10005800 -0.00783400
v 0.00099400 -0.10005800 -0.00783400
v 0.00201200 -0.10013400 -0.01349800
v 0.00201200 -0.10013400 -0.01349800
v 0.00201200 -0.10013400 -0.01349800
v 0.00201200 -0.10013400 -0.01349800
v 0.00201200 -0.10013400 -0.01349800
v 0.00201200 -0.10013400 -0.01349800
v 0.00201200 -0.10013400 -0.01349800
v 0.00196300 -0.10066700 -0.01080600
v 0.00196300 -0.10066700 -0.01080600
v 0.00196300 -0.10066700 -0.01080600
v 0.00196300 -0.10066700 -0.01080600
v 0.00196300 -0.10066700 -0.01080600
v 0.00182700 -0.10075900 -0.00904100
v 0.00182700 -0.10075900 -0.00904100
v 0.00182700 -0.10075900 -0.00904100
v 0.00182700 -0.10075900 -0.00904100
v 0.00182700 -0.10075900 -0.00904100
v 0.00182700 -0.10075900 -0.00904100
v 0.00197400 -0.09888000 -0.01406300
v 0.00197400 -0.09888000 -0.01406300
v 0.00197400 -0.09888000 -0.01406300
v 0.00197400 -0.09888000 -0.01406300
v 0.00197400 -0.09888000 -0.01406300
v 0.00114500 -0.09978800 -0.00934400
v 0.00114500 -0.09978800 -0.00934400
v 0.00114500 -0.09978800 -0.00934400
v 0.00114500 -0.09978800 -0.00934400
v 0.00114500 -0.09978800 -0.00934400
v 0.00114500 -0.09978800 -0.00934400
v 0.00097900 -0.09774800 -0.01327000
v 0.00097900 -0.09774800 -0.01327000
v 0.00097900 -0.09774800 -0.01327000
v 0.00097900 -0.09774800 -0.01327000
v 0.00097900 -0.09774800 -0.01327000
v 0.00050100 -0.09952200 -0.00923100
v 0.00050100 -0.09952200 -0.00923100
v 0.00050100 -0.09952200 -0.00923100
v 0.00050100 -0.09952200 -0.00923100
v 0.00050100 -0.09952200 -0.00923100
v 0.00050100 -0.09952200 -0.00923100
v 0.00146600 -0.09737600 -0.01431500
v 0.00146600 -0.09737600 -0.01431500
v 0.00146600 -0.09737600 -0.01431500
v 0.00146600 -0.09737600 -0.01431500
v 0.00146600 -0.09737600 -0.01431500
v 0.00146600 -0.09737600 -0.01431500
v 0.00197900 -0.10156600 -0.00733200
v 0.00197900 -0.10156600 -0.00733200
v 0.00197900 -0.10156600 -0.00733200
v 0.00197900 -0.10156600 -0.00733200
v 0.00197900 -0.10156600 -0.00733200
v 0.00197900 -0.10156600 -0.00733200
v 0.00197900 -0.10156600 -0.00733200
v 0.00197900 -0.10156600 -0.00733200
v 0.00197900 -0.10156600 -0.00733200
v 0.00172300 -0.10095000 -0.00633700
v 0.00172300 -0.10095000 -0.00633700
v 0.00172300 -0.10095000 -0.00633700
v 0.00172300 -0.10095000 -0.00633700
v 0.00172300 -0.10095000 -0.00633700
v 0.00172300 -0.10095000 -0.00633700
v 0.00114800 -0.10031900 -0.00636000
v 0.00114800 -0.10031900 -0.00636000
v 0.00114800 -0.10031900 -0.00636000
v 0.00114800 -0.10031900 -0.00636000
v 0.00114800 -0.10031900 -0.00636000
v 0.00114800 -0.10031900 -0.00636000
v 0.00114800 -0.10031900 -0.00636000
v 0.00114800 -0.10031900 -0.00636000
v 0.00186700 -0.09977500 -0.01184300
v 0.00186700 -0.09977500 -0.01184300
v 0.00186700 -0.09977500 -0.01184300
v 0.00186700 -0.09977500 -0.01184300
v 0.00186700 -0.09977500 -0.01184300
v 0.00186700 -0.09977500 -0.01184300
v 0.00066300 -0.09655200 -0.01442600
v 0.00066300 -0.09655200 -0.01442600
v 0.00066300 -0.09655200 -0.01442600
v 0.00066300 -0.09655200 -0.01442600
v 0.00066300 -0.09655200 -0.01442600
v 0.00066300 -0.09655200 -0.01442600
v 0.00066300 -0.09655200 -0.01442600
v 0.00197900 -0.10145300 0.00730200
v 0.00197900 -0.10145300 0.00730200
v 0.00197900 -0.10145300 0.00730200
v 0.00197900 -0.10145300 0.00730200
v 0.00197900 -0.10145300 0.00730200
v 0.00197900 -0.10145300 0.00730200
v 0.00201600 -0.10153400 0.01072800
v 0.00201600 -0.10153400 0.01072800
v 0.00201600 -0.10153400 0.01072800
v 0.00201600 -0.10153400 0.01072800
v 0.00201600 -0.10153400 0.01072800
v 0.00201600 -0.10153400 0.01072800
v 0.00201600 -0.10153400 0.01072800
v 0.00202100 -0.10263400 0.00654800
v 0.00202100 -0.10263400 0.00654800
v 0.00202100 -0.10263400 0.00654800
v 0.00202100 -0.10263400 0.00654800
v 0.00202100 -0.10263400 0.00654800
v 0.00202100 -0.10263400 0.00654800
v 0.00202100 -0.10263400 0.00654800
v 0.00197700 -0.09735900 0.01489000
v 0.00197700 -0.09735900 0.01489000
v 0.00197700 -0.09735900 0.01489000
v 0.00197700 -0.09735900 0.01489000
v 0.00197700 -0.09735900 0.01489000
v 0.00197700 -0.09735900 0.01489000
v 0.00197700 -0.09735900 0.01489000
v 0.00197700 -0.09735900 0.01489000
v 0.00197700 -0.09735900 0.01489000
v 0.00201800 -0.09894100 0.01483000
v 0.00201800 -0.09894100 0.01483000
v 0.00201800 -0.09894100 0.01483000
v 0.00201800 -0.09894100 0.01483000
v 0.00201800 -0.09894100 0.01483000
v 0.00201800 -0.09894100 0.01483000
v 0.00201800 -0.09894100 0.01483000
v 0.00201800 -0.09894100 0.01483000
v 0.00205000 -0.10090100 -0.01287800
v 0.00205000 -0.10090100 -0.01287800
v 0.00205000 -0.10090100 -0.01287800
v 0.00205000 -0.10090100 -0.01287800
v 0.00151300 -0.09692000 0.01886800
v 0.00151300 -0.09692000 0.01886800
v 0.00189600 -0.09708700 0.01906800
v 0.00189600 -0.09708700 0.01906800
v 0.00189600 -0.09708700 0.01906800
v 0.00314200 -0.09672600 0.01721400
v 0.00314200 -0.09672600 0.01721400
v 0.00314200 -0.09672600 0.01721400
v 0.00314200 -0.09672600 0.01721400
v 0.00314200 -0.09672600 0.01721400
v 0.00263200 -0.09668400 0.01724500
v 0.00263200 -0.09668400 0.01724500
v 0.00263200 -0.09668400 0.01724500
v 0.01525500 -0.06638600 0.01107000
v 0.01525500 -0.06638600 0.01107000
v 0.01525500 -0.06638600 0.01107000
v 0.01525500 -0.06638600 0.01107000
v 0.01525500 -0.06638600 0.01107000
v 0.01525500 -0.06638600 0.01107000
v 0.01525500 -0.06638600 0.01107000
v 0.01531700 -0.02809700 0.00874200
v 0.01531700 -0.02809700 0.00874200
v 0.01531700 -0.02809700 0.00874200
v 0.01531700 -0.02809700 0.00874200
v 0.01527000 -0.02812200 0.01008700
v 0.01527000 -0.02812200 0.01008700
v 0.01527000 -0.02812200 0.01008700
v 0.01527000 -0.02812200 0.01008700
v 0.01541300 -0.03495300 0.00679600
v 0.01541300 -0.03495300 0.00679600
v 0.01541300 -0.03495300 0.00679600
v 0.01529800 0.00029100 0.00986400
v 0.01529800 0.00029100 0.00986400
v 0.01529800 0.00029100 0.00986400
v 0.01529800 0.00029100 0.00986400
v 0.01529800 0.00029100 0.00986400
v 0.01529800 0.00029100 0.00986400
v 0.01538300 0.02805900 0.00966400
v 0.01538300 0.02805900 0.00966400
v 0.01598600 0.02772000 0.00932000
v 0.01598600 0.02772000 0.00932000
v 0.01598600 0.02772000 0.00932000
v 0.01598600 0.02772000 0.00932000
v 0.01598600 0.02772000 0.00932000
v 0.01598600 0.02772000 0.00932000
v 0.01598600 0.02772000 0.00932000
v 0.01598600 0.02772000 0.00932000
v 0.01574400 -0.02785900 0.00112100
v 0.01574400 -0.02785900 0.00112100
v 0.01574400 -0.02785900 0.00112100
v 0.01574400 -0.02785900 0.00112100
v 0.01574400 -0.02785900 0.00112100
v 0.01574400 -0.02785900 0.00112100
v 0.01574400 -0.02785900 0.00112100
v 0.01574400 -0.03494800 0.00112100
v 0.01574400 -0.03494800 0.00112100
v 0.01574400 -0.03494800 0.00112100
v 0.01574400 -0.03494800 0.00112100
v 0.01574400 -0.03494800 0.00112100
v 0.01525500 0.06630700 0.01106100
v 0.01525500 0.06630700 0.01106100
v 0.01525500 0.06630700 0.01106100
v 0.01525500 0.06630700 0.01106100
v 0.01525500 0.06630700 0.01106100
v 0.01525500 0.06630700 0.01106100
v 0.01525500 -0.07197300 0.02268900
v 0.01525500 -0.07197300 0.02268900
v 0.01525500 -0.07197300 0.02268900
v 0.01525500 -0.07197300 0.02268900
v 0.01525500 -0.07185600 0.02158600
v 0.01525500 -0.07185600 0.02158600
v 0.01525400 0.06754800 0.01146300
v 0.01525400 0.06754800 0.01146300
v 0.01525400 0.06754800 0.01146300
v 0.01525400 0.06754800 0.01146300
v 0.01525500 0.06862300 0.01224500
v 0.01525500 0.06862300 0.01224500
v 0.01525500 0.06862300 0.01224500
v 0.01525500 -0.06930700 0.01320600
v 0.01525500 -0.06930700 0.01320600
v 0.01525500 -0.06930700 0.01320600
v 0.01525500 -0.06930700 0.01320600
v 0.01525800 0.03082100 0.01073800
v 0.01525800 0.03082100 0.01073800
v 0.01525800 0.03082100 0.01073800
v 0.01525800 0.03082100 0.01073800
v 0.01525500 -0.06847200 0.01210900
v 0.01525500 -0.06847200 0.01210900
v 0.01525500 -0.06847200 0.01210900
v 0.01525500 -0.06758700 0.01148800
v 0.01525500 -0.06758700 0.01148800
v 0.01525500 -0.06758700 0.01148800
v 0.01478100 -0.02838200 -0.00483400
v 0.01478100 -0.02838200 -0.00483400
v 0.01478100 -0.02838200 -0.00483400
v 0.01478100 -0.02838200 -0.00483400
v 0.01478100 -0.02838200 -0.00483400
v 0.01478100 -0.02838200 -0.00483400
v 0.01479400 -0.03496400 -0.00478300
v 0.01479400 -0.03496400 -0.00478300
v 0.01479400 -0.03496400 -0.00478300
v 0.01479400 -0.03496400 -0.00478300
v 0.01479400 -0.03496400 -0.00478300
v 0.01540700 0.02804800 0.00236800
v 0.01540700 0.02804800 0.00236800
v 0.01540700 0.02804800 0.00236800
v 0.01540700 0.02804800 0.00236800
v 0.01540700 0.02804800 0.00236800
v 0.01434800 -0.03497200 -0.00543900
v 0.01434800 -0.03497200 -0.00543900
v 0.01434800 -0.03497200 -0.00543900
v 0.01434800 -0.03497200 -0.00543900
v 0.01434800 -0.03497200 -0.00543900
v 0.01440800 -0.02857300 -0.00536100
v 0.01440800 -0.02857300 -0.00536100
v 0.01440800 -0.02857300 -0.00536100
v 0.01440800 -0.02857300 -0.00536100
v 0.01381100 -0.02886900 -0.00572900
v 0.01381100 -0.02886900 -0.00572900
v 0.01381100 -0.02886900 -0.00572900
v 0.01381100 -0.02886900 -0.00572900
v 0.01381100 -0.02886900 -0.00572900
v 0.01381100 -0.02886900 -0.00572900
v 0.01364900 -0.03498400 -0.00575400
v 0.01364900 -0.03498400 -0.00575400
v 0.01364900 -0.03498400 -0.00575400
v 0.01364900 -0.03498400 -0.00575400
v 0.01364900 -0.03498400 -0.00575400
v 0.01395600 0.09093100 0.06572000
v 0.01395600 0.09093100 0.06572000
v 0.01395600 0.09093100 0.06572000
v 0.01395600 0.09093100 0.06572000
v 0.01395600 0.09093100 0.06572000
v 0.01395600 0.09093100 0.06572000
v 0.01395600 0.09093100 0.06572000
v 0.01413800 -0.08728600 0.06573700
v 0.01413800 -0.08728600 0.06573700
v 0.01413800 -0.08728600 0.06573700
v 0.01413800 -0.08728600 0.06573700
v 0.01413800 -0.08728600 0.06573700
v 0.01413800 -0.08728600 0.06573700
v 0.01413800 -0.08728600 0.06573700
v 0.01413800 -0.08728600 0.06573700
v 0.01413800 -0.08728600 0.06573700
v 0.01413800 -0.08728600 0.06573700
v 0.01413800 -0.08728600 0.06573700
v 0.01413800 -0.08728600 0.06573700
v 0.01413800 -0.08728600 0.06573700
v 0.01145200 -0.06581300 0.06580000
v 0.01145200 -0.06581300 0.06580000
v 0.01145200 -0.06581300 0.06580000
v 0.01145200 -0.06581300 0.06580000
v 0.01145200 -0.06581300 0.06580000
v 0.01405600 0.08162000 0.06573900
v 0.01405600 0.08162000 0.06573900
v 0.01405600 0.08162000 0.06573900
v 0.01405600 0.08162000 0.06573900
v 0.01405600 0.08162000 0.06573900
v 0.01405600 0.08162000 0.06573900
v 0.01405600 0.08162000 0.06573900
v 0.01405600 0.08162000 0.06573900
v 0.01405600 0.08162000 0.06573900
v 0.01405600 0.08162000 0.06573900
v 0.01405600 0.08162000 0.06573900
v 0.01405600 0.08162000 0.06573900
v 0.01405600 0.08162000 0.06573900
v 0.01132400 0.09213000 0.06576700
v 0.01132400 0.09213000 0.06576700
v 0.01132400 0.09213000 0.06576700
v 0.01132400 0.09213000 0.06576700
v 0.01132400 0.09213000 0.06576700
v 0.01083100 -0.06659400 0.06581100
v 0.01083100 -0.06659400 0.06581100
v 0.01083100 -0.06659400 0.06581100
v 0.01083100 -0.06659400 0.06581100
v 0.01023000 -0.06681400 0.06582100
v 0.01023000 -0.06681400 0.06582100
v 0.01023000 -0.06681400 0.06582100
v 0.01023000 -0.06681400 0.06582100
v 0.01223300 -0.09178500 0.06576400
v 0.01223300 -0.09178500 0.06576400
v 0.01223300 -0.09178500 0.06576400
v 0.01223300 -0.09178500 0.06576400
v 0.01223300 -0.09178500 0.06576400
v 0.01223300 -0.09178500 0.06576400
v 0.01055800 0.06674400 0.06581600
v 0.01055800 0.06674400 0.06581600
v 0.01055800 0.06674400 0.06581600
v 0.01055800 0.06674400 0.06581600
v 0.01128300 0.06613300 0.06580300
v 0.01128300 0.06613300 0.06580300
v 0.01128300 0.06613300 0.06580300
v 0.01128300 0.06613300 0.06580300
v 0.01402400 -0.09052300 0.06570400
v 0.01402400 -0.09052300 0.06570400
v 0.01402400 -0.09052300 0.06570400
v 0.01402400 -0.09052300 0.06570400
v 0.01402400 -0.09052300 0.06570400
v 0.01149000 0.06554100 0.06579900
v 0.01149000 0.06554100 0.06579900
v 0.01149000 0.06554100 0.06579900
v 0.01149000 0.06554100 0.06579900
v -0.00130000 0.03202300 -0.00693600
v -0.00130000 0.03202300 -0.00693600
v 0.00218300 -0.03343600 -0.00846200
v 0.00218300 -0.03343600 -0.00846200
v 0.00218300 -0.03343600 -0.00846200
v 0.00218300 -0.03343600 -0.00846200
v 0.00218300 -0.03343600 -0.00846200
v 0.00218300 -0.03343600 -0.00846200
v 0.00580900 -0.03301300 -0.00839900
v 0.00580900 -0.03301300 -0.00839900
v 0.00580900 -0.03301300 -0.00839900
v 0.00580900 -0.03301300 -0.00839900
v 0.00580900 -0.03301300 -0.00839900
v 0.01049300 -0.03185300 -0.00831800
v 0.01049300 -0.03185300 -0.00831800
v 0.01049300 -0.03185300 -0.00831800
v 0.01049300 -0.03185300 -0.00831800
v 0.01049300 -0.03185300 -0.00831800
v 0.01049300 -0.03185300 -0.00831800
v 0.01400700 -0.07363700 -0.00820200
v 0.01400700 -0.07363700 -0.00820200
v 0.01400700 -0.07363700 -0.00820200
v 0.01400700 -0.07363700 -0.00820200
v 0.01400700 -0.07363700 -0.00820200
v 0.01400700 -0.07363700 -0.00820200
v 0.00400000 -0.07299900 -0.00841900
v 0.00400000 -0.07299900 -0.00841900
v 0.00400000 -0.07299900 -0.00841900
v 0.00400000 -0.07299900 -0.00841900
v 0.00400000 -0.07299900 -0.00841900
v 0.00400000 -0.07299900 -0.00841900
v 0.01952600 0.03413500 -0.00813100
v 0.01952600 0.03413500 -0.00813100
v 0.01952600 0.03413500 -0.00813100
v 0.01952600 0.03413500 -0.00813100
v 0.01952600 0.03413500 -0.00813100
v 0.01952600 0.03413500 -0.00813100
v 0.02478300 0.03692900 -0.00805900
v 0.02478300 0.03692900 -0.00805900
v 0.02478300 0.03692900 -0.00805900
v 0.02478300 0.03692900 -0.00805900
v 0.02478300 0.03692900 -0.00805900
v 0.02478300 0.03692900 -0.00805900
v 0.02478300 0.03692900 -0.00805900
v 0.02478300 0.03692900 -0.00805900
v 0.02478300 0.03692900 -0.00805900
v 0.02265400 0.07229500 -0.00808200
v 0.02265400 0.07229500 -0.00808200
v 0.02265400 0.07229500 -0.00808200
v 0.02265400 0.07229500 -0.00808200
v 0.00474900 0.03318400 -0.00841700
v 0.00474900 0.03318400 -0.00841700
v 0.00474900 0.03318400 -0.00841700
v 0.00474900 0.03318400 -0.00841700
v 0.00474900 0.03318400 -0.00841700
v 0.00474900 0.03318400 -0.00841700
v 0.00821600 0.03248200 -0.00835600
v 0.00821600 0.03248200 -0.00835600
v 0.00821600 0.03248200 -0.00835600
v 0.00821600 0.03248200 -0.00835600
v 0.00821600 0.03248200 -0.00835600
v 0.00821600 0.03248200 -0.00835600
v 0.00821600 0.03248200 -0.00835600
v 0.01192300 0.03136300 -0.00829900
v 0.01192300 0.03136300 -0.00829900
v 0.01192300 0.03136300 -0.00829900
v 0.01192300 0.03136300 -0.00829900
v 0.01192300 0.03136300 -0.00829900
v 0.01192300 0.03136300 -0.00829900
v 0.01711100 0.03255600 -0.00818400
v 0.01711100 0.03255600 -0.00818400
v 0.01711100 0.03255600 -0.00818400
v 0.01711100 0.03255600 -0.00818400
v 0.01711100 0.03255600 -0.00818400
v 0.01711100 0.03255600 -0.00818400
v 0.01410200 -0.09921000 0.03568000
v 0.01410200 -0.09921000 0.03568000
v 0.01410200 -0.09921000 0.03568000
v 0.01410200 -0.09921000 0.03568000
v 0.01410200 -0.09921000 0.03568000
v 0.01410200 -0.09921000 0.03568000
v 0.01402100 -0.10020600 0.04965900
v 0.01402100 -0.10020600 0.04965900
v 0.01402100 -0.10020600 0.04965900
v 0.01402100 -0.10020600 0.04965900
v 0.01402100 -0.10020600 0.04965900
v 0.01402100 -0.10020600 0.04965900
v 0.01409600 -0.09731600 0.02169000
v 0.01409600 -0.09731600 0.02169000
v 0.01409600 -0.09731600 0.02169000
v 0.01409600 -0.09731600 0.02169000
v 0.01409600 -0.09731600 0.02169000
v 0.01409600 -0.09731600 0.02169000
v 0.01409600 -0.09731600 0.02169000
v 0.01409600 -0.09731600 0.02169000
v 0.01405900 -0.09597400 0.01439900
v 0.01405900 -0.09597400 0.01439900
v 0.01405900 -0.09597400 0.01439900
v 0.01405900 -0.09597400 0.01439900
v 0.01405900 -0.09597400 0.01439900
v 0.01405900 -0.09597400 0.01439900
v 0.01405900 -0.09597400 0.01439900
v 0.01405900 -0.09597400 0.01439900
v 0.01405900 -0.09597400 0.01439900
v 0.00923200 -0.10038800 0.05701900
v 0.00923200 -0.10038800 0.05701900
v 0.00923200 -0.10038800 0.05701900
v 0.00923200 -0.10038800 0.05701900
v 0.00923200 -0.10038800 0.05701900
v 0.00923200 -0.10038800 0.05701900
v 0.00923200 -0.10038800 0.05701900
v 0.01348600 -0.10031400 0.05461900
v 0.01348600 -0.10031400 0.05461900
v 0.01348600 -0.10031400 0.05461900
v 0.01348600 -0.10031400 0.05461900
v 0.01348600 -0.10031400 0.05461900
v 0.01348600 -0.10031400 0.05461900
v 0.01386400 -0.09829300 0.02796600
v 0.01386400 -0.09829300 0.02796600
v 0.01386400 -0.09829300 0.02796600
v 0.01386400 -0.09829300 0.02796600
v 0.01386400 -0.09829300 0.02796600
v 0.01386400 -0.09829300 0.02796600
v 0.00368200 -0.09666200 0.01693800
v 0.00368200 -0.09666200 0.01693800
v 0.00368200 -0.09666200 0.01693800
v 0.00368200 -0.09666200 0.01693800
v 0.00368200 -0.09666200 0.01693800
v 0.00399200 -0.09654300 0.01634600
v 0.00399200 -0.09654300 0.01634600
v 0.00399200 -0.09654300 0.01634600
v 0.00399200 -0.09654300 0.01634600
v 0.00399200 -0.09654300 0.01634600
v 0.00399200 -0.09654300 0.01634600
v 0.01604400 -0.09726500 0.05766000
v 0.01604400 -0.09726500 0.05766000
v 0.01604400 -0.09726500 0.05766000
v 0.01604400 -0.09726500 0.05766000
v 0.01604400 -0.09726500 0.05766000
v 0.01604800 -0.09880900 0.05532100
v 0.01604800 -0.09880900 0.05532100
v 0.01604800 -0.09880900 0.05532100
v 0.01604800 -0.09880900 0.05532100
v 0.01604800 -0.09880900 0.05532100
v 0.01604800 -0.09880900 0.05532100
v 0.00969200 -0.09662900 0.06232200
v 0.00969200 -0.09662900 0.06232200
v 0.00969200 -0.09662900 0.06232200
v 0.00969200 -0.09662900 0.06232200
v 0.00969200 -0.09662900 0.06232200
v 0.01709500 -0.09493000 0.05831400
v 0.01709500 -0.09493000 0.05831400
v 0.01709500 -0.09493000 0.05831400
v 0.01709500 -0.09493000 0.05831400
v 0.01709500 -0.09493000 0.05831400
v 0.01550100 -0.09585200 0.06038800
v 0.01550100 -0.09585200 0.06038800
v 0.01550100 -0.09585200 0.06038800
v 0.01550100 -0.09585200 0.06038800
v 0.01550100 -0.09585200 0.06038800
v 0.01631000 -0.09385300 0.06169900
v 0.01631000 -0.09385300 0.06169900
v 0.01631000 -0.09385300 0.06169900
v 0.01631000 -0.09385300 0.06169900
v 0.01631000 -0.09385300 0.06169900
v 0.01631000 -0.09385300 0.06169900
v 0.01631000 -0.09385300 0.06169900
v 0.01731900 -0.09655900 0.05505600
v 0.01731900 -0.09655900 0.05505600
v 0.01731900 -0.09655900 0.05505600
v 0.01731900 -0.09655900 0.05505600
v 0.01731900 -0.09655900 0.05505600
v 0.01731900 -0.09655900 0.05505600
v 0.01127800 -0.09782400 0.06056400
v 0.01127800 -0.09782400 0.06056400
v 0.01127800 -0.09782400 0.06056400
v 0.01127800 -0.09782400 0.06056400
v 0.01127800 -0.09782400 0.06056400
v 0.01127800 -0.09782400 0.06056400
v 0.01694800 -0.09035400 0.06338800
v 0.01694800 -0.09035400 0.06338800
v 0.01694800 -0.09035400 0.06338800
v 0.01694800 -0.09035400 0.06338800
v 0.01694800 -0.09035400 0.06338800
v 0.01694800 -0.09035400 0.06338800
v 0.01672900 -0.09837300 0.05418400
v 0.01672900 -0.09837300 0.05418400
v 0.01672900 -0.09837300 0.05418400
v 0.01672900 -0.09837300 0.05418400
v 0.01672900 -0.09837300 0.05418400
v 0.01672900 -0.09837300 0.05418400
v 0.01712400 -0.09166100 0.06193700
v 0.01712400 -0.09166100 0.06193700
v 0.01712400 -0.09166100 0.06193700
v 0.01712400 -0.09166100 0.06193700
v 0.01712400 -0.09166100 0.06193700
v 0.01684800 -0.09652400 0.05687100
v 0.01684800 -0.09652400 0.05687100
v 0.01684800 -0.09652400 0.05687100
v 0.01684800 -0.09652400 0.05687100
v 0.01684800 -0.09652400 0.05687100
v 0.01684800 -0.09652400 0.05687100
v 0.01680600 -0.09295900 0.06160800
v 0.01680600 -0.09295900 0.06160800
v 0.01680600 -0.09295900 0.06160800
v 0.01680600 -0.09295900 0.06160800
v 0.01680600 -0.09295900 0.06160800
v 0.01680600 -0.09295900 0.06160800
v 0.00989600 -0.09986300 0.05823500
v 0.00989600 -0.09986300 0.05823500
v 0.00989600 -0.09986300 0.05823500
v 0.00989600 -0.09986300 0.05823500
v 0.00989600 -0.09986300 0.05823500
v 0.00989600 -0.09986300 0.05823500
v 0.00989600 -0.09986300 0.05823500
v 0.01766900 -0.09368100 0.05754300
v 0.01766900 -0.09368100 0.05754300
v 0.01766900 -0.09368100 0.05754300
v 0.01766900 -0.09368100 0.05754300
v 0.01766900 -0.09368100 0.05754300
v 0.01766900 -0.09368100 0.05754300
v 0.01766900 -0.09368100 0.05754300
v 0.01766900 -0.09368100 0.05754300
v 0.01738800 -0.09758000 0.05228800
v 0.01738800 -0.09758000 0.05228800
v 0.01738800 -0.09758000 0.05228800
v 0.01738800 -0.09758000 0.05228800
v 0.01738800 -0.09758000 0.05228800
v 0.01738800 -0.09758000 0.05228800
v 0.01738800 -0.09758000 0.05228800
v 0.01751000 -0.09083000 0.06109400
v 0.01751000 -0.09083000 0.06109400
v 0.01751000 -0.09083000 0.06109400
v 0.01751000 -0.09083000 0.06109400
v 0.01751000 -0.09083000 0.06109400
v 0.01751000 -0.09083000 0.06109400
v 0.01799000 -0.09532100 0.05020300
v 0.01799000 -0.09532100 0.05020300
v 0.01799000 -0.09532100 0.05020300
v 0.01799000 -0.09532100 0.05020300
v 0.01799000 -0.09532100 0.05020300
v 0.01799000 -0.09532100 0.05020300
v 0.01799000 -0.09532100 0.05020300
v 0.01799000 -0.09532100 0.05020300
v 0.01750100 -0.09752800 0.04964800
v 0.01750100 -0.09752800 0.04964800
v 0.01750100 -0.09752800 0.04964800
v 0.01750100 -0.09752800 0.04964800
v 0.01751700 -0.09707900 0.04404100
v 0.01751700 -0.09707900 0.04404100
v 0.01751700 -0.09707900 0.04404100
v 0.01751700 -0.09707900 0.04404100
v 0.01751700 -0.09707900 0.04404100
v 0.01751700 -0.09707900 0.04404100
v 0.01825100 -0.09299500 0.04874600
v 0.01825100 -0.09299500 0.04874600
v 0.01825100 -0.09299500 0.04874600
v 0.01825100 -0.09299500 0.04874600
v 0.01731100 -0.09594500 0.03055000
v 0.01731100 -0.09594500 0.03055000
v 0.01731100 -0.09594500 0.03055000
v 0.01731100 -0.09594500 0.03055000
v 0.01731100 -0.09594500 0.03055000
v 0.01731100 -0.09594500 0.03055000
v 0.01731100 -0.09594500 0.03055000
v 0.01247200 -0.09562400 0.06278600
v 0.01247200 -0.09562400 0.06278600
v 0.01247200 -0.09562400 0.06278600
v 0.01247200 -0.09562400 0.06278600
v 0.01247200 -0.09562400 0.06278600
v 0.01247200 -0.09562400 0.06278600
v 0.01788500 -0.09307300 0.03116100
v 0.01788500 -0.09307300 0.03116100
v 0.01788500 -0.09307300 0.03116100
v 0.01788500 -0.09307300 0.03116100
v 0.01788500 -0.09307300 0.03116100
v 0.01137800 -0.09406700 0.06480000
v 0.01137800 -0.09406700 0.06480000
v 0.01137800 -0.09406700 0.06480000
v 0.01137800 -0.09406700 0.06480000
v 0.01137800 -0.09406700 0.06480000
v 0.01137800 -0.09406700 0.06480000
v 0.01717100 -0.09325800 0.01391700
v 0.01717100 -0.09325800 0.01391700
v 0.01717100 -0.09325800 0.01391700
v 0.01717100 -0.09325800 0.01391700
v 0.01717100 -0.09325800 0.01391700
v 0.01717100 -0.09325800 0.01391700
v 0.01717100 -0.09325800 0.01391700
v 0.01717100 -0.09325800 0.01391700
v 0.01771100 -0.09048200 0.01480500
v 0.01771100 -0.09048200 0.01480500
v 0.01771100 -0.09048200 0.01480500
v 0.01771100 -0.09048200 0.01480500
v 0.01771100 -0.09048200 0.01480500
v 0.01771100 -0.09048200 0.01480500
v 0.01298500 -0.09945800 0.05770700
v 0.01298500 -0.09945800 0.05770700
v 0.01298500 -0.09945800 0.05770700
v 0.01298500 -0.09945800 0.05770700
v 0.01298500 -0.09945800 0.05770700
v 0.01298500 -0.09945800 0.05770700
v 0.01709600 -0.09175800 0.00828100
v 0.01709600 -0.09175800 0.00828100
v 0.01709600 -0.09175800 0.00828100
v 0.01709600 -0.09175800 0.00828100
v 0.01709600 -0.09175800 0.00828100
v 0.01780400 -0.08805700 0.00973500
v 0.01780400 -0.08805700 0.00973500
v 0.01780400 -0.08805700 0.00973500
v 0.01780400 -0.08805700 0.00973500
v 0.01780400 -0.08805700 0.00973500
v 0.01702100 -0.09012900 0.00400800
v 0.01702100 -0.09012900 0.00400800
v 0.01702100 -0.09012900 0.00400800
v 0.01702100 -0.09012900 0.00400800
v 0.01702100 -0.09012900 0.00400800
v 0.01339000 -0.09355500 0.06480000
v 0.01339000 -0.09355500 0.06480000
v 0.01339000 -0.09355500 0.06480000
v 0.01339000 -0.09355500 0.06480000
v 0.01339000 -0.09355500 0.06480000
v 0.01339000 -0.09355500 0.06480000
v 0.01824800 -0.08454900 0.00954800
v 0.01824800 -0.08454900 0.00954800
v 0.01824800 -0.08454900 0.00954800
v 0.01824800 -0.08454900 0.00954800
v 0.01824800 -0.08454900 0.00954800
v 0.01824800 -0.08454900 0.00954800
v 0.01824800 -0.08454900 0.00954800
v 0.01824800 -0.08454900 0.00954800
v 0.01778500 -0.08893300 0.06070000
v 0.01778500 -0.08893300 0.06070000
v 0.01778500 -0.08893300 0.06070000
v 0.01778500 -0.08893300 0.06070000
v 0.01778500 -0.08893300 0.06070000
v 0.01778500 -0.08893300 0.06070000
v 0.01792900 -0.09212000 0.05757800
v 0.01792900 -0.09212000 0.05757800
v 0.01792900 -0.09212000 0.05757800
v 0.01792900 -0.09212000 0.05757800
v 0.01792900 -0.09212000 0.05757800
v 0.01695700 -0.08845500 0.00096600
v 0.01695700 -0.08845500 0.00096600
v 0.01695700 -0.08845500 0.00096600
v 0.01695700 -0.08845500 0.00096600
v 0.01695700 -0.08845500 0.00096600
v 0.01695700 -0.08845500 0.00096600
v 0.01695700 -0.08845500 0.00096600
v 0.01390500 -0.09571900 0.06199600
v 0.01390500 -0.09571900 0.06199600
v 0.01390500 -0.09571900 0.06199600
v 0.01390500 -0.09571900 0.06199600
v 0.01390500 -0.09571900 0.06199600
v 0.01732000 -0.08840900 0.06296900
v 0.01732000 -0.08840900 0.06296900
v 0.01732000 -0.08840900 0.06296900
v 0.01732000 -0.08840900 0.06296900
v 0.01732000 -0.08840900 0.06296900
v 0.01825000 -0.07915500 0.00396000
v 0.01825000 -0.07915500 0.00396000
v 0.01825000 -0.07915500 0.00396000
v 0.01825000 -0.07915500 0.00396000
v 0.01825000 -0.07915500 0.00396000
v 0.01825000 -0.07915500 0.00396000
v 0.01791200 -0.09458600 0.05424800
v 0.01791200 -0.09458600 0.05424800
v 0.01791200 -0.09458600 0.05424800
v 0.01791200 -0.09458600 0.05424800
v 0.01791200 -0.09458600 0.05424800
v 0.01394700 -0.09495300 0.06292400
v 0.01394700 -0.09495300 0.06292400
v 0.01394700 -0.09495300 0.06292400
v 0.01394700 -0.09495300 0.06292400
v 0.01394700 -0.09495300 0.06292400
v 0.01394700 -0.09495300 0.06292400
v 0.01825000 -0.08402400 0.05801300
v 0.01825000 -0.08402400 0.05801300
v 0.01825000 -0.08402400 0.05801300
v 0.01825000 -0.08402400 0.05801300
v 0.01825000 -0.08402400 0.05801300
v 0.01825000 -0.08402400 0.05801300
v 0.01825000 -0.08402400 0.05801300
v 0.01825000 -0.08402400 0.05801300
v 0.01733600 -0.08141000 0.06283100
v 0.01733600 -0.08141000 0.06283100
v 0.01733600 -0.08141000 0.06283100
v 0.01733600 -0.08141000 0.06283100
v 0.01733600 -0.08141000 0.06283100
v 0.01733600 -0.08141000 0.06283100
v 0.01756600 -0.08019300 -0.00045100
v 0.01756600 -0.08019300 -0.00045100
v 0.01756600 -0.08019300 -0.00045100
v 0.01756600 -0.08019300 -0.00045100
v 0.01756600 -0.08019300 -0.00045100
v 0.01697700 -0.08238200 -0.00393400
v 0.01697700 -0.08238200 -0.00393400
v 0.01697700 -0.08238200 -0.00393400
v 0.01697700 -0.08238200 -0.00393400
v 0.01697700 -0.08238200 -0.00393400
v 0.01708000 -0.07817600 -0.00498800
v 0.01708000 -0.07817600 -0.00498800
v 0.01708000 -0.07817600 -0.00498800
v 0.01708000 -0.07817600 -0.00498800
v 0.01708000 -0.07817600 -0.00498800
v 0.01708000 -0.07817600 -0.00498800
v 0.01708000 -0.07817600 -0.00498800
v 0.01825000 -0.07359300 0.00118200
v 0.01825000 -0.07359300 0.00118200
v 0.01825000 -0.07359300 0.00118200
v 0.01825000 -0.07359300 0.00118200
v 0.01825000 -0.07359300 0.00118200
v 0.01825000 -0.07359300 0.00118200
v 0.01386200 -0.09941200 0.05715300
v 0.01386200 -0.09941200 0.05715300
v 0.01386200 -0.09941200 0.05715300
v 0.01386200 -0.09941200 0.05715300
v 0.01386200 -0.09941200 0.05715300
v 0.01692200 -0.08644700 -0.00148400
v 0.01692200 -0.08644700 -0.00148400
v 0.01692200 -0.08644700 -0.00148400
v 0.01692200 -0.08644700 -0.00148400
v 0.01692200 -0.08644700 -0.00148400
v 0.01692200 -0.08644700 -0.00148400
v 0.01480700 -0.09313300 0.06443500
v 0.01480700 -0.09313300 0.06443500
v 0.01480700 -0.09313300 0.06443500
v 0.01480700 -0.09313300 0.06443500
v 0.01480700 -0.09313300 0.06443500
v 0.01480700 -0.09313300 0.06443500
v 0.01466800 -0.09550600 0.06171300
v 0.01466800 -0.09550600 0.06171300
v 0.01466800 -0.09550600 0.06171300
v 0.01466800 -0.09550600 0.06171300
v 0.01466800 -0.09550600 0.06171300
v 0.01466800 -0.09550600 0.06171300
v 0.01466800 -0.09550600 0.06171300
v 0.01715100 -0.07364400 -0.00552300
v 0.01715100 -0.07364400 -0.00552300
v 0.01715100 -0.07364400 -0.00552300
v 0.01715100 -0.07364400 -0.00552300
v 0.01715100 -0.07364400 -0.00552300
v 0.01715100 -0.07364400 -0.00552300
v 0.01533200 -0.09399100 0.06294900
v 0.01533200 -0.09399100 0.06294900
v 0.01533200 -0.09399100 0.06294900
v 0.01533200 -0.09399100 0.06294900
v 0.01533200 -0.09399100 0.06294900
v 0.01533200 -0.09399100 0.06294900
v 0.01824100 -0.09188700 0.05447700
v 0.01824100 -0.09188700 0.05447700
v 0.01824100 -0.09188700 0.05447700
v 0.01824100 -0.09188700 0.05447700
v 0.01824100 -0.09188700 0.05447700
v 0.01824100 -0.09188700 0.05447700
v 0.01824100 -0.09188700 0.05447700
v 0.01824100 -0.09188700 0.05447700
v 0.01495400 -0.09932100 0.05627500
v 0.01495400 -0.09932100 0.05627500
v 0.01495400 -0.09932100 0.05627500
v 0.01495400 -0.09932100 0.05627500
v 0.01495400 -0.09932100 0.05627500
v 0.01495400 -0.09932100 0.05627500
v 0.01495400 -0.09932100 0.05627500
v 0.01495400 -0.09932100 0.05627500
v 0.00502900 -0.09980800 0.05901800
v 0.00502900 -0.09980800 0.05901800
v 0.00502900 -0.09980800 0.05901800
v 0.00502900 -0.09980800 0.05901800
v 0.00502900 -0.09980800 0.05901800
v 0.00370400 -0.09690900 0.06261600
v 0.00370400 -0.09690900 0.06261600
v 0.00370400 -0.09690900 0.06261600
v 0.00370400 -0.09690900 0.06261600
v 0.00370400 -0.09690900 0.06261600
v 0.00370400 -0.09690900 0.06261600
v 0.00370400 -0.09690900 0.06261600
v 0.01824800 -0.08963600 0.05662400
v 0.01824800 -0.08963600 0.05662400
v 0.01824800 -0.08963600 0.05662400
v 0.01824800 -0.08963600 0.05662400
v 0.01824800 -0.08963600 0.05662400
v 0.00741600 -0.09860100 0.06036200
v 0.00741600 -0.09860100 0.06036200
v 0.00741600 -0.09860100 0.06036200
v 0.00741600 -0.09860100 0.06036200
v 0.00741600 -0.09860100 0.06036200
v 0.00741600 -0.09860100 0.06036200
v 0.01588700 -0.09228200 0.06406400
v 0.01588700 -0.09228200 0.06406400
v 0.01588700 -0.09228200 0.06406400
v 0.01588700 -0.09228200 0.06406400
v 0.01588700 -0.09228200 0.06406400
v 0.01588700 -0.09228200 0.06406400
v 0.01588700 -0.09228200 0.06406400
v 0.00870500 -0.09386300 0.06517300
v 0.00870500 -0.09386300 0.06517300
v 0.00870500 -0.09386300 0.06517300
v 0.00870500 -0.09386300 0.06517300
v 0.00870500 -0.09386300 0.06517300
v 0.00870500 -0.09386300 0.06517300
v 0.01645500 -0.09149200 0.06374700
v 0.01645500 -0.09149200 0.06374700
v 0.01645500 -0.09149200 0.06374700
v 0.01645500 -0.09149200 0.06374700
v 0.01645500 -0.09149200 0.06374700
v 0.01645500 -0.09149200 0.06374700
v 0.01785700 0.07609200 0.02556700
v 0.01785700 0.07609200 0.02556700
v 0.01785700 0.07609200 0.02556700
v 0.01785700 0.07609200 0.02556700
v 0.01785700 0.07609200 0.02556700
v 0.01785700 0.07609200 0.02556700
v 0.01785700 0.07609200 0.02556700
v 0.01785700 0.07609200 0.02556700
v 0.01785700 0.07609200 0.02556700
v 0.02032900 0.08272100 0.02274200
v 0.02032900 0.08272100 0.02274200
v 0.02032900 0.08272100 0.02274200
v 0.02032900 0.08272100 0.02274200
v 0.02032900 0.08272100 0.02274200
v 0.02032900 0.08272100 0.02274200
v 0.01917500 0.08650000 0.03726200
v 0.01917500 0.08650000 0.03726200
v 0.01917500 0.08650000 0.03726200
v 0.01917500 0.08650000 0.03726200
v 0.01917500 0.08650000 0.03726200
v 0.01917500 0.08650000 0.03726200
v 0.01917500 0.08650000 0.03726200
v 0.01917500 0.08650000 0.03726200
v 0.01812300 0.07934600 0.02859700
v 0.01812300 0.07934600 0.02859700
v 0.01812300 0.07934600 0.02859700
v 0.01812300 0.07934600 0.02859700
v 0.01812300 0.07934600 0.02859700
v 0.01812300 0.07934600 0.02859700
v 0.01812300 0.07934600 0.02859700
v 0.02211000 0.09042700 0.03104600
v 0.02211000 0.09042700 0.03104600
v 0.02211000 0.09042700 0.03104600
v 0.02211000 0.09042700 0.03104600
v 0.02211000 0.09042700 0.03104600
v 0.02211000 0.09042700 0.03104600
v 0.01871500 0.08513300 0.03771300
v 0.01871500 0.08513300 0.03771300
v 0.01871500 0.08513300 0.03771300
v 0.01871500 0.08513300 0.03771300
v 0.01826000 0.08106100 0.04406700
v 0.01826000 0.08106100 0.04406700
v 0.01826000 0.08106100 0.04406700
v 0.01826000 0.08106100 0.04406700
v 0.01826000 0.08106100 0.04406700
v 0.01826000 0.08106100 0.04406700
v 0.02072100 0.09240200 0.04329000
v 0.02072100 0.09240200 0.04329000
v 0.02072100 0.09240200 0.04329000
v 0.02072100 0.09240200 0.04329000
v 0.01887400 0.08946100 0.05670900
v 0.01887400 0.08946100 0.05670900
v 0.01887400 0.08946100 0.05670900
v 0.01887400 0.08946100 0.05670900
v 0.01887400 0.08946100 0.05670900
v 0.01887400 0.08946100 0.05670900
v 0.01887400 0.08946100 0.05670900
v 0.01887400 0.08946100 0.05670900
v 0.01932800 0.09227000 0.05330700
v 0.01932800 0.09227000 0.05330700
v 0.01932800 0.09227000 0.05330700
v 0.01932800 0.09227000 0.05330700
v 0.01932800 0.09227000 0.05330700
v 0.01932800 0.09227000 0.05330700
v 0.01932800 0.09227000 0.05330700
v 0.01991200 0.09287800 0.04919700
v 0.01991200 0.09287800 0.04919700
v 0.01991200 0.09287800 0.04919700
v 0.01991200 0.09287800 0.04919700
v 0.01991200 0.09287800 0.04919700
v 0.01836500 0.08324300 0.05208500
v 0.01836500 0.08324300 0.05208500
v 0.01836500 0.08324300 0.05208500
v 0.01827200 0.08228200 0.05795000
v 0.01827200 0.08228200 0.05795000
v 0.01827200 0.08228200 0.05795000
v 0.01827200 0.08228200 0.05795000
v 0.01827200 0.08228200 0.05795000
v 0.01827200 0.08228200 0.05795000
v 0.01827200 0.08228200 0.05795000
v 0.01827200 0.08228200 0.05795000
v 0.01778400 0.07098600 0.03128900
v 0.01778400 0.07098600 0.03128900
v 0.01778400 0.07098600 0.03128900
v 0.01778400 0.07098600 0.03128900
v 0.01778400 0.07098600 0.03128900
v 0.01778400 0.07098600 0.03128900
v 0.01778400 0.07098600 0.03128900
v 0.01778400 0.07098600 0.03128900
v 0.01778400 0.07098600 0.03128900
v 0.01773000 -0.06843500 0.02680900
v 0.01773000 -0.06843500 0.02680900
v 0.01773000 -0.06843500 0.02680900
v 0.01773000 -0.06843500 0.02680900
v 0.01773000 -0.06843500 0.02680900
v 0.01773000 -0.06843500 0.02680900
v 0.01773000 -0.06843500 0.02680900
v 0.01774900 -0.07007700 0.02642400
v 0.01774900 -0.07007700 0.02642400
v 0.01774900 -0.07007700 0.02642400
v 0.01774900 -0.07007700 0.02642400
v 0.01773100 -0.07100700 0.02564400
v 0.01773100 -0.07100700 0.02564400
v 0.01773100 -0.07100700 0.02564400
v 0.01773100 -0.07100700 0.02564400
v 0.01773100 -0.07100700 0.02564400
v 0.01773100 -0.07100700 0.02564400
v 0.01781600 -0.07629500 0.03292800
v 0.01781600 -0.07629500 0.03292800
v 0.01781600 -0.07629500 0.03292800
v 0.01781600 -0.07629500 0.03292800
v 0.01781600 -0.07629500 0.03292800
v 0.01781600 -0.07629500 0.03292800
v 0.01781600 -0.07629500 0.03292800
v 0.01781600 -0.07629500 0.03292800
v 0.01781600 -0.07629500 0.03292800
v 0.01774000 0.06959000 0.01304500
v 0.01774000 0.06959000 0.01304500
v 0.01774000 0.06959000 0.01304500
v 0.01774000 0.06959000 0.01304500
v 0.01774000 0.06959000 0.01304500
v 0.01774000 0.06959000 0.01304500
v 0.01792400 0.07042800 0.01237500
v 0.01792400 0.07042800 0.01237500
v 0.01792400 0.07042800 0.01237500
v 0.01792400 0.07042800 0.01237500
v 0.01792400 0.07042800 0.01237500
v 0.01792400 0.07042800 0.01237500
v 0.01792400 0.07042800 0.01237500
v 0.01792400 0.07042800 0.01237500
v 0.01771800 0.07222000 0.02149600
v 0.01771800 0.07222000 0.02149600
v 0.01771800 0.07222000 0.02149600
v 0.01771800 0.07222000 0.02149600
v 0.01771800 0.07222000 0.02149600
v 0.01771800 0.07222000 0.02149600
v 0.01771800 0.07222000 0.02149600
v 0.01774100 0.07233500 0.02313400
v 0.01774100 0.07233500 0.02313400
v 0.01774100 0.07233500 0.02313400
v 0.01774100 0.07233500 0.02313400
v 0.01771500 0.06857800 0.02677700
v 0.01771500 0.06857800 0.02677700
v 0.01771500 0.06857800 0.02677700
v 0.01771500 0.06857800 0.02677700
v 0.01771500 0.06857800 0.02677700
v 0.01771500 0.06857800 0.02677700
v 0.01857200 0.07278400 0.01231300
v 0.01857200 0.07278400 0.01231300
v 0.01857200 0.07278400 0.01231300
v 0.01857200 0.07278400 0.01231300
v 0.01857200 0.07278400 0.01231300
v 0.01857200 0.07278400 0.01231300
v 0.01771300 0.06990300 0.02634800
v 0.01771300 0.06990300 0.02634800
v 0.01771300 0.06990300 0.02634800
v 0.01771300 0.06990300 0.02634800
v 0.01771300 0.06990300 0.02634800
v 0.01771300 0.06990300 0.02634800
v 0.01923600 0.08104600 0.02463900
v 0.01923600 0.08104600 0.02463900
v 0.01923600 0.08104600 0.02463900
v 0.01923600 0.08104600 0.02463900
v 0.01923600 0.08104600 0.02463900
v 0.01854500 0.08113000 0.02866500
v 0.01854500 0.08113000 0.02866500
v 0.01854500 0.08113000 0.02866500
v 0.01854500 0.08113000 0.02866500
v 0.01854500 0.08113000 0.02866500
v 0.01854500 0.08113000 0.02866500
v 0.02123600 0.07894600 0.01174800
v 0.02123600 0.07894600 0.01174800
v 0.02123600 0.07894600 0.01174800
v 0.02123600 0.07894600 0.01174800
v 0.02123600 0.07894600 0.01174800
v 0.02123600 0.07894600 0.01174800
v 0.02123600 0.07894600 0.01174800
v 0.01771000 0.07186900 0.02436200
v 0.01771000 0.07186900 0.02436200
v 0.01771000 0.07186900 0.02436200
v 0.01771000 0.07186900 0.02436200
v 0.01771000 0.07186900 0.02436200
v 0.01771000 0.07186900 0.02436200
v 0.01771000 0.07186900 0.02436200
v 0.01774800 0.07134900 0.02541400
v 0.01774800 0.07134900 0.02541400
v 0.01774800 0.07134900 0.02541400
v 0.01774800 0.07134900 0.02541400
v 0.01774800 0.07134900 0.02541400
v 0.02421200 0.08571200 0.01263700
v 0.02421200 0.08571200 0.01263700
v 0.02421200 0.08571200 0.01263700
v 0.02421200 0.08571200 0.01263700
v 0.02334400 0.08791200 0.02022500
v 0.02334400 0.08791200 0.02022500
v 0.02334400 0.08791200 0.02022500
v 0.02334400 0.08791200 0.02022500
v 0.02334400 0.08791200 0.02022500
v 0.02334400 0.08791200 0.02022500
v 0.01774000 -0.07193200 0.02441400
v 0.01774000 -0.07193200 0.02441400
v 0.01774000 -0.07193200 0.02441400
v 0.01774000 -0.07193200 0.02441400
v 0.01774000 -0.07193200 0.02441400
v 0.02003500 0.07641600 0.01209800
v 0.02003500 0.07641600 0.01209800
v 0.02003500 0.07641600 0.01209800
v 0.02003500 0.07641600 0.01209800
v 0.02003500 0.07641600 0.01209800
v 0.01824900 -0.02628600 0.00099500
v 0.01824900 -0.02628600 0.00099500
v 0.01824900 -0.02628600 0.00099500
v 0.01824900 -0.02628600 0.00099500
v 0.01725300 -0.02695400 -0.00526500
v 0.01725300 -0.02695400 -0.00526500
v 0.01725300 -0.02695400 -0.00526500
v 0.01725300 -0.02695400 -0.00526500
v 0.01725300 -0.02695400 -0.00526500
v 0.01725300 -0.02695400 -0.00526500
v 0.02212800 0.07617100 0.00726400
v 0.02212800 0.07617100 0.00726400
v 0.02212800 0.07617100 0.00726400
v 0.02212800 0.07617100 0.00726400
v 0.02212800 0.07617100 0.00726400
v 0.02212800 0.07617100 0.00726400
v 0.01789200 0.02693500 0.00954100
v 0.01789200 0.02693500 0.00954100
v 0.01789200 0.02693500 0.00954100
v 0.01789200 0.02693500 0.00954100
v 0.01789200 0.02693500 0.00954100
v 0.01789200 0.02693500 0.00954100
v 0.02564200 0.07851900 0.00355200
v 0.02564200 0.07851900 0.00355200
v 0.02564200 0.07851900 0.00355200
v 0.02564200 0.07851900 0.00355200
v 0.02564200 0.07851900 0.00355200
v 0.02564200 0.07851900 0.00355200
v 0.02564200 0.07851900 0.00355200
v 0.02564200 0.07851900 0.00355200
v 0.01841300 0.06721900 0.00915400
v 0.01841300 0.06721900 0.00915400
v 0.01841300 0.06721900 0.00915400
v 0.01841300 0.06721900 0.00915400
v 0.01841300 0.06721900 0.00915400
v 0.01841300 0.06721900 0.00915400
v 0.01841300 0.06721900 0.00915400
v 0.01794500 0.06854300 0.01061500
v 0.01794500 0.06854300 0.01061500
v 0.01794500 0.06854300 0.01061500
v 0.01794500 0.06854300 0.01061500
v 0.01794500 0.06854300 0.01061500
v 0.01794500 0.06854300 0.01061500
v 0.01794500 0.06854300 0.01061500
v 0.01775500 0.06726800 0.01095400
v 0.01775500 0.06726800 0.01095400
v 0.01775500 0.06726800 0.01095400
v 0.01775500 0.06726800 0.01095400
v 0.01775500 0.06726800 0.01095400
v 0.01775500 0.06726800 0.01095400
v 0.01775500 0.06726800 0.01095400
v 0.01775500 0.06726800 0.01095400
v 0.01772100 0.06867700 0.01191900
v 0.01772100 0.06867700 0.01191900
v 0.01772100 0.06867700 0.01191900
v 0.01772100 0.06867700 0.01191900
v 0.01772100 0.06867700 0.01191900
v 0.01772100 0.06867700 0.01191900
v 0.02596200 0.07607900 0.00215900
v 0.02596200 0.07607900 0.00215900
v 0.02596200 0.07607900 0.00215900
v 0.02596200 0.07607900 0.00215900
v 0.02596200 0.07607900 0.00215900
v 0.02149100 0.07753200 0.00949600
v 0.02149100 0.07753200 0.00949600
v 0.02149100 0.07753200 0.00949600
v 0.02149100 0.07753200 0.00949600
v 0.02149100 0.07753200 0.00949600
v 0.02149100 0.07753200 0.00949600
v 0.01966400 0.06746500 0.00746600
v 0.01966400 0.06746500 0.00746600
v 0.01966400 0.06746500 0.00746600
v 0.01966400 0.06746500 0.00746600
v 0.01966400 0.06746500 0.00746600
v 0.01966400 0.06746500 0.00746600
v 0.02575300 0.05631300 0.00237300
v 0.02575300 0.05631300 0.00237300
v 0.02575300 0.05631300 0.00237300
v 0.02575300 0.05631300 0.00237300
v 0.02272900 0.05958000 0.00472600
v 0.02272900 0.05958000 0.00472600
v 0.02272900 0.05958000 0.00472600
v 0.02272900 0.05958000 0.00472600
v 0.02272900 0.05958000 0.00472600
v 0.02272900 0.05958000 0.00472600
v 0.02272900 0.05958000 0.00472600
v 0.01838500 0.02730400 0.00102400
v 0.01838500 0.02730400 0.00102400
v 0.01838500 0.02730400 0.00102400
v 0.01838500 0.02730400 0.00102400
v 0.01838500 0.02730400 0.00102400
v 0.01838500 0.02730400 0.00102400
v 0.02490100 0.08293000 0.00768500
v 0.02490100 0.08293000 0.00768500
v 0.02490100 0.08293000 0.00768500
v 0.02490100 0.08293000 0.00768500
v 0.02490100 0.08293000 0.00768500
v 0.01983000 0.06876300 0.00735400
v 0.01983000 0.06876300 0.00735400
v 0.01983000 0.06876300 0.00735400
v 0.01983000 0.06876300 0.00735400
v 0.01983000 0.06876300 0.00735400
v 0.01983000 0.06876300 0.00735400
v 0.01889100 0.02856300 0.00216700
v 0.01889100 0.02856300 0.00216700
v 0.01889100 0.02856300 0.00216700
v 0.01889100 0.02856300 0.00216700
v 0.01889100 0.02856300 0.00216700
v 0.01889100 0.02856300 0.00216700
v 0.02450400 0.08474000 0.01037500
v 0.02450400 0.08474000 0.01037500
v 0.02450400 0.08474000 0.01037500
v 0.02450400 0.08474000 0.01037500
v 0.02450400 0.08474000 0.01037500
v 0.02450400 0.08474000 0.01037500
v 0.01985700 0.07064200 0.00785100
v 0.01985700 0.07064200 0.00785100
v 0.01985700 0.07064200 0.00785100
v 0.01985700 0.07064200 0.00785100
v 0.01985700 0.07064200 0.00785100
v 0.02527300 0.08088000 0.00547100
v 0.02527300 0.08088000 0.00547100
v 0.02527300 0.08088000 0.00547100
v 0.02527300 0.08088000 0.00547100
v 0.01943000 0.07219200 0.00935700
v 0.01943000 0.07219200 0.00935700
v 0.01943000 0.07219200 0.00935700
v 0.01943000 0.07219200 0.00935700
v 0.01943000 0.07219200 0.00935700
v 0.01943000 0.07219200 0.00935700
v 0.01943000 0.07219200 0.00935700
v 0.01870000 0.06902300 0.00909300
v 0.01870000 0.06902300 0.00909300
v 0.01870000 0.06902300 0.00909300
v 0.01870000 0.06902300 0.00909300
v 0.01870000 0.06902300 0.00909300
v 0.01870000 0.06902300 0.00909300
v 0.02001400 0.02999700 0.00385800
v 0.02001400 0.02999700 0.00385800
v 0.02001400 0.02999700 0.00385800
v 0.02001400 0.02999700 0.00385800
v 0.02001400 0.02999700 0.00385800
v 0.02184500 0.07192300 0.00561200
v 0.02184500 0.07192300 0.00561200
v 0.02184500 0.07192300 0.00561200
v 0.02184500 0.07192300 0.00561200
v 0.02184500 0.07192300 0.00561200
v 0.02184500 0.07192300 0.00561200
v 0.02184500 0.07192300 0.00561200
v 0.02076500 0.03073300 0.00400200
v 0.02076500 0.03073300 0.00400200
v 0.02076500 0.03073300 0.00400200
v 0.02076500 0.03073300 0.00400200
v 0.02076500 0.03073300 0.00400200
v 0.02076500 0.03073300 0.00400200
v 0.01844500 0.07102500 0.01078300
v 0.01844500 0.07102500 0.01078300
v 0.01844500 0.07102500 0.01078300
v 0.01844500 0.07102500 0.01078300
v 0.01844500 0.07102500 0.01078300
v 0.01844500 0.07102500 0.01078300
v 0.01971400 0.02990400 0.00128500
v 0.01971400 0.02990400 0.00128500
v 0.01971400 0.02990400 0.00128500
v 0.01971400 0.02990400 0.00128500
v 0.01971400 0.02990400 0.00128500
v 0.01971400 0.02990400 0.00128500
v 0.01971400 0.02990400 0.00128500
v 0.02142800 0.03157700 0.00447000
v 0.02142800 0.03157700 0.00447000
v 0.02142800 0.03157700 0.00447000
v 0.02142800 0.03157700 0.00447000
v 0.02142800 0.03157700 0.00447000
v 0.01780100 -0.07776300 0.02604900
v 0.01780100 -0.07776300 0.02604900
v 0.01780100 -0.07776300 0.02604900
v 0.01780100 -0.07776300 0.02604900
v 0.01780100 -0.07776300 0.02604900
v 0.01780100 -0.07776300 0.02604900
v 0.01780100 -0.07776300 0.02604900
v 0.01780100 -0.07776300 0.02604900
v 0.01780100 -0.07776300 0.02604900
v 0.01780100 -0.07776300 0.02604900
v 0.01780100 -0.07776300 0.02604900
v 0.01774100 -0.07238200 0.02200500
v 0.01774100 -0.07238200 0.02200500
v 0.01774100 -0.07238200 0.02200500
v 0.01774100 -0.07238200 0.02200500
v 0.02105200 0.07302400 0.00712200
v 0.02105200 0.07302400 0.00712200
v 0.02105200 0.07302400 0.00712200
v 0.02105200 0.07302400 0.00712200
v 0.02105200 0.07302400 0.00712200
v 0.02089800 0.03079900 0.00260700
v 0.02089800 0.03079900 0.00260700
v 0.02089800 0.03079900 0.00260700
v 0.02089800 0.03079900 0.00260700
v 0.02089800 0.03079900 0.00260700
v 0.02089800 0.03079900 0.00260700
v 0.02089800 0.03079900 0.00260700
v 0.02205700 0.06956500 0.00496600
v 0.02205700 0.06956500 0.00496600
v 0.02205700 0.06956500 0.00496600
v 0.02205700 0.06956500 0.00496600
v 0.02205700 0.06956500 0.00496600
v 0.02205700 0.06956500 0.00496600
v 0.02205700 0.06956500 0.00496600
v 0.02188100 0.03147000 0.00307900
v 0.02188100 0.03147000 0.00307900
v 0.02188100 0.03147000 0.00307900
v 0.02188100 0.03147000 0.00307900
v 0.02188100 0.03147000 0.00307900
v 0.02188100 0.03147000 0.00307900
v 0.01778500 -0.06935700 0.00953400
v 0.01778500 -0.06935700 0.00953400
v 0.01778500 -0.06935700 0.00953400
v 0.01778500 -0.06935700 0.00953400
v 0.01778500 -0.06935700 0.00953400
v 0.01778500 -0.06935700 0.00953400
v 0.01778500 -0.06935700 0.00953400
v 0.01778500 -0.06935700 0.00953400
v 0.01778500 -0.06935700 0.00953400
v 0.01778500 -0.06935700 0.00953400
v 0.02642500 0.07150000 0.00101500
v 0.02642500 0.07150000 0.00101500
v 0.02642500 0.07150000 0.00101500
v 0.02642500 0.07150000 0.00101500
v 0.02642500 0.07150000 0.00101500
v 0.02642500 0.07150000 0.00101500
v 0.01967400 0.07449500 0.01077000
v 0.01967400 0.07449500 0.01077000
v 0.01967400 0.07449500 0.01077000
v 0.01967400 0.07449500 0.01077000
v 0.01967400 0.07449500 0.01077000
v 0.01967400 0.07449500 0.01077000
v 0.02619900 0.07397400 0.00136600
v 0.02619900 0.07397400 0.00136600
v 0.02619900 0.07397400 0.00136600
v 0.02619900 0.07397400 0.00136600
v 0.02619900 0.07397400 0.00136600
v 0.02619900 0.07397400 0.00136600
v 0.01791500 0.06647200 0.01015000
v 0.01791500 0.06647200 0.01015000
v 0.01791500 0.06647200 0.01015000
v 0.01791500 0.06647200 0.01015000
v 0.01791500 0.06647200 0.01015000
v 0.01791500 0.06647200 0.01015000
v 0.01791500 0.06647200 0.01015000
v 0.01771500 -0.06585600 0.01073000
v 0.01771500 -0.06585600 0.01073000
v 0.01771500 -0.06585600 0.01073000
v 0.01771500 -0.06585600 0.01073000
v 0.01771500 -0.06585600 0.01073000
v 0.01771500 -0.06585600 0.01073000
v 0.01771500 -0.06585600 0.01073000
v 0.01785600 -0.02655500 0.00779700
v 0.01785600 -0.02655500 0.00779700
v 0.01785600 -0.02655500 0.00779700
v 0.01785600 -0.02655500 0.00779700
v 0.01785600 -0.02655500 0.00779700
v 0.01785600 -0.02655500 0.00779700
v 0.01785600 -0.02655500 0.00779700
v 0.01785600 -0.02655500 0.00779700
v 0.01785600 -0.02655500 0.00779700
v 0.01785600 -0.02655500 0.00779700
v 0.01771700 0.02181700 0.01073500
v 0.01771700 0.02181700 0.01073500
v 0.01771700 0.02181700 0.01073500
v 0.01771700 0.02181700 0.01073500
v 0.01771700 0.02181700 0.01073500
v 0.01771700 0.02181700 0.01073500
v 0.01771700 0.02181700 0.01073500
v 0.01786500 0.02380500 0.00780000
v 0.01786500 0.02380500 0.00780000
v 0.01786500 0.02380500 0.00780000
v 0.01786500 0.02380500 0.00780000
v 0.01786500 0.02380500 0.00780000
v 0.01786500 0.02380500 0.00780000
v 0.01806700 0.02641200 0.00779900
v 0.01806700 0.02641200 0.00779900
v 0.01806700 0.02641200 0.00779900
v 0.01806700 0.02641200 0.00779900
v 0.01806700 0.02641200 0.00779900
v 0.01806700 0.02641200 0.00779900
v 0.01806700 0.02641200 0.00779900
v 0.01806700 0.02641200 0.00779900
v 0.01846600 0.02820500 0.00752900
v 0.01846600 0.02820500 0.00752900
v 0.01846600 0.02820500 0.00752900
v 0.01846600 0.02820500 0.00752900
v 0.01846600 0.02820500 0.00752900
v 0.01846600 0.02820500 0.00752900
v 0.01802500 0.03160400 0.00985600
v 0.01802500 0.03160400 0.00985600
v 0.01802500 0.03160400 0.00985600
v 0.01802500 0.03160400 0.00985600
v 0.01802500 0.03160400 0.00985600
v 0.01802500 0.03160400 0.00985600
v 0.01860900 0.02984200 0.00828900
v 0.01860900 0.02984200 0.00828900
v 0.01860900 0.02984200 0.00828900
v 0.01860900 0.02984200 0.00828900
v 0.01860900 0.02984200 0.00828900
v 0.01860900 0.02984200 0.00828900
v 0.01860900 0.02984200 0.00828900
v 0.01772100 -0.07217800 0.02350500
v 0.01772100 -0.07217800 0.02350500
v 0.01772100 -0.07217800 0.02350500
v 0.01772100 -0.07217800 0.02350500
v 0.01772100 -0.07217800 0.02350500
v 0.01772100 -0.07217800 0.02350500
v 0.01872000 0.03256000 0.00871700
v 0.01872000 0.03256000 0.00871700
v 0.01872000 0.03256000 0.00871700
v 0.01872000 0.03256000 0.00871700
v 0.01872000 0.03256000 0.00871700
v 0.01872000 0.03256000 0.00871700
v 0.01772100 0.02918800 0.01078900
v 0.01772100 0.02918800 0.01078900
v 0.01772100 0.02918800 0.01078900
v 0.01772100 0.02918800 0.01078900
v 0.01772100 0.02918800 0.01078900
v 0.01772100 0.02918800 0.01078900
v 0.01772100 0.02918800 0.01078900
v 0.01772100 0.02918800 0.01078900
v 0.01850400 0.02772700 0.00641600
v 0.01850400 0.02772700 0.00641600
v 0.01850400 0.02772700 0.00641600
v 0.01850400 0.02772700 0.00641600
v 0.01850400 0.02772700 0.00641600
v 0.01850400 0.02772700 0.00641600
v 0.01850400 0.02772700 0.00641600
v 0.01850400 0.02772700 0.00641600
v 0.01922000 0.03021900 0.00713600
v 0.01922000 0.03021900 0.00713600
v 0.01922000 0.03021900 0.00713600
v 0.01922000 0.03021900 0.00713600
v 0.01922000 0.03021900 0.00713600
v 0.01922000 0.03021900 0.00713600
v 0.01812700 0.03587800 0.00975300
v 0.01812700 0.03587800 0.00975300
v 0.01812700 0.03587800 0.00975300
v 0.01812700 0.03587800 0.00975300
v 0.01812700 0.03587800 0.00975300
v 0.01812700 0.03587800 0.00975300
v 0.01935800 0.02996000 0.00660800
v 0.01935800 0.02996000 0.00660800
v 0.01935800 0.02996000 0.00660800
v 0.01935800 0.02996000 0.00660800
v 0.01935800 0.02996000 0.00660800
v 0.01926500 0.02931800 0.00572300
v 0.01926500 0.02931800 0.00572300
v 0.01926500 0.02931800 0.00572300
v 0.01926500 0.02931800 0.00572300
v 0.01926500 0.02931800 0.00572300
v 0.01839600 0.02704600 0.00457800
v 0.01839600 0.02704600 0.00457800
v 0.01839600 0.02704600 0.00457800
v 0.01839600 0.02704600 0.00457800
v 0.01839600 0.02704600 0.00457800
v 0.01878600 0.02812600 0.00452700
v 0.01878600 0.02812600 0.00452700
v 0.01878600 0.02812600 0.00452700
v 0.01878600 0.02812600 0.00452700
v 0.01878600 0.02812600 0.00452700
v 0.01878600 0.02812600 0.00452700
v 0.01953700 0.03148300 0.00727500
v 0.01953700 0.03148300 0.00727500
v 0.01953700 0.03148300 0.00727500
v 0.01953700 0.03148300 0.00727500
v 0.01953700 0.03148300 0.00727500
v 0.01771900 -0.07098700 0.01721100
v 0.01771900 -0.07098700 0.01721100
v 0.01771900 -0.07098700 0.01721100
v 0.01771900 -0.07098700 0.01721100
v 0.01771900 -0.07098700 0.01721100
v 0.01771900 -0.07098700 0.01721100
v 0.01865500 0.03663800 0.00895000
v 0.01865500 0.03663800 0.00895000
v 0.01865500 0.03663800 0.00895000
v 0.01865500 0.03663800 0.00895000
v 0.01865500 0.03663800 0.00895000
v 0.01938800 0.02920600 0.00408700
v 0.01938800 0.02920600 0.00408700
v 0.01938800 0.02920600 0.00408700
v 0.01938800 0.02920600 0.00408700
v 0.01938800 0.02920600 0.00408700
v 0.01938800 0.02920600 0.00408700
v 0.01966100 0.03265500 0.00747600
v 0.01966100 0.03265500 0.00747600
v 0.01966100 0.03265500 0.00747600
v 0.01966100 0.03265500 0.00747600
v 0.01966100 0.03265500 0.00747600
v 0.01966100 0.03265500 0.00747600
v 0.01966100 0.03265500 0.00747600
v 0.02056100 0.03167900 0.00591700
v 0.02056100 0.03167900 0.00591700
v 0.02056100 0.03167900 0.00591700
v 0.02056100 0.03167900 0.00591700
v 0.02056100 0.03167900 0.00591700
v 0.02056100 0.03167900 0.00591700
v 0.02056100 0.03167900 0.00591700
v 0.02056100 0.03167900 0.00591700
v 0.02032000 0.03066600 0.00522100
v 0.02032000 0.03066600 0.00522100
v 0.02032000 0.03066600 0.00522100
v 0.02032000 0.03066600 0.00522100
v 0.02032000 0.03066600 0.00522100
v 0.02032000 0.03066600 0.00522100
v 0.02032000 0.03066600 0.00522100
v 0.01943600 0.03469500 0.00802600
v 0.01943600 0.03469500 0.00802600
v 0.01943600 0.03469500 0.00802600
v 0.01943600 0.03469500 0.00802600
v 0.01943600 0.03469500 0.00802600
v 0.02037400 0.03577600 0.00713800
v 0.02037400 0.03577600 0.00713800
v 0.02037400 0.03577600 0.00713800
v 0.02037400 0.03577600 0.00713800
v 0.02037400 0.03577600 0.00713800
v 0.02037400 0.03577600 0.00713800
v 0.02037400 0.03577600 0.00713800
v 0.02091400 0.03268100 0.00605000
v 0.02091400 0.03268100 0.00605000
v 0.02091400 0.03268100 0.00605000
v 0.02091400 0.03268100 0.00605000
v 0.02091400 0.03268100 0.00605000
v 0.01823600 0.02629700 0.00094600
v 0.01823600 0.02629700 0.00094600
v 0.01823600 0.02629700 0.00094600
v 0.01823600 0.02629700 0.00094600
v 0.01823600 0.02629700 0.00094600
v 0.01867300 0.05988300 0.00883600
v 0.01867300 0.05988300 0.00883600
v 0.01867300 0.05988300 0.00883600
v 0.01867300 0.05988300 0.00883600
v 0.01867300 0.05988300 0.00883600
v 0.02108300 0.03382000 0.00621700
v 0.02108300 0.03382000 0.00621700
v 0.02108300 0.03382000 0.00621700
v 0.02108300 0.03382000 0.00621700
v 0.02108300 0.03382000 0.00621700
v 0.02108300 0.03382000 0.00621700
v 0.02108300 0.03382000 0.00621700
v 0.02214200 0.03311800 0.00491800
v 0.02214200 0.03311800 0.00491800
v 0.02214200 0.03311800 0.00491800
v 0.02214200 0.03311800 0.00491800
v 0.02214200 0.03311800 0.00491800
v 0.02214200 0.03311800 0.00491800
v 0.02263000 0.03255800 0.00396900
v 0.02263000 0.03255800 0.00396900
v 0.02263000 0.03255800 0.00396900
v 0.02263000 0.03255800 0.00396900
v 0.02263000 0.03255800 0.00396900
v 0.02263000 0.03255800 0.00396900
v 0.02343100 0.03429800 0.00419800
v 0.02343100 0.03429800 0.00419800
v 0.02343100 0.03429800 0.00419800
v 0.02343100 0.03429800 0.00419800
v 0.02343100 0.03429800 0.00419800
v 0.02216400 0.03184100 0.00361800
v 0.02216400 0.03184100 0.00361800
v 0.02216400 0.03184100 0.00361800
v 0.02216400 0.03184100 0.00361800
v 0.02216400 0.03184100 0.00361800
v 0.02360600 0.03264100 0.00281300
v 0.02360600 0.03264100 0.00281300
v 0.02360600 0.03264100 0.00281300
v 0.02360600 0.03264100 0.00281300
v 0.02360600 0.03264100 0.00281300
v 0.02360600 0.03264100 0.00281300
v 0.02360600 0.03264100 0.00281300
v 0.01939400 0.04723800 0.00803100
v 0.01939400 0.04723800 0.00803100
v 0.01939400 0.04723800 0.00803100
v 0.01939400 0.04723800 0.00803100
v 0.01939400 0.04723800 0.00803100
v 0.01939400 0.04723800 0.00803100
v 0.01939400 0.04723800 0.00803100
v 0.02365900 0.03549800 0.00427300
v 0.02365900 0.03549800 0.00427300
v 0.02365900 0.03549800 0.00427300
v 0.02365900 0.03549800 0.00427300
v 0.02365900 0.03549800 0.00427300
v 0.02175700 0.03580600 0.00588700
v 0.02175700 0.03580600 0.00588700
v 0.02175700 0.03580600 0.00588700
v 0.02175700 0.03580600 0.00588700
v 0.02175700 0.03580600 0.00588700
v 0.02064400 0.03080300 0.00099400
v 0.02064400 0.03080300 0.00099400
v 0.02064400 0.03080300 0.00099400
v 0.02064400 0.03080300 0.00099400
v 0.02064400 0.03080300 0.00099400
v 0.02064400 0.03080300 0.00099400
v 0.02154900 0.03136500 0.00095700
v 0.02154900 0.03136500 0.00095700
v 0.02154900 0.03136500 0.00095700
v 0.02154900 0.03136500 0.00095700
v 0.02154900 0.03136500 0.00095700
v 0.02470100 0.03379900 0.00283000
v 0.02470100 0.03379900 0.00283000
v 0.02470100 0.03379900 0.00283000
v 0.02470100 0.03379900 0.00283000
v 0.02470100 0.03379900 0.00283000
v 0.02470100 0.03379900 0.00283000
v 0.02470100 0.03379900 0.00283000
v 0.02470100 0.03379900 0.00283000
v 0.02290800 0.03190600 0.00164400
v 0.02290800 0.03190600 0.00164400
v 0.02290800 0.03190600 0.00164400
v 0.02290800 0.03190600 0.00164400
v 0.02290800 0.03190600 0.00164400
v 0.02290800 0.03190600 0.00164400
v 0.02535500 0.03298400 0.00100300
v 0.02535500 0.03298400 0.00100300
v 0.02535500 0.03298400 0.00100300
v 0.02535500 0.03298400 0.00100300
v 0.02535500 0.03298400 0.00100300
v 0.02535500 0.03298400 0.00100300
v 0.02827700 0.03666900 0.00099600
v 0.02827700 0.03666900 0.00099600
v 0.02827700 0.03666900 0.00099600
v 0.02827700 0.03666900 0.00099600
v 0.02827700 0.03666900 0.00099600
v 0.02827700 0.03666900 0.00099600
v 0.02827700 0.03666900 0.00099600
v 0.02827700 0.03666900 0.00099600
v 0.02827700 0.03666900 0.00099600
v 0.02775700 0.03533800 0.00098700
v 0.02775700 0.03533800 0.00098700
v 0.02775700 0.03533800 0.00098700
v 0.02775700 0.03533800 0.00098700
v 0.02775700 0.03533800 0.00098700
v 0.02775700 0.03533800 0.00098700
v 0.02723400 0.03452400 0.00099200
v 0.02723400 0.03452400 0.00099200
v 0.02723400 0.03452400 0.00099200
v 0.02723400 0.03452400 0.00099200
v 0.02650500 0.03375900 0.00096500
v 0.02650500 0.03375900 0.00096500
v 0.02650500 0.03375900 0.00096500
v 0.02650500 0.03375900 0.00096500
v 0.02650500 0.03375900 0.00096500
v 0.02650500 0.03375900 0.00096500
v 0.02650500 0.03375900 0.00096500
v 0.01775000 -0.06960200 0.01277900
v 0.01775000 -0.06960200 0.01277900
v 0.01775000 -0.06960200 0.01277900
v 0.01775000 -0.06960200 0.01277900
v 0.01775000 -0.06960200 0.01277900
v 0.01825100 -0.08987200 0.02800400
v 0.01825100 -0.08987200 0.02800400
v 0.01825100 -0.08987200 0.02800400
v 0.01825100 -0.08987200 0.02800400
v 0.01825100 -0.08987200 0.02800400
v 0.01825100 -0.08987200 0.02800400
v 0.02274300 0.03951700 0.00518100
v 0.02274300 0.03951700 0.00518100
v 0.02274300 0.03951700 0.00518100
v 0.02274300 0.03951700 0.00518100
v 0.02274300 0.03951700 0.00518100
v 0.02274300 0.03951700 0.00518100
v 0.02274300 0.03951700 0.00518100
v 0.01771900 -0.06869000 0.01183700
v 0.01771900 -0.06869000 0.01183700
v 0.01771900 -0.06869000 0.01183700
v 0.01771900 -0.06869000 0.01183700
v 0.01771900 -0.06869000 0.01183700
v 0.01771900 -0.06869000 0.01183700
v 0.02094300 0.06274800 0.00625600
v 0.02094300 0.06274800 0.00625600
v 0.02094300 0.06274800 0.00625600
v 0.02094300 0.06274800 0.00625600
v 0.01772100 -0.06711600 0.01092000
v 0.01772100 -0.06711600 0.01092000
v 0.01772100 -0.06711600 0.01092000
v 0.01772100 -0.06711600 0.01092000
v 0.01772100 -0.06711600 0.01092000
v 0.02798700 0.04933800 0.00100000
v 0.02798700 0.04933800 0.00100000
v 0.02798700 0.04933800 0.00100000
v 0.02798700 0.04933800 0.00100000
v 0.02798700 0.04933800 0.00100000
v 0.02798700 0.04933800 0.00100000
v 0.02425200 0.03745800 0.00403200
v 0.02425200 0.03745800 0.00403200
v 0.02425200 0.03745800 0.00403200
v 0.02425200 0.03745800 0.00403200
v 0.02425200 0.03745800 0.00403200
v 0.02861600 0.03937400 0.00099800
v 0.02861600 0.03937400 0.00099800
v 0.02861600 0.03937400 0.00099800
v 0.02861600 0.03937400 0.00099800
v 0.02861600 0.03937400 0.00099800
v 0.02861600 0.03937400 0.00099800
v 0.01806600 0.02880400 0.00940400
v 0.01806600 0.02880400 0.00940400
v 0.01806600 0.02880400 0.00940400
v 0.01806600 0.02880400 0.00940400
v 0.01806600 0.02880400 0.00940400
v 0.01819600 0.02632300 0.00575800
v 0.01819600 0.02632300 0.00575800
v 0.01819600 0.02632300 0.00575800
v 0.01819600 0.02632300 0.00575800
v 0.01774000 0.06602100 0.01075400
v 0.01774000 0.06602100 0.01075400
v 0.01774000 0.06602100 0.01075400
v 0.01774000 0.06602100 0.01075400
v 0.01774000 0.06602100 0.01075400
v 0.02334400 0.03219800 0.00217700
v 0.02334400 0.03219800 0.00217700
v 0.02334400 0.03219800 0.00217700
v 0.02334400 0.03219800 0.00217700
v 0.01969200 0.03009100 -0.00438800
v 0.01969200 0.03009100 -0.00438800
v 0.01969200 0.03009100 -0.00438800
v 0.01969200 0.03009100 -0.00438800
v 0.01969200 0.03009100 -0.00438800
v 0.01969200 0.03009100 -0.00438800
v 0.01873200 0.02900500 -0.00457300
v 0.01873200 0.02900500 -0.00457300
v 0.01873200 0.02900500 -0.00457300
v 0.01873200 0.02900500 -0.00457300
v 0.01873200 0.02900500 -0.00457300
v 0.02835100 0.03714500 -0.00451900
v 0.02835100 0.03714500 -0.00451900
v 0.02835100 0.03714500 -0.00451900
v 0.02835100 0.03714500 -0.00451900
v 0.02811100 0.03623700 -0.00465100
v 0.02811100 0.03623700 -0.00465100
v 0.02811100 0.03623700 -0.00465100
v 0.02811100 0.03623700 -0.00465100
v 0.02811100 0.03623700 -0.00465100
v 0.02811100 0.03623700 -0.00465100
v 0.02765700 0.03518500 -0.00449000
v 0.02765700 0.03518500 -0.00449000
v 0.02765700 0.03518500 -0.00449000
v 0.02765700 0.03518500 -0.00449000
v 0.02765700 0.03518500 -0.00449000
v 0.02765700 0.03518500 -0.00449000
v 0.02856600 0.03869500 -0.00454300
v 0.02856600 0.03869500 -0.00454300
v 0.02856600 0.03869500 -0.00454300
v 0.02856600 0.03869500 -0.00454300
v 0.02856600 0.03869500 -0.00454300
v 0.02856600 0.03869500 -0.00454300
v 0.02720600 0.03449000 -0.00419400
v 0.02720600 0.03449000 -0.00419400
v 0.02720600 0.03449000 -0.00419400
v 0.02720600 0.03449000 -0.00419400
v 0.02720600 0.03449000 -0.00419400
v 0.02062800 0.03086900 -0.00470500
v 0.02062800 0.03086900 -0.00470500
v 0.02062800 0.03086900 -0.00470500
v 0.02062800 0.03086900 -0.00470500
v 0.02062800 0.03086900 -0.00470500
v 0.01791000 0.02767400 -0.00512700
v 0.01791000 0.02767400 -0.00512700
v 0.01791000 0.02767400 -0.00512700
v 0.01791000 0.02767400 -0.00512700
v 0.01791000 0.02767400 -0.00512700
v 0.01791000 0.02767400 -0.00512700
v 0.01791000 0.02767400 -0.00512700
v 0.01759200 0.02673000 -0.00497800
v 0.01759200 0.02673000 -0.00497800
v 0.01759200 0.02673000 -0.00497800
v 0.01759200 0.02673000 -0.00497800
v 0.01759200 0.02673000 -0.00497800
v 0.01759200 0.02673000 -0.00497800
v 0.02165000 0.03145800 -0.00480900
v 0.02165000 0.03145800 -0.00480900
v 0.02165000 0.03145800 -0.00480900
v 0.02165000 0.03145800 -0.00480900
v 0.02165000 0.03145800 -0.00480900
v 0.02165000 0.03145800 -0.00480900
v 0.02165000 0.03145800 -0.00480900
v 0.02680600 0.03409300 -0.00473200
v 0.02680600 0.03409300 -0.00473200
v 0.02680600 0.03409300 -0.00473200
v 0.02680600 0.03409300 -0.00473200
v 0.02680600 0.03409300 -0.00473200
v 0.02680600 0.03409300 -0.00473200
v 0.02680600 0.03409300 -0.00473200
v 0.02594300 0.03334700 -0.00435800
v 0.02594300 0.03334700 -0.00435800
v 0.02594300 0.03334700 -0.00435800
v 0.02594300 0.03334700 -0.00435800
v 0.02594300 0.03334700 -0.00435800
v 0.02594300 0.03334700 -0.00435800
v 0.02460700 0.03260400 -0.00435200
v 0.02460700 0.03260400 -0.00435200
v 0.02460700 0.03260400 -0.00435200
v 0.02460700 0.03260400 -0.00435200
v 0.02460700 0.03260400 -0.00435200
v 0.02460700 0.03260400 -0.00435200
v 0.02857800 0.04071600 -0.00435300
v 0.02857800 0.04071600 -0.00435300
v 0.02857800 0.04071600 -0.00435300
v 0.02857800 0.04071600 -0.00435300
v 0.02857800 0.04071600 -0.00435300
v 0.01449300 0.09549600 0.06215100
v 0.01449300 0.09549600 0.06215100
v 0.01449300 0.09549600 0.06215100
v 0.01449300 0.09549600 0.06215100
v 0.01449300 0.09549600 0.06215100
v 0.01449300 0.09549600 0.06215100
v 0.01275200 0.09729600 0.06080400
v 0.01275200 0.09729600 0.06080400
v 0.01275200 0.09729600 0.06080400
v 0.01275200 0.09729600 0.06080400
v 0.01275200 0.09729600 0.06080400
v 0.01275200 0.09729600 0.06080400
v 0.01275200 0.09729600 0.06080400
v 0.02159900 0.09347700 0.03178600
v 0.02159900 0.09347700 0.03178600
v 0.02159900 0.09347700 0.03178600
v 0.02159900 0.09347700 0.03178600
v 0.02159900 0.09347700 0.03178600
v 0.02159900 0.09347700 0.03178600
v 0.02159900 0.09347700 0.03178600
v 0.02159900 0.09347700 0.03178600
v 0.02186500 0.09493500 0.02326600
v 0.02186500 0.09493500 0.02326600
v 0.02186500 0.09493500 0.02326600
v 0.02186500 0.09493500 0.02326600
v 0.02186500 0.09493500 0.02326600
v 0.02299200 0.09281500 0.01331300
v 0.02299200 0.09281500 0.01331300
v 0.02299200 0.09281500 0.01331300
v 0.02299200 0.09281500 0.01331300
v 0.02299200 0.09281500 0.01331300
v 0.02299200 0.09281500 0.01331300
v 0.02403700 0.08817700 0.00983900
v 0.02403700 0.08817700 0.00983900
v 0.02403700 0.08817700 0.00983900
v 0.02403700 0.08817700 0.00983900
v 0.02403700 0.08817700 0.00983900
v 0.02403700 0.08817700 0.00983900
v 0.02403700 0.08817700 0.00983900
v 0.02365800 0.09104200 0.00748200
v 0.02365800 0.09104200 0.00748200
v 0.02365800 0.09104200 0.00748200
v 0.02365800 0.09104200 0.00748200
v 0.02365800 0.09104200 0.00748200
v 0.02365800 0.09104200 0.00748200
v 0.02432800 0.08836300 0.00336000
v 0.02432800 0.08836300 0.00336000
v 0.02432800 0.08836300 0.00336000
v 0.02432800 0.08836300 0.00336000
v 0.02432800 0.08836300 0.00336000
v 0.02432800 0.08836300 0.00336000
v 0.02432800 0.08836300 0.00336000
v 0.02432800 0.08836300 0.00336000
v 0.02432800 0.08836300 0.00336000
v 0.02511800 0.08348400 -0.00187400
v 0.02511800 0.08348400 -0.00187400
v 0.02511800 0.08348400 -0.00187400
v 0.02511800 0.08348400 -0.00187400
v 0.02511800 0.08348400 -0.00187400
v 0.02511800 0.08348400 -0.00187400
v 0.01746000 0.08553900 0.06286800
v 0.01746000 0.08553900 0.06286800
v 0.01746000 0.08553900 0.06286800
v 0.01746000 0.08553900 0.06286800
v 0.01746000 0.08553900 0.06286800
v 0.01800900 0.08921500 0.06077200
v 0.01800900 0.08921500 0.06077200
v 0.01800900 0.08921500 0.06077200
v 0.01800900 0.08921500 0.06077200
v 0.01800900 0.08921500 0.06077200
v 0.01735300 0.08836800 0.06330900
v 0.01735300 0.08836800 0.06330900
v 0.01735300 0.08836800 0.06330900
v 0.01735300 0.08836800 0.06330900
v 0.01735300 0.08836800 0.06330900
v 0.01735300 0.08836800 0.06330900
v 0.01735300 0.08836800 0.06330900
v 0.01735300 0.08836800 0.06330900
v 0.01708600 0.09049200 0.06336300
v 0.01708600 0.09049200 0.06336300
v 0.01708600 0.09049200 0.06336300
v 0.01708600 0.09049200 0.06336300
v 0.01708600 0.09049200 0.06336300
v 0.01708600 0.09049200 0.06336300
v 0.01024400 0.09407400 0.06498100
v 0.01024400 0.09407400 0.06498100
v 0.01024400 0.09407400 0.06498100
v 0.01024400 0.09407400 0.06498100
v 0.01024400 0.09407400 0.06498100
v 0.01024400 0.09407400 0.06498100
v 0.01024400 0.09407400 0.06498100
v 0.01709700 0.09187400 0.06248900
v 0.01709700 0.09187400 0.06248900
v 0.01709700 0.09187400 0.06248900
v 0.01709700 0.09187400 0.06248900
v 0.01769200 0.09160600 0.06114100
v 0.01769200 0.09160600 0.06114100
v 0.01769200 0.09160600 0.06114100
v 0.01769200 0.09160600 0.06114100
v 0.01769200 0.09160600 0.06114100
v 0.01769200 0.09160600 0.06114100
v 0.01769200 0.09160600 0.06114100
v 0.01640100 0.09197100 0.06382000
v 0.01640100 0.09197100 0.06382000
v 0.01640100 0.09197100 0.06382000
v 0.01640100 0.09197100 0.06382000
v 0.01640100 0.09197100 0.06382000
v 0.01640100 0.09197100 0.06382000
v 0.01640100 0.09197100 0.06382000
v 0.01646600 0.09367900 0.06213000
v 0.01646600 0.09367900 0.06213000
v 0.01646600 0.09367900 0.06213000
v 0.01646600 0.09367900 0.06213000
v 0.01646600 0.09367900 0.06213000
v 0.01566200 0.09435200 0.06246200
v 0.01566200 0.09435200 0.06246200
v 0.01566200 0.09435200 0.06246200
v 0.01566200 0.09435200 0.06246200
v 0.01566200 0.09435200 0.06246200
v 0.01566200 0.09435200 0.06246200
v 0.01541700 0.09266500 0.06443400
v 0.01541700 0.09266500 0.06443400
v 0.01541700 0.09266500 0.06443400
v 0.01541700 0.09266500 0.06443400
v 0.01541700 0.09266500 0.06443400
v 0.01541700 0.09266500 0.06443400
v 0.01541700 0.09266500 0.06443400
v 0.01465300 0.09337800 0.06441000
v 0.01465300 0.09337800 0.06441000
v 0.01465300 0.09337800 0.06441000
v 0.01465300 0.09337800 0.06441000
v 0.01465300 0.09337800 0.06441000
v 0.01465300 0.09337800 0.06441000
v 0.01137800 0.09566000 0.06317800
v 0.01137800 0.09566000 0.06317800
v 0.01137800 0.09566000 0.06317800
v 0.01137800 0.09566000 0.06317800
v 0.01137800 0.09566000 0.06317800
v 0.01137800 0.09566000 0.06317800
v 0.01349500 0.09477900 0.06354900
v 0.01349500 0.09477900 0.06354900
v 0.01349500 0.09477900 0.06354900
v 0.01349500 0.09477900 0.06354900
v 0.01349500 0.09477900 0.06354900
v 0.01349500 0.09477900 0.06354900
v 0.01369600 0.09364000 0.06467500
v 0.01369600 0.09364000 0.06467500
v 0.01369600 0.09364000 0.06467500
v 0.01369600 0.09364000 0.06467500
v 0.01369600 0.09364000 0.06467500
v 0.01836100 0.09154000 0.05878400
v 0.01836100 0.09154000 0.05878400
v 0.01836100 0.09154000 0.05878400
v 0.01836100 0.09154000 0.05878400
v 0.01836100 0.09154000 0.05878400
v 0.01836100 0.09154000 0.05878400
v 0.01836100 0.09154000 0.05878400
v 0.00653800 0.09799200 0.06123500
v 0.00653800 0.09799200 0.06123500
v 0.00653800 0.09799200 0.06123500
v 0.00653800 0.09799200 0.06123500
v 0.00653800 0.09799200 0.06123500
v 0.00653800 0.09799200 0.06123500
v 0.01541100 0.09688000 0.05954500
v 0.01541100 0.09688000 0.05954500
v 0.01541100 0.09688000 0.05954500
v 0.01541100 0.09688000 0.05954500
v 0.01541100 0.09688000 0.05954500
v 0.01661900 0.09594400 0.05920200
v 0.01661900 0.09594400 0.05920200
v 0.01661900 0.09594400 0.05920200
v 0.01661900 0.09594400 0.05920200
v 0.01661900 0.09594400 0.05920200
v 0.01661900 0.09594400 0.05920200
v 0.01793800 0.09387600 0.05856800
v 0.01793800 0.09387600 0.05856800
v 0.01793800 0.09387600 0.05856800
v 0.01793800 0.09387600 0.05856800
v 0.01793800 0.09387600 0.05856800
v 0.00952600 0.09813800 0.06062200
v 0.00952600 0.09813800 0.06062200
v 0.00952600 0.09813800 0.06062200
v 0.00952600 0.09813800 0.06062200
v 0.00952600 0.09813800 0.06062200
v 0.00697900 0.09990100 0.05869400
v 0.00697900 0.09990100 0.05869400
v 0.00697900 0.09990100 0.05869400
v 0.00697900 0.09990100 0.05869400
v 0.00697900 0.09990100 0.05869400
v 0.00697900 0.09990100 0.05869400
v 0.00697900 0.09990100 0.05869400
v 0.01085000 0.09979700 0.05807700
v 0.01085000 0.09979700 0.05807700
v 0.01085000 0.09979700 0.05807700
v 0.01085000 0.09979700 0.05807700
v 0.01085000 0.09979700 0.05807700
v 0.01894500 0.09293800 0.05522100
v 0.01894500 0.09293800 0.05522100
v 0.01894500 0.09293800 0.05522100
v 0.01894500 0.09293800 0.05522100
v 0.01894500 0.09293800 0.05522100
v 0.01894500 0.09293800 0.05522100
v 0.02635500 0.07218600 -0.00472000
v 0.02635500 0.07218600 -0.00472000
v 0.02635500 0.07218600 -0.00472000
v 0.02635500 0.07218600 -0.00472000
v 0.02635500 0.07218600 -0.00472000
v 0.02635500 0.07218600 -0.00472000
v 0.02635500 0.07218600 -0.00472000
v 0.02635500 0.07218600 -0.00472000
v 0.01869200 0.09497600 0.05487500
v 0.01869200 0.09497600 0.05487500
v 0.01869200 0.09497600 0.05487500
v 0.01869200 0.09497600 0.05487500
v 0.01869200 0.09497600 0.05487500
v 0.01869200 0.09497600 0.05487500
v 0.01435700 0.09964700 0.05661800
v 0.01435700 0.09964700 0.05661800
v 0.01435700 0.09964700 0.05661800
v 0.01435700 0.09964700 0.05661800
v 0.01435700 0.09964700 0.05661800
v 0.01435700 0.09964700 0.05661800
v 0.01435700 0.09964700 0.05661800
v 0.02600600 0.07611200 -0.00422800
v 0.02600600 0.07611200 -0.00422800
v 0.02600600 0.07611200 -0.00422800
v 0.02600600 0.07611200 -0.00422800
v 0.02600600 0.07611200 -0.00422800
v 0.02600600 0.07611200 -0.00422800
v 0.01590000 0.09923200 0.05582400
v 0.01590000 0.09923200 0.05582400
v 0.01590000 0.09923200 0.05582400
v 0.01590000 0.09923200 0.05582400
v 0.01590000 0.09923200 0.05582400
v 0.01590000 0.09923200 0.05582400
v 0.01590000 0.09923200 0.05582400
v 0.02550500 0.08057700 -0.00319400
v 0.02550500 0.08057700 -0.00319400
v 0.02550500 0.08057700 -0.00319400
v 0.02550500 0.08057700 -0.00319400
v 0.02550500 0.08057700 -0.00319400
v 0.02550500 0.08057700 -0.00319400
v 0.01295900 0.09975900 0.05728300
v 0.01295900 0.09975900 0.05728300
v 0.01295900 0.09975900 0.05728300
v 0.01295900 0.09975900 0.05728300
v 0.01295900 0.09975900 0.05728300
v 0.01727100 0.09405900 0.06018800
v 0.01727100 0.09405900 0.06018800
v 0.01727100 0.09405900 0.06018800
v 0.01727100 0.09405900 0.06018800
v 0.01727100 0.09405900 0.06018800
v 0.01727100 0.09405900 0.06018800
v 0.01727100 0.09405900 0.06018800
v 0.01727100 0.09405900 0.06018800
v 0.01727100 0.09405900 0.06018800
v 0.01696300 0.09851700 0.05528300
v 0.01696300 0.09851700 0.05528300
v 0.01696300 0.09851700 0.05528300
v 0.01696300 0.09851700 0.05528300
v 0.01696300 0.09851700 0.05528300
v 0.01735700 0.08129000 0.06274100
v 0.01735700 0.08129000 0.06274100
v 0.01735700 0.08129000 0.06274100
v 0.01735700 0.08129000 0.06274100
v 0.01735700 0.08129000 0.06274100
v 0.01735700 0.08129000 0.06274100
v 0.01815800 0.09648300 0.05507700
v 0.01815800 0.09648300 0.05507700
v 0.01815800 0.09648300 0.05507700
v 0.01815800 0.09648300 0.05507700
v 0.01815800 0.09648300 0.05507700
v 0.01815800 0.09648300 0.05507700
v 0.01865300 0.09752700 0.05203900
v 0.01865300 0.09752700 0.05203900
v 0.01865300 0.09752700 0.05203900
v 0.01865300 0.09752700 0.05203900
v 0.01865300 0.09752700 0.05203900
v 0.01865300 0.09752700 0.05203900
v 0.01943700 0.09601600 0.04995200
v 0.01943700 0.09601600 0.04995200
v 0.01943700 0.09601600 0.04995200
v 0.01943700 0.09601600 0.04995200
v 0.01943700 0.09601600 0.04995200
v 0.01943700 0.09601600 0.04995200
v 0.01761900 0.09818700 0.05439500
v 0.01761900 0.09818700 0.05439500
v 0.01761900 0.09818700 0.05439500
v 0.01761900 0.09818700 0.05439500
v 0.01761900 0.09818700 0.05439500
v 0.01806900 0.09834300 0.05285600
v 0.01806900 0.09834300 0.05285600
v 0.01806900 0.09834300 0.05285600
v 0.01806900 0.09834300 0.05285600
v 0.01806900 0.09834300 0.05285600
v 0.01806900 0.09834300 0.05285600
v 0.02004300 0.09488800 0.04691500
v 0.02004300 0.09488800 0.04691500
v 0.02004300 0.09488800 0.04691500
v 0.02004300 0.09488800 0.04691500
v 0.02004300 0.09488800 0.04691500
v 0.02004300 0.09488800 0.04691500
v 0.02004300 0.09488800 0.04691500
v 0.01919000 0.09751800 0.04899800
v 0.01919000 0.09751800 0.04899800
v 0.01919000 0.09751800 0.04899800
v 0.01919000 0.09751800 0.04899800
v 0.01919000 0.09751800 0.04899800
v 0.01966100 0.09719000 0.04589500
v 0.01966100 0.09719000 0.04589500
v 0.01966100 0.09719000 0.04589500
v 0.01966100 0.09719000 0.04589500
v 0.01966100 0.09719000 0.04589500
v 0.01966100 0.09719000 0.04589500
v 0.01966100 0.09719000 0.04589500
v 0.02107300 0.09606000 0.03105200
v 0.02107300 0.09606000 0.03105200
v 0.02107300 0.09606000 0.03105200
v 0.02107300 0.09606000 0.03105200
v 0.02107300 0.09606000 0.03105200
v 0.02063600 0.09185100 0.00267500
v 0.02063600 0.09185100 0.00267500
v 0.02063600 0.09185100 0.00267500
v 0.02063600 0.09185100 0.00267500
v 0.02063600 0.09185100 0.00267500
v 0.02063600 0.09185100 0.00267500
v 0.02035900 0.09312300 0.00515900
v 0.02035900 0.09312300 0.00515900
v 0.02035900 0.09312300 0.00515900
v 0.02035900 0.09312300 0.00515900
v 0.02035900 0.09312300 0.00515900
v 0.02035900 0.09312300 0.00515900
v 0.01972100 0.09507000 0.01071700
v 0.01972100 0.09507000 0.01071700
v 0.01972100 0.09507000 0.01071700
v 0.01972100 0.09507000 0.01071700
v 0.01972100 0.09507000 0.01071700
v 0.01972100 0.09507000 0.01071700
v 0.02260000 0.07531000 -0.00785500
v 0.02260000 0.07531000 -0.00785500
v 0.02260000 0.07531000 -0.00785500
v 0.02260000 0.07531000 -0.00785500
v 0.02260000 0.07531000 -0.00785500
v 0.02260000 0.07531000 -0.00785500
v 0.02188100 0.08197900 -0.00617400
v 0.02188100 0.08197900 -0.00617400
v 0.02188100 0.08197900 -0.00617400
v 0.02188100 0.08197900 -0.00617400
v 0.02188100 0.08197900 -0.00617400
v 0.02188100 0.08197900 -0.00617400
v 0.02222700 0.07886200 -0.00721700
v 0.02222700 0.07886200 -0.00721700
v 0.02222700 0.07886200 -0.00721700
v 0.02222700 0.07886200 -0.00721700
v 0.02222700 0.07886200 -0.00721700
v 0.02222700 0.07886200 -0.00721700
v 0.02222700 0.07886200 -0.00721700
v 0.02222700 0.07886200 -0.00721700
v 0.02144200 0.08441900 -0.00497200
v 0.02144200 0.08441900 -0.00497200
v 0.02144200 0.08441900 -0.00497200
v 0.02144200 0.08441900 -0.00497200
v 0.02144200 0.08441900 -0.00497200
v 0.02144200 0.08441900 -0.00497200
v 0.02094700 0.08813400 -0.00215900
v 0.02094700 0.08813400 -0.00215900
v 0.02094700 0.08813400 -0.00215900
v 0.02094700 0.08813400 -0.00215900
v 0.02094700 0.08813400 -0.00215900
v 0.02092300 0.09064500 0.00080700
v 0.02092300 0.09064500 0.00080700
v 0.02092300 0.09064500 0.00080700
v 0.02092300 0.09064500 0.00080700
v 0.02092300 0.09064500 0.00080700
v 0.02092300 0.09064500 0.00080700
v 0.02163100 0.08656100 -0.00348600
v 0.02163100 0.08656100 -0.00348600
v 0.02163100 0.08656100 -0.00348600
v 0.02163100 0.08656100 -0.00348600
v 0.02163100 0.08656100 -0.00348600
v 0.02163100 0.08656100 -0.00348600
v 0.02163100 0.08656100 -0.00348600
v 0.02109400 0.08937000 -0.00083100
v 0.02109400 0.08937000 -0.00083100
v 0.02109400 0.08937000 -0.00083100
v 0.02109400 0.08937000 -0.00083100
v 0.02109400 0.08937000 -0.00083100
v 0.02109400 0.08937000 -0.00083100
v 0.02019300 0.09406800 0.00757300
v 0.02019300 0.09406800 0.00757300
v 0.02019300 0.09406800 0.00757300
v 0.02019300 0.09406800 0.00757300
v 0.02019300 0.09406800 0.00757300
v 0.02019300 0.09406800 0.00757300
v 0.01688400 0.09953500 0.03972000
v 0.01688400 0.09953500 0.03972000
v 0.01688400 0.09953500 0.03972000
v 0.01688400 0.09953500 0.03972000
v 0.01688400 0.09953500 0.03972000
v 0.01688400 0.09953500 0.03972000
v 0.01337900 0.10032500 0.05524300
v 0.01337900 0.10032500 0.05524300
v 0.01337900 0.10032500 0.05524300
v 0.01337900 0.10032500 0.05524300
v 0.01337900 0.10032500 0.05524300
v 0.01337900 0.10032500 0.05524300
v 0.01337900 0.10032500 0.05524300
v 0.01337900 0.10032500 0.05524300
v 0.01772000 0.09880200 0.03267500
v 0.01772000 0.09880200 0.03267500
v 0.01772000 0.09880200 0.03267500
v 0.01772000 0.09880200 0.03267500
v 0.01772000 0.09880200 0.03267500
v 0.01612500 0.10007600 0.04775200
v 0.01612500 0.10007600 0.04775200
v 0.01612500 0.10007600 0.04775200
v 0.01612500 0.10007600 0.04775200
v 0.01612500 0.10007600 0.04775200
v 0.01612500 0.10007600 0.04775200
v 0.01612500 0.10007600 0.04775200
v 0.01848600 0.09779800 0.02521100
v 0.01848600 0.09779800 0.02521100
v 0.01848600 0.09779800 0.02521100
v 0.01848600 0.09779800 0.02521100
v 0.01848600 0.09779800 0.02521100
v 0.01848600 0.09779800 0.02521100
v 0.00826300 0.10043700 0.05679800
v 0.00826300 0.10043700 0.05679800
v 0.00826300 0.10043700 0.05679800
v 0.00826300 0.10043700 0.05679800
v 0.01918000 0.09657600 0.01802000
v 0.01918000 0.09657600 0.01802000
v 0.01918000 0.09657600 0.01802000
v 0.01918000 0.09657600 0.01802000
v 0.01918000 0.09657600 0.01802000
v 0.01918000 0.09657600 0.01802000
v 0.01730400 0.04331300 0.06294300
v 0.01730400 0.04331300 0.06294300
v 0.01730400 0.04331300 0.06294300
v 0.01730400 0.04331300 0.06294300
v 0.01730400 0.04331300 0.06294300
v 0.01730400 0.04331300 0.06294300
v 0.01730400 0.04331300 0.06294300
v 0.01730400 0.04331300 0.06294300
v 0.01392000 -0.09338900 0.00457700
v 0.01392000 -0.09338900 0.00457700
v 0.01392000 -0.09338900 0.00457700
v 0.01392000 -0.09338900 0.00457700
v 0.01392000 -0.09338900 0.00457700
v 0.01392000 -0.09338900 0.00457700
v 0.00400000 -0.09407900 0.00588700
v 0.00400000 -0.09407900 0.00588700
v 0.00400000 -0.09407900 0.00588700
v 0.00400000 -0.09407900 0.00588700
v 0.00400000 -0.09407900 0.00588700
v 0.01383800 -0.08758400 -0.00416700
v 0.01383800 -0.08758400 -0.00416700
v 0.01383800 -0.08758400 -0.00416700
v 0.01383800 -0.08758400 -0.00416700
v 0.01383800 -0.08758400 -0.00416700
v 0.01383800 -0.08758400 -0.00416700
v 0.01383800 -0.08758400 -0.00416700
v 0.00400000 -0.08794600 -0.00413100
v 0.00400000 -0.08794600 -0.00413100
v 0.00400000 -0.08794600 -0.00413100
v 0.00400000 -0.08794600 -0.00413100
v 0.00400000 -0.08644900 -0.00525600
v 0.00400000 -0.08644900 -0.00525600
v 0.00400000 -0.08644900 -0.00525600
v 0.00400000 -0.08644900 -0.00525600
v 0.00400000 -0.08644900 -0.00525600
v 0.01362800 -0.07976900 -0.00764500
v 0.01362800 -0.07976900 -0.00764500
v 0.01362800 -0.07976900 -0.00764500
v 0.01362800 -0.07976900 -0.00764500
v 0.01362800 -0.07976900 -0.00764500
v 0.00400000 -0.08113700 -0.00753000
v 0.00400000 -0.08113700 -0.00753000
v 0.00400000 -0.08113700 -0.00753000
v 0.00400000 -0.08113700 -0.00753000
v 0.00400000 -0.08113700 -0.00753000
v 0.01402900 -0.09442100 0.00776600
v 0.01402900 -0.09442100 0.00776600
v 0.01402900 -0.09442100 0.00776600
v 0.01402900 -0.09442100 0.00776600
v 0.01402900 -0.09442100 0.00776600
v 0.01402900 -0.09442100 0.00776600
v 0.00400000 -0.09553800 0.01137700
v 0.00400000 -0.09553800 0.01137700
v 0.00400000 -0.09553800 0.01137700
v 0.00400000 -0.09553800 0.01137700
v 0.00400000 -0.09553800 0.01137700
v 0.00400000 -0.09553800 0.01137700
v 0.01352400 -0.08885800 -0.00304700
v 0.01352400 -0.08885800 -0.00304700
v 0.01352400 -0.08885800 -0.00304700
v 0.01352400 -0.08885800 -0.00304700
v 0.01352400 -0.08885800 -0.00304700
v 0.00400000 -0.08937200 -0.00277300
v 0.00400000 -0.08937200 -0.00277300
v 0.00400000 -0.08937200 -0.00277300
v 0.00400000 -0.08937200 -0.00277300
v 0.00400000 -0.08937200 -0.00277300
v 0.00400000 -0.08937200 -0.00277300
v 0.00400000 -0.08414600 -0.00650600
v 0.00400000 -0.08414600 -0.00650600
v 0.00400000 -0.08414600 -0.00650600
v 0.00400000 -0.08414600 -0.00650600
v 0.00400000 -0.08414600 -0.00650600
v 0.01382800 -0.08998400 -0.00172800
v 0.01382800 -0.08998400 -0.00172800
v 0.01382800 -0.08998400 -0.00172800
v 0.01382800 -0.08998400 -0.00172800
v 0.01382800 -0.08998400 -0.00172800
v 0.01382800 -0.08998400 -0.00172800
v 0.01375000 -0.08395800 -0.00635500
v 0.01375000 -0.08395800 -0.00635500
v 0.01375000 -0.08395800 -0.00635500
v 0.01375000 -0.08395800 -0.00635500
v 0.00400000 -0.09089800 -0.00084800
v 0.00400000 -0.09089800 -0.00084800
v 0.00400000 -0.09089800 -0.00084800
v 0.00400000 -0.09089800 -0.00084800
v 0.00400000 -0.09089800 -0.00084800
v 0.01397000 -0.07645900 -0.00805600
v 0.01397000 -0.07645900 -0.00805600
v 0.01397000 -0.07645900 -0.00805600
v 0.01397000 -0.07645900 -0.00805600
v 0.01397000 -0.07645900 -0.00805600
v 0.01397000 -0.07645900 -0.00805600
v 0.01397000 -0.07645900 -0.00805600
v 0.00400000 -0.07734700 -0.00818800
v 0.00400000 -0.07734700 -0.00818800
v 0.00400000 -0.07734700 -0.00818800
v 0.00400000 -0.07734700 -0.00818800
v 0.00400000 -0.07734700 -0.00818800
v 0.01374700 -0.09129700 0.00011700
v 0.01374700 -0.09129700 0.00011700
v 0.01374700 -0.09129700 0.00011700
v 0.01374700 -0.09129700 0.00011700
v 0.01374700 -0.09129700 0.00011700
v 0.01374700 -0.09129700 0.00011700
v 0.01374700 -0.09129700 0.00011700
v 0.01360600 -0.08575400 -0.00547600
v 0.01360600 -0.08575400 -0.00547600
v 0.01360600 -0.08575400 -0.00547600
v 0.01360600 -0.08575400 -0.00547600
v 0.01360600 -0.08575400 -0.00547600
v 0.01360600 -0.08575400 -0.00547600
v 0.00400000 -0.09254400 0.00198600
v 0.00400000 -0.09254400 0.00198600
v 0.00400000 -0.09254400 0.00198600
v 0.00400000 -0.09254400 0.00198600
v 0.00400000 -0.09254400 0.00198600
v 0.00400000 -0.09254400 0.00198600
v 0.01359100 -0.09256200 0.00249800
v 0.01359100 -0.09256200 0.00249800
v 0.01359100 -0.09256200 0.00249800
v 0.01359100 -0.09256200 0.00249800
v 0.00396000 -0.10055100 -0.01259500
v 0.00396000 -0.10055100 -0.01259500
v 0.00396000 -0.10055100 -0.01259500
v 0.00396000 -0.10055100 -0.01259500
v 0.00396000 -0.10055100 -0.01259500
v 0.00396000 -0.10055100 -0.01259500
v 0.00399600 -0.09862400 -0.01355700
v 0.00399600 -0.09862400 -0.01355700
v 0.00399600 -0.09862400 -0.01355700
v 0.00399600 -0.09862400 -0.01355700
v 0.00399600 -0.09862400 -0.01355700
v 0.00399600 -0.09862400 -0.01355700
v 0.00399600 -0.09862400 -0.01355700
v 0.00399600 -0.09862400 -0.01355700
v 0.00399600 -0.09862400 -0.01355700
v 0.00398900 -0.10193800 -0.00861100
v 0.00398900 -0.10193800 -0.00861100
v 0.00398900 -0.10193800 -0.00861100
v 0.00398900 -0.10193800 -0.00861100
v 0.00398900 -0.10193800 -0.00861100
v 0.00398900 -0.10193800 -0.00861100
v 0.00398900 -0.10193800 -0.00861100
v 0.00398900 -0.10193800 -0.00861100
v 0.00399600 -0.10183600 0.00762200
v 0.00399600 -0.10183600 0.00762200
v 0.00399600 -0.10183600 0.00762200
v 0.00399600 -0.10183600 0.00762200
v 0.00399600 -0.10183600 0.00762200
v 0.00399600 -0.10183600 0.00762200
v 0.00399600 -0.10183600 0.00762200
v 0.00399600 -0.10183600 0.00762200
v 0.00396600 -0.10062700 0.01159900
v 0.00396600 -0.10062700 0.01159900
v 0.00396600 -0.10062700 0.01159900
v 0.00396600 -0.10062700 0.01159900
v 0.00396600 -0.10062700 0.01159900
v 0.00396600 -0.10062700 0.01159900
v 0.00396600 -0.10062700 0.01159900
v 0.00396600 -0.10062700 0.01159900
v 0.01730500 0.02691900 0.00783500
v 0.01730500 0.02691900 0.00783500
v 0.01730500 0.02691900 0.00783500
v 0.01730500 0.02691900 0.00783500
v 0.01730500 0.02691900 0.00783500
v 0.01730500 0.02691900 0.00783500
v 0.01730500 0.02691900 0.00783500
v 0.01730500 0.02691900 0.00783500
v 0.01730400 0.02691800 -0.00603300
v 0.01730400 0.02691800 -0.00603300
v 0.01730400 0.02691800 -0.00603300
v 0.01730400 0.02691800 -0.00603300
v 0.01730400 0.02691800 -0.00603300
v 0.01693200 0.02717700 -0.00669400
v 0.01693200 0.02717700 -0.00669400
v 0.01693200 0.02717700 -0.00669400
v 0.01693200 0.02717700 -0.00669400
v 0.01693200 0.02717700 -0.00669400
v 0.01693200 0.02717700 -0.00669400
v 0.01693200 0.02717700 -0.00669400
v 0.01693200 0.02717700 -0.00669400
v 0.01693200 0.02717700 -0.00669400
v 0.01693200 0.02717700 -0.00669400
v 0.01693200 0.02717700 -0.00669400
v 0.01658200 0.02736800 0.00809700
v 0.01658200 0.02736800 0.00809700
v 0.01658200 0.02736800 0.00809700
v 0.01658200 0.02736800 0.00809700
v 0.01658200 0.02736800 0.00809700
v 0.01658200 0.02736800 0.00809700
v 0.01613300 0.02763600 0.00844300
v 0.01613300 0.02763600 0.00844300
v 0.01613300 0.02763600 0.00844300
v 0.01571000 0.02787800 0.00890300
v 0.01571000 0.02787800 0.00890300
v 0.01571000 0.02787800 0.00890300
v 0.01571000 0.02787800 0.00890300
v 0.01406300 0.02874900 -0.00675300
v 0.01406300 0.02874900 -0.00675300
v 0.01406300 0.02874900 -0.00675300
v 0.01406300 0.02874900 -0.00675300
v 0.01406300 0.02874900 -0.00675300
v 0.01406300 0.02874900 -0.00675300
v 0.01406300 0.02874900 -0.00675300
v 0.01406300 0.02874900 -0.00675300
v 0.01097600 0.03007700 -0.00680600
v 0.01097600 0.03007700 -0.00680600
v 0.01097600 0.03007700 -0.00680600
v 0.01097600 0.03007700 -0.00680600
v 0.01097600 0.03007700 -0.00680600
v 0.01097600 0.03007700 -0.00680600
v 0.00779200 0.03104200 -0.00686900
v 0.00779200 0.03104200 -0.00686900
v 0.00779200 0.03104200 -0.00686900
v 0.00779200 0.03104200 -0.00686900
v 0.00779200 0.03104200 -0.00686900
v 0.00779200 0.03104200 -0.00686900
v 0.00779200 0.03104200 -0.00686900
v 0.00209600 0.03194200 -0.00697400
v 0.00209600 0.03194200 -0.00697400
v 0.00209600 0.03194200 -0.00697400
v 0.00209600 0.03194200 -0.00697400
v 0.00209600 0.03194200 -0.00697400
v 0.00209600 0.03194200 -0.00697400
v 0.00209600 0.03194200 -0.00697400
v 0.01737500 0.01386000 0.00782700
v 0.01737500 0.01386000 0.00782700
v 0.01737500 0.01386000 0.00782700
v 0.01737500 0.01386000 0.00782700
v 0.01737500 0.01386000 0.00782700
v 0.01737500 0.01386000 0.00782700
v 0.01509300 -0.02822100 -0.00673300
v 0.01509300 -0.02822100 -0.00673300
v 0.01509300 -0.02822100 -0.00673300
v 0.01509300 -0.02822100 -0.00673300
v 0.01509300 -0.02822100 -0.00673300
v 0.01509300 -0.02822100 -0.00673300
v 0.01509300 -0.02822100 -0.00673300
v 0.01509300 -0.02822100 -0.00673300
v 0.01620500 -0.02759400 0.00831600
v 0.01620500 -0.02759400 0.00831600
v 0.01620500 -0.02759400 0.00831600
v 0.01620500 -0.02759400 0.00831600
v 0.01620500 -0.02759400 0.00831600
v 0.01620500 -0.02759400 0.00831600
v 0.01620500 -0.02759400 0.00831600
v 0.01620500 -0.02759400 0.00831600
v 0.01620500 -0.02759400 0.00831600
v 0.00191900 -0.03195500 -0.00698000
v 0.00191900 -0.03195500 -0.00698000
v 0.00191900 -0.03195500 -0.00698000
v 0.00191900 -0.03195500 -0.00698000
v 0.01653700 -0.02739600 -0.00670900
v 0.01653700 -0.02739600 -0.00670900
v 0.01653700 -0.02739600 -0.00670900
v 0.01653700 -0.02739600 -0.00670900
v 0.01653700 -0.02739600 -0.00670900
v 0.01653700 -0.02739600 -0.00670900
v 0.01689600 -0.02717600 -0.00617200
v 0.01689600 -0.02717600 -0.00617200
v 0.01689600 -0.02717600 -0.00617200
v 0.01689600 -0.02717600 -0.00617200
v 0.01689600 -0.02717600 -0.00617200
v 0.01689600 -0.02717600 -0.00617200
v 0.01720700 -0.02698200 0.00785900
v 0.01720700 -0.02698200 0.00785900
v 0.01720700 -0.02698200 0.00785900
v 0.01720700 -0.02698200 0.00785900
v 0.01720700 -0.02698200 0.00785900
v 0.00495300 -0.03162600 -0.00692100
v 0.00495300 -0.03162600 -0.00692100
v 0.00495300 -0.03162600 -0.00692100
v 0.00495300 -0.03162600 -0.00692100
v 0.00495300 -0.03162600 -0.00692100
v 0.00495300 -0.03162600 -0.00692100
v 0.00495300 -0.03162600 -0.00692100
v 0.00811000 -0.03097000 -0.00686200
v 0.00811000 -0.03097000 -0.00686200
v 0.00811000 -0.03097000 -0.00686200
v 0.00811000 -0.03097000 -0.00686200
v 0.00811000 -0.03097000 -0.00686200
v 0.01068300 -0.03016900 -0.00681600
v 0.01068300 -0.03016900 -0.00681600
v 0.01068300 -0.03016900 -0.00681600
v 0.01068300 -0.03016900 -0.00681600
v 0.01068300 -0.03016900 -0.00681600
v 0.01284800 -0.02932000 -0.00677900
v 0.01284800 -0.02932000 -0.00677900
v 0.01284800 -0.02932000 -0.00677900
v 0.01284800 -0.02932000 -0.00677900
v 0.01284800 -0.02932000 -0.00677900
v 0.01284800 -0.02932000 -0.00677900
v 0.01284800 -0.02932000 -0.00677900
v 0.01550900 -0.02799000 0.00917900
v 0.01550900 -0.02799000 0.00917900
v 0.01550900 -0.02799000 0.00917900
v 0.01550900 -0.02799000 0.00917900
v 0.01550900 -0.02799000 0.00917900
v 0.01954200 0.03197100 -0.00733900
v 0.01954200 0.03197100 -0.00733900
v 0.01954200 0.03197100 -0.00733900
v 0.01954200 0.03197100 -0.00733900
v 0.01954200 0.03197100 -0.00733900
v 0.01965500 0.03298000 -0.00779200
v 0.01965500 0.03298000 -0.00779200
v 0.01965500 0.03298000 -0.00779200
v 0.01965500 0.03298000 -0.00779200
v 0.01965500 0.03298000 -0.00779200
v 0.01965500 0.03298000 -0.00779200
v 0.01965500 0.03298000 -0.00779200
v 0.01963500 0.03018600 -0.00521000
v 0.01963500 0.03018600 -0.00521000
v 0.01963500 0.03018600 -0.00521000
v 0.01963500 0.03018600 -0.00521000
v 0.01963500 0.03018600 -0.00521000
v 0.01963500 0.03018600 -0.00521000
v 0.01860300 0.02908100 -0.00537300
v 0.01860300 0.02908100 -0.00537300
v 0.01860300 0.02908100 -0.00537300
v 0.01860300 0.02908100 -0.00537300
v 0.01860300 0.02908100 -0.00537300
v 0.01860300 0.02908100 -0.00537300
v 0.01886300 0.03069300 -0.00688400
v 0.01886300 0.03069300 -0.00688400
v 0.01886300 0.03069300 -0.00688400
v 0.01886300 0.03069300 -0.00688400
v 0.01886300 0.03069300 -0.00688400
v 0.01886300 0.03069300 -0.00688400
v 0.01972900 0.03073400 -0.00603800
v 0.01972900 0.03073400 -0.00603800
v 0.01972900 0.03073400 -0.00603800
v 0.01972900 0.03073400 -0.00603800
v 0.01972900 0.03073400 -0.00603800
v 0.01972900 0.03073400 -0.00603800
v 0.01768300 0.03154400 -0.00790900
v 0.01768300 0.03154400 -0.00790900
v 0.01768300 0.03154400 -0.00790900
v 0.01768300 0.03154400 -0.00790900
v 0.01768300 0.03154400 -0.00790900
v 0.01768300 0.03154400 -0.00790900
v 0.01804300 0.03064500 -0.00739300
v 0.01804300 0.03064500 -0.00739300
v 0.01804300 0.03064500 -0.00739300
v 0.01804300 0.03064500 -0.00739300
v 0.01804300 0.03064500 -0.00739300
v 0.01804300 0.03064500 -0.00739300
v 0.01804300 0.03064500 -0.00739300
v 0.01841200 0.02931800 -0.00609900
v 0.01841200 0.02931800 -0.00609900
v 0.01841200 0.02931800 -0.00609900
v 0.01841200 0.02931800 -0.00609900
v 0.01841200 0.02931800 -0.00609900
v 0.01841200 0.02931800 -0.00609900
v 0.01841200 0.02931800 -0.00609900
v 0.01790900 0.02950800 -0.00685300
v 0.01790900 0.02950800 -0.00685300
v 0.01790900 0.02950800 -0.00685300
v 0.01790900 0.02950800 -0.00685300
v 0.01765700 0.02802900 -0.00610500
v 0.01765700 0.02802900 -0.00610500
v 0.01765700 0.02802900 -0.00610500
v 0.01765700 0.02802900 -0.00610500
v 0.01765700 0.02802900 -0.00610500
v 0.01765700 0.02802900 -0.00610500
v 0.01719500 0.02840200 -0.00694600
v 0.01719500 0.02840200 -0.00694600
v 0.01719500 0.02840200 -0.00694600
v 0.01719500 0.02840200 -0.00694600
v 0.01719500 0.02840200 -0.00694600
v 0.01719500 0.02840200 -0.00694600
v 0.01719500 0.02840200 -0.00694600
v 0.01637800 0.03021100 -0.00799900
v 0.01637800 0.03021100 -0.00799900
v 0.01637800 0.03021100 -0.00799900
v 0.01637800 0.03021100 -0.00799900
v 0.01637800 0.03021100 -0.00799900
v 0.02839900 0.03962500 -0.00544400
v 0.02839900 0.03962500 -0.00544400
v 0.02839900 0.03962500 -0.00544400
v 0.02839900 0.03962500 -0.00544400
v 0.02839900 0.03962500 -0.00544400
v 0.02839900 0.03962500 -0.00544400
v 0.02839900 0.03962500 -0.00544400
v 0.02839900 0.03962500 -0.00544400
v 0.01686900 0.02971800 -0.00768100
v 0.01686900 0.02971800 -0.00768100
v 0.01686900 0.02971800 -0.00768100
v 0.01686900 0.02971800 -0.00768100
v 0.01686900 0.02971800 -0.00768100
v 0.01642000 0.02854300 -0.00763200
v 0.01642000 0.02854300 -0.00763200
v 0.01642000 0.02854300 -0.00763200
v 0.01642000 0.02854300 -0.00763200
v 0.01642000 0.02854300 -0.00763200
v 0.02759800 0.03959300 -0.00676700
v 0.02759800 0.03959300 -0.00676700
v 0.02759800 0.03959300 -0.00676700
v 0.02759800 0.03959300 -0.00676700
v 0.02759800 0.03959300 -0.00676700
v 0.02759800 0.03959300 -0.00676700
v 0.02759800 0.03959300 -0.00676700
v 0.02759800 0.03959300 -0.00676700
v 0.02731500 0.03486500 -0.00511500
v 0.02731500 0.03486500 -0.00511500
v 0.02731500 0.03486500 -0.00511500
v 0.02731500 0.03486500 -0.00511500
v 0.02731500 0.03486500 -0.00511500
v 0.02762400 0.03573500 -0.00561300
v 0.02762400 0.03573500 -0.00561300
v 0.02762400 0.03573500 -0.00561300
v 0.02762400 0.03573500 -0.00561300
v 0.02762400 0.03573500 -0.00561300
v 0.02762400 0.03573500 -0.00561300
v 0.02762400 0.03573500 -0.00561300
v 0.02631800 0.03377500 -0.00512400
v 0.02631800 0.03377500 -0.00512400
v 0.02631800 0.03377500 -0.00512400
v 0.02631800 0.03377500 -0.00512400
v 0.02631800 0.03377500 -0.00512400
v 0.02815300 0.03720900 -0.00543200
v 0.02815300 0.03720900 -0.00543200
v 0.02815300 0.03720900 -0.00543200
v 0.02815300 0.03720900 -0.00543200
v 0.02815300 0.03720900 -0.00543200
v 0.02815300 0.03720900 -0.00543200
v 0.02663400 0.03436800 -0.00572700
v 0.02663400 0.03436800 -0.00572700
v 0.02663400 0.03436800 -0.00572700
v 0.02663400 0.03436800 -0.00572700
v 0.02663400 0.03436800 -0.00572700
v 0.02680400 0.03484300 -0.00612800
v 0.02680400 0.03484300 -0.00612800
v 0.02680400 0.03484300 -0.00612800
v 0.02680400 0.03484300 -0.00612800
v 0.02680400 0.03484300 -0.00612800
v 0.02680400 0.03484300 -0.00612800
v 0.02680400 0.03484300 -0.00612800
v 0.02704800 0.03601000 -0.00664800
v 0.02704800 0.03601000 -0.00664800
v 0.02704800 0.03601000 -0.00664800
v 0.02704800 0.03601000 -0.00664800
v 0.02704800 0.03601000 -0.00664800
v 0.02704800 0.03601000 -0.00664800
v 0.02777200 0.03716600 -0.00621700
v 0.02777200 0.03716600 -0.00621700
v 0.02777200 0.03716600 -0.00621700
v 0.02777200 0.03716600 -0.00621700
v 0.02777200 0.03716600 -0.00621700
v 0.02777200 0.03716600 -0.00621700
v 0.02777200 0.03716600 -0.00621700
v 0.02656600 0.03985000 -0.00758400
v 0.02656600 0.03985000 -0.00758400
v 0.02656600 0.03985000 -0.00758400
v 0.02656600 0.03985000 -0.00758400
v 0.02656600 0.03985000 -0.00758400
v 0.02656600 0.03985000 -0.00758400
v 0.02580300 0.03377300 -0.00591000
v 0.02580300 0.03377300 -0.00591000
v 0.02580300 0.03377300 -0.00591000
v 0.02580300 0.03377300 -0.00591000
v 0.02580300 0.03377300 -0.00591000
v 0.02580300 0.03377300 -0.00591000
v 0.02580300 0.03377300 -0.00591000
v 0.02746700 0.03785800 -0.00673800
v 0.02746700 0.03785800 -0.00673800
v 0.02746700 0.03785800 -0.00673800
v 0.02500800 0.03294800 -0.00519500
v 0.02500800 0.03294800 -0.00519500
v 0.02500800 0.03294800 -0.00519500
v 0.02500800 0.03294800 -0.00519500
v 0.02500800 0.03294800 -0.00519500
v 0.02500800 0.03294800 -0.00519500
v 0.02500800 0.03294800 -0.00519500
v 0.02563200 0.03839400 -0.00793900
v 0.02563200 0.03839400 -0.00793900
v 0.02563200 0.03839400 -0.00793900
v 0.02563200 0.03839400 -0.00793900
v 0.02563200 0.03839400 -0.00793900
v 0.02563200 0.03839400 -0.00793900
v 0.02458400 0.03310200 -0.00597900
v 0.02458400 0.03310200 -0.00597900
v 0.02458400 0.03310200 -0.00597900
v 0.02458400 0.03310200 -0.00597900
v 0.02458400 0.03310200 -0.00597900
v 0.02479200 0.03372400 -0.00668200
v 0.02479200 0.03372400 -0.00668200
v 0.02479200 0.03372400 -0.00668200
v 0.02479200 0.03372400 -0.00668200
v 0.02479200 0.03372400 -0.00668200
v 0.02479200 0.03372400 -0.00668200
v 0.02479200 0.03372400 -0.00668200
v 0.02696500 0.03734300 -0.00715200
v 0.02696500 0.03734300 -0.00715200
v 0.02696500 0.03734300 -0.00715200
v 0.02696500 0.03734300 -0.00715200
v 0.02696500 0.03734300 -0.00715200
v 0.02696500 0.03734300 -0.00715200
v 0.02696500 0.03734300 -0.00715200
v 0.02580700 0.03442200 -0.00668400
v 0.02580700 0.03442200 -0.00668400
v 0.02580700 0.03442200 -0.00668400
v 0.02580700 0.03442200 -0.00668400
v 0.02580700 0.03442200 -0.00668400
v 0.02642600 0.03659900 -0.00738500
v 0.02642600 0.03659900 -0.00738500
v 0.02642600 0.03659900 -0.00738500
v 0.02642600 0.03659900 -0.00738500
v 0.02642600 0.03659900 -0.00738500
v 0.02609600 0.03739600 -0.00769900
v 0.02609600 0.03739600 -0.00769900
v 0.02609600 0.03739600 -0.00769900
v 0.02609600 0.03739600 -0.00769900
v 0.02609600 0.03739600 -0.00769900
v 0.02625800 0.03540900 -0.00707400
v 0.02625800 0.03540900 -0.00707400
v 0.02625800 0.03540900 -0.00707400
v 0.02625800 0.03540900 -0.00707400
v 0.02625800 0.03540900 -0.00707400
v 0.02625800 0.03540900 -0.00707400
v 0.02549300 0.03620800 -0.00776300
v 0.02549300 0.03620800 -0.00776300
v 0.02549300 0.03620800 -0.00776300
v 0.02549300 0.03620800 -0.00776300
v 0.02549300 0.03620800 -0.00776300
v 0.02549300 0.03620800 -0.00776300
v 0.02549300 0.03620800 -0.00776300
v 0.02513100 0.03499900 -0.00746300
v 0.02513100 0.03499900 -0.00746300
v 0.02513100 0.03499900 -0.00746300
v 0.02513100 0.03499900 -0.00746300
v 0.02513100 0.03499900 -0.00746300
v 0.02513100 0.03499900 -0.00746300
v 0.02400500 0.03420200 -0.00738800
v 0.02400500 0.03420200 -0.00738800
v 0.02400500 0.03420200 -0.00738800
v 0.02400500 0.03420200 -0.00738800
v 0.02400500 0.03420200 -0.00738800
v 0.02159300 0.03173600 -0.00571700
v 0.02159300 0.03173600 -0.00571700
v 0.02159300 0.03173600 -0.00571700
v 0.02159300 0.03173600 -0.00571700
v 0.02159300 0.03173600 -0.00571700
v 0.02411300 0.03537500 -0.00789200
v 0.02411300 0.03537500 -0.00789200
v 0.02411300 0.03537500 -0.00789200
v 0.02411300 0.03537500 -0.00789200
v 0.02411300 0.03537500 -0.00789200
v 0.02411300 0.03537500 -0.00789200
v 0.02131600 0.03199200 -0.00636700
v 0.02131600 0.03199200 -0.00636700
v 0.02131600 0.03199200 -0.00636700
v 0.02131600 0.03199200 -0.00636700
v 0.02131600 0.03199200 -0.00636700
v 0.02131600 0.03199200 -0.00636700
v 0.02131600 0.03199200 -0.00636700
v 0.02119100 0.03272000 -0.00717800
v 0.02119100 0.03272000 -0.00717800
v 0.02119100 0.03272000 -0.00717800
v 0.02119100 0.03272000 -0.00717800
v 0.02119100 0.03272000 -0.00717800
v 0.02119100 0.03272000 -0.00717800
v 0.02059300 0.03110800 -0.00554400
v 0.02059300 0.03110800 -0.00554400
v 0.02059300 0.03110800 -0.00554400
v 0.02059300 0.03110800 -0.00554400
v 0.02059300 0.03110800 -0.00554400
v 0.02059300 0.03110800 -0.00554400
v 0.01531300 0.02976500 -0.00819700
v 0.01531300 0.02976500 -0.00819700
v 0.01531300 0.02976500 -0.00819700
v 0.01531300 0.02976500 -0.00819700
v 0.01531300 0.02976500 -0.00819700
v 0.01531300 0.02976500 -0.00819700
v 0.02796800 0.04108800 -0.00617900
v 0.02796800 0.04108800 -0.00617900
v 0.02796800 0.04108800 -0.00617900
v 0.02796800 0.04108800 -0.00617900
v 0.01998200 0.03157400 -0.00680200
v 0.01998200 0.03157400 -0.00680200
v 0.01998200 0.03157400 -0.00680200
v 0.01998200 0.03157400 -0.00680200
v 0.01998200 0.03157400 -0.00680200
v 0.02604000 0.07215000 -0.00573900
v 0.02604000 0.07215000 -0.00573900
v 0.02604000 0.07215000 -0.00573900
v 0.02604000 0.07215000 -0.00573900
v 0.02604000 0.07215000 -0.00573900
v 0.02549100 0.07241700 -0.00660800
v 0.02549100 0.07241700 -0.00660800
v 0.02549100 0.07241700 -0.00660800
v 0.02549100 0.07241700 -0.00660800
v 0.02549100 0.07241700 -0.00660800
v 0.02549100 0.07241700 -0.00660800
v 0.02549100 0.07241700 -0.00660800
v 0.02475500 0.07251000 -0.00730200
v 0.02475500 0.07251000 -0.00730200
v 0.02475500 0.07251000 -0.00730200
v 0.02475500 0.07251000 -0.00730200
v 0.02475500 0.07251000 -0.00730200
v 0.02475500 0.07251000 -0.00730200
v 0.02405300 0.07239100 -0.00772300
v 0.02405300 0.07239100 -0.00772300
v 0.02405300 0.07239100 -0.00772300
v 0.02405300 0.07239100 -0.00772300
v 0.02405300 0.07239100 -0.00772300
v 0.02338000 0.07293200 -0.00795000
v 0.02338000 0.07293200 -0.00795000
v 0.02338000 0.07293200 -0.00795000
v 0.02338000 0.07293200 -0.00795000
v 0.02338000 0.07293200 -0.00795000
v 0.02338000 0.07293200 -0.00795000
v 0.02338000 0.07293200 -0.00795000
v 0.02586500 0.07494800 -0.00541600
v 0.02586500 0.07494800 -0.00541600
v 0.02586500 0.07494800 -0.00541600
v 0.02586500 0.07494800 -0.00541600
v 0.02586500 0.07494800 -0.00541600
v 0.02586500 0.07494800 -0.00541600
v 0.02541500 0.07517100 -0.00617500
v 0.02541500 0.07517100 -0.00617500
v 0.02541500 0.07517100 -0.00617500
v 0.02541500 0.07517100 -0.00617500
v 0.02541500 0.07517100 -0.00617500
v 0.02541500 0.07517100 -0.00617500
v 0.02248100 0.09368500 0.01141000
v 0.02248100 0.09368500 0.01141000
v 0.02248100 0.09368500 0.01141000
v 0.02248100 0.09368500 0.01141000
v 0.02248100 0.09368500 0.01141000
v 0.02248100 0.09368500 0.01141000
v 0.02277700 0.09329600 0.01196500
v 0.02277700 0.09329600 0.01196500
v 0.02277700 0.09329600 0.01196500
v 0.02277700 0.09329600 0.01196500
v 0.02277700 0.09329600 0.01196500
v 0.02188700 0.09422300 0.01111200
v 0.02188700 0.09422300 0.01111200
v 0.02188700 0.09422300 0.01111200
v 0.02188700 0.09422300 0.01111200
v 0.02188700 0.09422300 0.01111200
v 0.02255100 0.09223500 0.00546200
v 0.02255100 0.09223500 0.00546200
v 0.02255100 0.09223500 0.00546200
v 0.02255100 0.09223500 0.00546200
v 0.02255100 0.09223500 0.00546200
v 0.02255100 0.09223500 0.00546200
v 0.02243600 0.09147300 0.00339400
v 0.02243600 0.09147300 0.00339400
v 0.02243600 0.09147300 0.00339400
v 0.02243600 0.09147300 0.00339400
v 0.02243600 0.09147300 0.00339400
v 0.02243600 0.09147300 0.00339400
v 0.02315800 0.09022600 0.00214400
v 0.02315800 0.09022600 0.00214400
v 0.02315800 0.09022600 0.00214400
v 0.02315800 0.09022600 0.00214400
v 0.02315800 0.09022600 0.00214400
v 0.02315800 0.09022600 0.00214400
v 0.02315800 0.09022600 0.00214400
v 0.02133300 0.09235400 0.00396400
v 0.02133300 0.09235400 0.00396400
v 0.02133300 0.09235400 0.00396400
v 0.02133300 0.09235400 0.00396400
v 0.02133300 0.09235400 0.00396400
v 0.02133300 0.09235400 0.00396400
v 0.02109300 0.09487400 0.01171500
v 0.02109300 0.09487400 0.01171500
v 0.02109300 0.09487400 0.01171500
v 0.02109300 0.09487400 0.01171500
v 0.02109300 0.09487400 0.01171500
v 0.02109300 0.09487400 0.01171500
v 0.02255200 0.09015900 0.00112300
v 0.02255200 0.09015900 0.00112300
v 0.02255200 0.09015900 0.00112300
v 0.02255200 0.09015900 0.00112300
v 0.02255200 0.09015900 0.00112300
v 0.02255200 0.09015900 0.00112300
v 0.02328400 0.08847100 -0.00041800
v 0.02328400 0.08847100 -0.00041800
v 0.02328400 0.08847100 -0.00041800
v 0.02328400 0.08847100 -0.00041800
v 0.02328400 0.08847100 -0.00041800
v 0.02328400 0.08847100 -0.00041800
v 0.02176400 0.09108500 0.00190500
v 0.02176400 0.09108500 0.00190500
v 0.02176400 0.09108500 0.00190500
v 0.02176400 0.09108500 0.00190500
v 0.02176400 0.09108500 0.00190500
v 0.02176400 0.09108500 0.00190500
v 0.02189800 0.09000500 0.00031700
v 0.02189800 0.09000500 0.00031700
v 0.02189800 0.09000500 0.00031700
v 0.02189800 0.09000500 0.00031700
v 0.02189800 0.09000500 0.00031700
v 0.02314600 0.08741700 -0.00185300
v 0.02314600 0.08741700 -0.00185300
v 0.02314600 0.08741700 -0.00185300
v 0.02314600 0.08741700 -0.00185300
v 0.02314600 0.08741700 -0.00185300
v 0.02400400 0.08654700 -0.00164200
v 0.02400400 0.08654700 -0.00164200
v 0.02400400 0.08654700 -0.00164200
v 0.02400400 0.08654700 -0.00164200
v 0.02400400 0.08654700 -0.00164200
v 0.02400400 0.08654700 -0.00164200
v 0.02068800 0.09456600 0.00959200
v 0.02068800 0.09456600 0.00959200
v 0.02068800 0.09456600 0.00959200
v 0.02068800 0.09456600 0.00959200
v 0.02068800 0.09456600 0.00959200
v 0.02068800 0.09456600 0.00959200
v 0.02350700 0.08530100 -0.00349700
v 0.02350700 0.08530100 -0.00349700
v 0.02350700 0.08530100 -0.00349700
v 0.02350700 0.08530100 -0.00349700
v 0.02350700 0.08530100 -0.00349700
v 0.02350700 0.08530100 -0.00349700
v 0.02312500 0.09214600 0.00741400
v 0.02312500 0.09214600 0.00741400
v 0.02312500 0.09214600 0.00741400
v 0.02312500 0.09214600 0.00741400
v 0.02312500 0.09214600 0.00741400
v 0.02312500 0.09214600 0.00741400
v 0.02312500 0.09214600 0.00741400
v 0.02007300 0.09565200 0.01381300
v 0.02007300 0.09565200 0.01381300
v 0.02007300 0.09565200 0.01381300
v 0.02007300 0.09565200 0.01381300
v 0.02007300 0.09565200 0.01381300
v 0.02007300 0.09565200 0.01381300
v 0.02433800 0.08399500 -0.00352200
v 0.02433800 0.08399500 -0.00352200
v 0.02433800 0.08399500 -0.00352200
v 0.02433800 0.08399500 -0.00352200
v 0.02433800 0.08399500 -0.00352200
v 0.02433800 0.08399500 -0.00352200
v 0.02369400 0.08299100 -0.00493200
v 0.02369400 0.08299100 -0.00493200
v 0.02369400 0.08299100 -0.00493200
v 0.02369400 0.08299100 -0.00493200
v 0.02369400 0.08299100 -0.00493200
v 0.02369400 0.08299100 -0.00493200
v 0.02464100 0.08106500 -0.00501400
v 0.02464100 0.08106500 -0.00501400
v 0.02464100 0.08106500 -0.00501400
v 0.02464100 0.08106500 -0.00501400
v 0.02464100 0.08106500 -0.00501400
v 0.02464100 0.08106500 -0.00501400
v 0.02216900 0.09344300 0.00846700
v 0.02216900 0.09344300 0.00846700
v 0.02216900 0.09344300 0.00846700
v 0.02216900 0.09344300 0.00846700
v 0.02216900 0.09344300 0.00846700
v 0.02216900 0.09344300 0.00846700
v 0.02371200 0.08099900 -0.00593800
v 0.02371200 0.08099900 -0.00593800
v 0.02371200 0.08099900 -0.00593800
v 0.02371200 0.08099900 -0.00593800
v 0.02371200 0.08099900 -0.00593800
v 0.02371200 0.08099900 -0.00593800
v 0.02438100 0.07891500 -0.00621600
v 0.02438100 0.07891500 -0.00621600
v 0.02438100 0.07891500 -0.00621600
v 0.02438100 0.07891500 -0.00621600
v 0.02438100 0.07891500 -0.00621600
v 0.02505800 0.07865000 -0.00556700
v 0.02505800 0.07865000 -0.00556700
v 0.02505800 0.07865000 -0.00556700
v 0.02505800 0.07865000 -0.00556700
v 0.02505800 0.07865000 -0.00556700
v 0.02505800 0.07865000 -0.00556700
v 0.02467300 0.07662000 -0.00668000
v 0.02467300 0.07662000 -0.00668000
v 0.02467300 0.07662000 -0.00668000
v 0.02467300 0.07662000 -0.00668000
v 0.02467300 0.07662000 -0.00668000
v 0.02467300 0.07662000 -0.00668000
v 0.02351400 0.07814800 -0.00705800
v 0.02351400 0.07814800 -0.00705800
v 0.02351400 0.07814800 -0.00705800
v 0.02351400 0.07814800 -0.00705800
v 0.02351400 0.07814800 -0.00705800
v 0.02351400 0.07814800 -0.00705800
v 0.02351400 0.07814800 -0.00705800
v 0.02153400 0.09387700 0.00843400
v 0.02153400 0.09387700 0.00843400
v 0.02153400 0.09387700 0.00843400
v 0.02153400 0.09387700 0.00843400
v 0.02153400 0.09387700 0.00843400
v 0.02153400 0.09387700 0.00843400
v 0.02493700 0.07486200 -0.00681000
v 0.02493700 0.07486200 -0.00681000
v 0.02493700 0.07486200 -0.00681000
v 0.02493700 0.07486200 -0.00681000
v 0.02493700 0.07486200 -0.00681000
v 0.02313900 0.09151900 0.00521600
v 0.02313900 0.09151900 0.00521600
v 0.02313900 0.09151900 0.00521600
v 0.02313900 0.09151900 0.00521600
v 0.02313900 0.09151900 0.00521600
v 0.02188000 0.09267000 0.00534000
v 0.02188000 0.09267000 0.00534000
v 0.02188000 0.09267000 0.00534000
v 0.02188000 0.09267000 0.00534000
v 0.02188000 0.09267000 0.00534000
v 0.02188000 0.09267000 0.00534000
v 0.02361500 0.08969400 0.00228600
v 0.02361500 0.08969400 0.00228600
v 0.02361500 0.08969400 0.00228600
v 0.02361500 0.08969400 0.00228600
v 0.02397200 0.08957000 0.00362400
v 0.02397200 0.08957000 0.00362400
v 0.02397200 0.08957000 0.00362400
v 0.02397200 0.08957000 0.00362400
v 0.02397200 0.08957000 0.00362400
v 0.02397200 0.08957000 0.00362400
v 0.02397200 0.08957000 0.00362400
v 0.02109300 0.09349400 0.00658800
v 0.02109300 0.09349400 0.00658800
v 0.02109300 0.09349400 0.00658800
v 0.02109300 0.09349400 0.00658800
v 0.02109300 0.09349400 0.00658800
v 0.02109300 0.09349400 0.00658800
v 0.02259300 0.08666900 -0.00302100
v 0.02259300 0.08666900 -0.00302100
v 0.02259300 0.08666900 -0.00302100
v 0.02259300 0.08666900 -0.00302100
v 0.02259300 0.08666900 -0.00302100
v 0.02259300 0.08666900 -0.00302100
v 0.02259300 0.08666900 -0.00302100
v 0.02415200 0.07495200 -0.00737700
v 0.02415200 0.07495200 -0.00737700
v 0.02415200 0.07495200 -0.00737700
v 0.02415200 0.07495200 -0.00737700
v 0.02415200 0.07495200 -0.00737700
v 0.02415200 0.07495200 -0.00737700
v 0.02415200 0.07495200 -0.00737700
v 0.02396600 0.08834400 0.00076800
v 0.02396600 0.08834400 0.00076800
v 0.02396600 0.08834400 0.00076800
v 0.02396600 0.08834400 0.00076800
v 0.02396600 0.08834400 0.00076800
v 0.02396600 0.08834400 0.00076800
v 0.02396600 0.08834400 0.00076800
v 0.02453900 0.08682500 0.00047900
v 0.02453900 0.08682500 0.00047900
v 0.02453900 0.08682500 0.00047900
v 0.02453900 0.08682500 0.00047900
v 0.02453900 0.08682500 0.00047900
v 0.02283100 0.08467400 -0.00441800
v 0.02283100 0.08467400 -0.00441800
v 0.02283100 0.08467400 -0.00441800
v 0.02283100 0.08467400 -0.00441800
v 0.02283100 0.08467400 -0.00441800
v 0.02242400 0.08326500 -0.00545700
v 0.02242400 0.08326500 -0.00545700
v 0.02242400 0.08326500 -0.00545700
v 0.02242400 0.08326500 -0.00545700
v 0.02242400 0.08326500 -0.00545700
v 0.02242400 0.08326500 -0.00545700
v 0.02242400 0.08326500 -0.00545700
v 0.02288800 0.08102100 -0.00633400
v 0.02288800 0.08102100 -0.00633400
v 0.02288800 0.08102100 -0.00633400
v 0.02288800 0.08102100 -0.00633400
v 0.02288800 0.08102100 -0.00633400
v 0.02324600 0.07647400 -0.00752700
v 0.02324600 0.07647400 -0.00752700
v 0.02324600 0.07647400 -0.00752700
v 0.02324600 0.07647400 -0.00752700
v 0.02324600 0.07647400 -0.00752700
v 0.02453600 0.08579200 -0.00130900
v 0.02453600 0.08579200 -0.00130900
v 0.02453600 0.08579200 -0.00130900
v 0.02453600 0.08579200 -0.00130900
v 0.02453600 0.08579200 -0.00130900
v 0.02453600 0.08579200 -0.00130900
v 0.02230000 0.08890800 -0.00087700
v 0.02230000 0.08890800 -0.00087700
v 0.02230000 0.08890800 -0.00087700
v 0.02230000 0.08890800 -0.00087700
v 0.02230000 0.08890800 -0.00087700
v 0.02230000 0.08890800 -0.00087700
v 0.02230000 0.08890800 -0.00087700
v 0.02205600 0.08533000 -0.00428300
v 0.02205600 0.08533000 -0.00428300
v 0.02205600 0.08533000 -0.00428300
v 0.02205600 0.08533000 -0.00428300
v 0.02205600 0.08533000 -0.00428300
v 0.02159600 0.09499800 0.01486800
v 0.02159600 0.09499800 0.01486800
v 0.02159600 0.09499800 0.01486800
v 0.02159600 0.09499800 0.01486800
v 0.02159600 0.09499800 0.01486800
v 0.02159600 0.09499800 0.01486800
v 0.02173100 0.08788700 -0.00225300
v 0.02173100 0.08788700 -0.00225300
v 0.02173100 0.08788700 -0.00225300
v 0.02173100 0.08788700 -0.00225300
v 0.02173100 0.08788700 -0.00225300
v 0.02498700 0.08216900 -0.00370400
v 0.02498700 0.08216900 -0.00370400
v 0.02498700 0.08216900 -0.00370400
v 0.02498700 0.08216900 -0.00370400
v 0.02498700 0.08216900 -0.00370400
v 0.02498700 0.08216900 -0.00370400
v 0.02498700 0.08216900 -0.00370400
v 0.02554500 0.07820200 -0.00484500
v 0.02554500 0.07820200 -0.00484500
v 0.02554500 0.07820200 -0.00484500
v 0.02554500 0.07820200 -0.00484500
v 0.02554500 0.07820200 -0.00484500
v 0.02554500 0.07820200 -0.00484500
v 0.01963700 0.09717500 0.02291700
v 0.01963700 0.09717500 0.02291700
v 0.01963700 0.09717500 0.02291700
v 0.01963700 0.09717500 0.02291700
v 0.01963700 0.09717500 0.02291700
v 0.01963700 0.09717500 0.02291700
v 0.02058800 0.09696200 0.03028000
v 0.02058800 0.09696200 0.03028000
v 0.02058800 0.09696200 0.03028000
v 0.02058800 0.09696200 0.03028000
v 0.02058800 0.09696200 0.03028000
v 0.02058800 0.09696200 0.03028000
v 0.02058800 0.09696200 0.03028000
v 0.02058800 0.09696200 0.03028000
v 0.02059400 0.09658700 0.02244100
v 0.02059400 0.09658700 0.02244100
v 0.02059400 0.09658700 0.02244100
v 0.02059400 0.09658700 0.02244100
v 0.02059400 0.09658700 0.02244100
v 0.02059400 0.09658700 0.02244100
v 0.02059400 0.09658700 0.02244100
v 0.02001600 0.09754800 0.03028100
v 0.02001600 0.09754800 0.03028100
v 0.02001600 0.09754800 0.03028100
v 0.02001600 0.09754800 0.03028100
v 0.01908500 0.09816000 0.03020800
v 0.01908500 0.09816000 0.03020800
v 0.01908500 0.09816000 0.03020800
v 0.01908500 0.09816000 0.03020800
v 0.01908500 0.09816000 0.03020800
v 0.01908500 0.09816000 0.03020800
v 0.01908500 0.09816000 0.03020800
v 0.01570600 0.10012100 0.05293600
v 0.01570600 0.10012100 0.05293600
v 0.01570600 0.10012100 0.05293600
v 0.01570600 0.10012100 0.05293600
v 0.01570600 0.10012100 0.05293600
v 0.01570600 0.10012100 0.05293600
v 0.01917900 0.09846800 0.03785400
v 0.01917900 0.09846800 0.03785400
v 0.01917900 0.09846800 0.03785400
v 0.01917900 0.09846800 0.03785400
v 0.01917900 0.09846800 0.03785400
v 0.01917900 0.09846800 0.03785400
v 0.01917900 0.09846800 0.03785400
v 0.01917900 0.09846800 0.03785400
v 0.01839100 0.09889900 0.03620800
v 0.01839100 0.09889900 0.03620800
v 0.01839100 0.09889900 0.03620800
v 0.01839100 0.09889900 0.03620800
v 0.01839100 0.09889900 0.03620800
v 0.02024500 0.09719800 0.03687500
v 0.02024500 0.09719800 0.03687500
v 0.02024500 0.09719800 0.03687500
v 0.02024500 0.09719800 0.03687500
v 0.02024500 0.09719800 0.03687500
v 0.01081300 0.10024900 0.05711300
v 0.01081300 0.10024900 0.05711300
v 0.01081300 0.10024900 0.05711300
v 0.01081300 0.10024900 0.05711300
v 0.01081300 0.10024900 0.05711300
v 0.01081300 0.10024900 0.05711300
v 0.01081300 0.10024900 0.05711300
v 0.01948000 0.09812700 0.04026000
v 0.01948000 0.09812700 0.04026000
v 0.01948000 0.09812700 0.04026000
v 0.01948000 0.09812700 0.04026000
v 0.01948000 0.09812700 0.04026000
v 0.02079200 0.09573600 0.01629700
v 0.02079200 0.09573600 0.01629700
v 0.02079200 0.09573600 0.01629700
v 0.02079200 0.09573600 0.01629700
v 0.02079200 0.09573600 0.01629700
v 0.01773500 0.09944900 0.04233700
v 0.01773500 0.09944900 0.04233700
v 0.01773500 0.09944900 0.04233700
v 0.01773500 0.09944900 0.04233700
v 0.01773500 0.09944900 0.04233700
v 0.01773500 0.09944900 0.04233700
v 0.02166300 0.09534400 0.02069300
v 0.02166300 0.09534400 0.02069300
v 0.02166300 0.09534400 0.02069300
v 0.02166300 0.09534400 0.02069300
v 0.02166300 0.09534400 0.02069300
v 0.02166300 0.09534400 0.02069300
v 0.02166300 0.09534400 0.02069300
v 0.01817700 0.09923100 0.04537500
v 0.01817700 0.09923100 0.04537500
v 0.01817700 0.09923100 0.04537500
v 0.01817700 0.09923100 0.04537500
v 0.01817700 0.09923100 0.04537500
v 0.01846200 0.09890700 0.04776000
v 0.01846200 0.09890700 0.04776000
v 0.01846200 0.09890700 0.04776000
v 0.01846200 0.09890700 0.04776000
v 0.01846200 0.09890700 0.04776000
v 0.01846200 0.09890700 0.04776000
v 0.01846200 0.09890700 0.04776000
v 0.01920200 0.09804600 0.04670300
v 0.01920200 0.09804600 0.04670300
v 0.01920200 0.09804600 0.04670300
v 0.01920200 0.09804600 0.04670300
v 0.01920200 0.09804600 0.04670300
v 0.01920200 0.09804600 0.04670300
v 0.01717600 0.09976500 0.04760000
v 0.01717600 0.09976500 0.04760000
v 0.01717600 0.09976500 0.04760000
v 0.01717600 0.09976500 0.04760000
v 0.01717600 0.09976500 0.04760000
v 0.01641700 0.09958600 0.05406800
v 0.01641700 0.09958600 0.05406800
v 0.01641700 0.09958600 0.05406800
v 0.01641700 0.09958600 0.05406800
v 0.01641700 0.09958600 0.05406800
v 0.01641700 0.09958600 0.05406800
v 0.01516700 0.09998100 0.05495400
v 0.01516700 0.09998100 0.05495400
v 0.01516700 0.09998100 0.05495400
v 0.01516700 0.09998100 0.05495400
v 0.01516700 0.09998100 0.05495400
v 0.01516700 0.09998100 0.05495400
v 0.01384400 0.10003800 0.05609200
v 0.01384400 0.10003800 0.05609200
v 0.01384400 0.10003800 0.05609200
v 0.01384400 0.10003800 0.05609200
v 0.01384400 0.10003800 0.05609200
v 0.01713500 0.09966900 0.05082100
v 0.01713500 0.09966900 0.05082100
v 0.01713500 0.09966900 0.05082100
v 0.01713500 0.09966900 0.05082100
v 0.01713500 0.09966900 0.05082100
v 0.01713500 0.09966900 0.05082100
v 0.00518500 0.10030500 0.05800700
v 0.00518500 0.10030500 0.05800700
v 0.00518500 0.10030500 0.05800700
v 0.00518500 0.10030500 0.05800700
v 0.00518500 0.10030500 0.05800700
v 0.01863700 0.09828900 0.05021000
v 0.01863700 0.09828900 0.05021000
v 0.01863700 0.09828900 0.05021000
v 0.01863700 0.09828900 0.05021000
v 0.01863700 0.09828900 0.05021000
v 0.01863700 0.09828900 0.05021000
v 0.01753800 0.09919000 0.05206300
v 0.01753800 0.09919000 0.05206300
v 0.01753800 0.09919000 0.05206300
v 0.01753800 0.09919000 0.05206300
v 0.01753800 0.09919000 0.05206300
v 0.01753800 0.09919000 0.05206300
v 0.01697000 0.09910000 0.05424100
v 0.01697000 0.09910000 0.05424100
v 0.01697000 0.09910000 0.05424100
v 0.01697000 0.09910000 0.05424100
v 0.01697000 0.09910000 0.05424100
v 0.01697000 0.09910000 0.05424100
v 0.01471200 0.08861200 0.06562500
v 0.01471200 0.08861200 0.06562500
v 0.01471200 0.08861200 0.06562500
v 0.01471200 0.08861200 0.06562500
v 0.01471200 0.08861200 0.06562500
v 0.01505500 0.09158600 0.06520700
v 0.01505500 0.09158600 0.06520700
v 0.01505500 0.09158600 0.06520700
v 0.01505500 0.09158600 0.06520700
v 0.01505500 0.09158600 0.06520700
v 0.01505500 0.09158600 0.06520700
v 0.01505500 0.09158600 0.06520700
v 0.01265300 0.09369200 0.06495900
v 0.01265300 0.09369200 0.06495900
v 0.01265300 0.09369200 0.06495900
v 0.01265300 0.09369200 0.06495900
v 0.01265300 0.09369200 0.06495900
v 0.01265300 0.09369200 0.06495900
v 0.01265300 0.09369200 0.06495900
v 0.01405500 0.09249200 0.06529800
v 0.01405500 0.09249200 0.06529800
v 0.01405500 0.09249200 0.06529800
v 0.01405500 0.09249200 0.06529800
v 0.01405500 0.09249200 0.06529800
v 0.01405500 0.09249200 0.06529800
v 0.01033200 0.09321100 0.06550500
v 0.01033200 0.09321100 0.06550500
v 0.01033200 0.09321100 0.06550500
v 0.01033200 0.09321100 0.06550500
v 0.01033200 0.09321100 0.06550500
v 0.01033200 0.09321100 0.06550500
v 0.01287400 0.09240200 0.06558000
v 0.01287400 0.09240200 0.06558000
v 0.01287400 0.09240200 0.06558000
v 0.01287400 0.09240200 0.06558000
v 0.01287400 0.09240200 0.06558000
v 0.01699000 0.08179000 0.06372000
v 0.01699000 0.08179000 0.06372000
v 0.01699000 0.08179000 0.06372000
v 0.01699000 0.08179000 0.06372000
v 0.01699000 0.08179000 0.06372000
v 0.01699000 0.08179000 0.06372000
v 0.01638800 0.08193800 0.06451600
v 0.01638800 0.08193800 0.06451600
v 0.01638800 0.08193800 0.06451600
v 0.01638800 0.08193800 0.06451600
v 0.01638800 0.08193800 0.06451600
v 0.01638800 0.08193800 0.06451600
v 0.01591100 0.08146900 0.06495200
v 0.01591100 0.08146900 0.06495200
v 0.01591100 0.08146900 0.06495200
v 0.01591100 0.08146900 0.06495200
v 0.01591100 0.08146900 0.06495200
v 0.01591100 0.08146900 0.06495200
v 0.01591100 0.08146900 0.06495200
v 0.01505000 0.08267300 0.06545800
v 0.01505000 0.08267300 0.06545800
v 0.01505000 0.08267300 0.06545800
v 0.01505000 0.08267300 0.06545800
v 0.01505000 0.08267300 0.06545800
v 0.01505000 0.08267300 0.06545800
v 0.01657000 0.09088800 0.06410000
v 0.01657000 0.09088800 0.06410000
v 0.01657000 0.09088800 0.06410000
v 0.01657000 0.09088800 0.06410000
v 0.01657000 0.09088800 0.06410000
v 0.01692500 0.08577700 0.06404500
v 0.01692500 0.08577700 0.06404500
v 0.01692500 0.08577700 0.06404500
v 0.01692500 0.08577700 0.06404500
v 0.01692500 0.08577700 0.06404500
v 0.01589400 0.09050500 0.06490900
v 0.01589400 0.09050500 0.06490900
v 0.01589400 0.09050500 0.06490900
v 0.01589400 0.09050500 0.06490900
v 0.01589400 0.09050500 0.06490900
v 0.01589400 0.09050500 0.06490900
v 0.01589400 0.09050500 0.06490900
v 0.01566300 0.08772200 0.06523300
v 0.01566300 0.08772200 0.06523300
v 0.01566300 0.08772200 0.06523300
v 0.01566300 0.08772200 0.06523300
v 0.01566300 0.08772200 0.06523300
v 0.01566300 0.08772200 0.06523300
v 0.01532500 0.08994200 0.06532700
v 0.01532500 0.08994200 0.06532700
v 0.01532500 0.08994200 0.06532700
v 0.01532500 0.08994200 0.06532700
v 0.01532500 0.08994200 0.06532700
v 0.01639900 0.08798800 0.06469200
v 0.01639900 0.08798800 0.06469200
v 0.01639900 0.08798800 0.06469200
v 0.01639900 0.08798800 0.06469200
v 0.01639900 0.08798800 0.06469200
v 0.01639900 0.08798800 0.06469200
v 0.01587100 0.09167500 0.06457900
v 0.01587100 0.09167500 0.06457900
v 0.01587100 0.09167500 0.06457900
v 0.01587100 0.09167500 0.06457900
v 0.01587100 0.09167500 0.06457900
v 0.01466900 0.09270200 0.06490900
v 0.01466900 0.09270200 0.06490900
v 0.01466900 0.09270200 0.06490900
v 0.01466900 0.09270200 0.06490900
v 0.01466900 0.09270200 0.06490900
v 0.01686400 0.08931900 0.06406500
v 0.01686400 0.08931900 0.06406500
v 0.01686400 0.08931900 0.06406500
v 0.01686400 0.08931900 0.06406500
v 0.01686400 0.08931900 0.06406500
v 0.01686400 0.08931900 0.06406500
v 0.01631000 -0.03331000 0.06460200
v 0.01631000 -0.03331000 0.06460200
v 0.01631000 -0.03331000 0.06460200
v 0.01631000 -0.03331000 0.06460200
v 0.01631000 -0.03331000 0.06460200
v 0.01631000 -0.03331000 0.06460200
v 0.01458300 -0.03430300 0.06561400
v 0.01458300 -0.03430300 0.06561400
v 0.01458300 -0.03430300 0.06561400
v 0.01458300 -0.03430300 0.06561400
v 0.01458300 -0.03430300 0.06561400
v 0.01538300 -0.02485300 0.06529000
v 0.01538300 -0.02485300 0.06529000
v 0.01538300 -0.02485300 0.06529000
v 0.01538300 -0.02485300 0.06529000
v 0.01538300 -0.02485300 0.06529000
v 0.01538300 -0.02485300 0.06529000
v 0.01696300 -0.01812700 0.06375700
v 0.01696300 -0.01812700 0.06375700
v 0.01696300 -0.01812700 0.06375700
v 0.01696300 -0.01812700 0.06375700
v 0.01696300 -0.01812700 0.06375700
v 0.01696300 -0.01812700 0.06375700
v 0.01696300 -0.01812700 0.06375700
v 0.01696300 -0.01812700 0.06375700
v 0.01696300 -0.01812700 0.06375700
v 0.01731500 -0.02000000 0.06288200
v 0.01731500 -0.02000000 0.06288200
v 0.01731500 -0.02000000 0.06288200
v 0.01731500 -0.02000000 0.06288200
v 0.01458100 0.06712400 0.06562500
v 0.01458100 0.06712400 0.06562500
v 0.01458100 0.06712400 0.06562500
v 0.01458100 0.06712400 0.06562500
v 0.01458100 0.06712400 0.06562500
v 0.01533100 0.06196200 0.06531600
v 0.01533100 0.06196200 0.06531600
v 0.01533100 0.06196200 0.06531600
v 0.01533100 0.06196200 0.06531600
v 0.01533100 0.06196200 0.06531600
v 0.01585300 -0.03474600 0.06499200
v 0.01585300 -0.03474600 0.06499200
v 0.01585300 -0.03474600 0.06499200
v 0.01585300 -0.03474600 0.06499200
v 0.01585300 -0.03474600 0.06499200
v 0.01714800 0.05355500 0.06336700
v 0.01714800 0.05355500 0.06336700
v 0.01714800 0.05355500 0.06336700
v 0.01714800 0.05355500 0.06336700
v 0.01512800 -0.06701500 0.06541500
v 0.01512800 -0.06701500 0.06541500
v 0.01512800 -0.06701500 0.06541500
v 0.01512800 -0.06701500 0.06541500
v 0.01512800 -0.06701500 0.06541500
v 0.01512800 -0.06701500 0.06541500
v 0.01680200 0.04728100 0.06399700
v 0.01680200 0.04728100 0.06399700
v 0.01680200 0.04728100 0.06399700
v 0.01680200 0.04728100 0.06399700
v 0.01680200 0.04728100 0.06399700
v 0.01680200 0.04728100 0.06399700
v 0.01680200 0.04728100 0.06399700
v 0.01618500 0.04449700 0.06471600
v 0.01618500 0.04449700 0.06471600
v 0.01618500 0.04449700 0.06471600
v 0.01618500 0.04449700 0.06471600
v 0.01618500 0.04449700 0.06471600
v 0.01618500 0.04449700 0.06471600
v 0.01618500 0.04449700 0.06471600
v 0.01651000 -0.06627200 0.06437300
v 0.01651000 -0.06627200 0.06437300
v 0.01651000 -0.06627200 0.06437300
v 0.01651000 -0.06627200 0.06437300
v 0.01651000 -0.06627200 0.06437300
v 0.01651000 -0.06627200 0.06437300
v 0.01550300 0.04270100 0.06522000
v 0.01550300 0.04270100 0.06522000
v 0.01550300 0.04270100 0.06522000
v 0.01550300 0.04270100 0.06522000
v 0.01550300 0.04270100 0.06522000
v 0.01550300 0.04270100 0.06522000
v 0.01685900 -0.07556700 0.06390700
v 0.01685900 -0.07556700 0.06390700
v 0.01685900 -0.07556700 0.06390700
v 0.01685900 -0.07556700 0.06390700
v 0.01685900 -0.07556700 0.06390700
v 0.01467500 0.04364600 0.06559000
v 0.01467500 0.04364600 0.06559000
v 0.01467500 0.04364600 0.06559000
v 0.01467500 0.04364600 0.06559000
v 0.01586300 -0.06804800 0.06498600
v 0.01586300 -0.06804800 0.06498600
v 0.01586300 -0.06804800 0.06498600
v 0.01586300 -0.06804800 0.06498600
v 0.01586300 -0.06804800 0.06498600
v 0.01586300 -0.06804800 0.06498600
v 0.01716300 -0.08074500 0.06332000
v 0.01716300 -0.08074500 0.06332000
v 0.01716300 -0.08074500 0.06332000
v 0.01716300 -0.08074500 0.06332000
v 0.01716300 -0.08074500 0.06332000
v 0.01465500 0.01112100 0.06560600
v 0.01465500 0.01112100 0.06560600
v 0.01465500 0.01112100 0.06560600
v 0.01465500 0.01112100 0.06560600
v 0.01465500 0.01112100 0.06560600
v 0.01465500 0.01112100 0.06560600
v 0.01465500 0.01112100 0.06560600
v 0.01465500 0.01112100 0.06560600
v 0.01666100 0.02990300 0.06419900
v 0.01666100 0.02990300 0.06419900
v 0.01666100 0.02990300 0.06419900
v 0.01666100 0.02990300 0.06419900
v 0.01666100 0.02990300 0.06419900
v 0.01710300 0.03484500 0.06347000
v 0.01710300 0.03484500 0.06347000
v 0.01710300 0.03484500 0.06347000
v 0.01710300 0.03484500 0.06347000
v 0.01710300 0.03484500 0.06347000
v 0.01532400 -0.08206600 0.06533400
v 0.01532400 -0.08206600 0.06533400
v 0.01532400 -0.08206600 0.06533400
v 0.01532400 -0.08206600 0.06533400
v 0.01532400 -0.08206600 0.06533400
v 0.01532400 -0.08206600 0.06533400
v 0.01625300 -0.08013200 0.06465400
v 0.01625300 -0.08013200 0.06465400
v 0.01625300 -0.08013200 0.06465400
v 0.01625300 -0.08013200 0.06465400
v 0.01625300 -0.08013200 0.06465400
v 0.01612500 -0.08367400 0.06480600
v 0.01612500 -0.08367400 0.06480600
v 0.01612500 -0.08367400 0.06480600
v 0.01612500 -0.08367400 0.06480600
v 0.01612500 -0.08367400 0.06480600
v 0.01612500 -0.08367400 0.06480600
v 0.01612500 -0.08367400 0.06480600
v 0.01670300 -0.08151400 0.06415000
v 0.01670300 -0.08151400 0.06415000
v 0.01670300 -0.08151400 0.06415000
v 0.01670300 -0.08151400 0.06415000
v 0.01670300 -0.08151400 0.06415000
v 0.01670300 -0.08151400 0.06415000
v 0.01554900 0.01232900 0.06519200
v 0.01554900 0.01232900 0.06519200
v 0.01554900 0.01232900 0.06519200
v 0.01554900 0.01232900 0.06519200
v 0.01554900 0.01232900 0.06519200
v 0.01554900 0.01232900 0.06519200
v 0.01629700 -0.00743700 0.06460400
v 0.01629700 -0.00743700 0.06460400
v 0.01629700 -0.00743700 0.06460400
v 0.01629700 -0.00743700 0.06460400
v 0.01629700 -0.00743700 0.06460400
v 0.01629700 -0.00743700 0.06460400
v 0.01495500 -0.00374300 0.06548800
v 0.01495500 -0.00374300 0.06548800
v 0.01495500 -0.00374300 0.06548800
v 0.01495500 -0.00374300 0.06548800
v 0.01495500 -0.00374300 0.06548800
v 0.01578900 -0.00754000 0.06504100
v 0.01578900 -0.00754000 0.06504100
v 0.01578900 -0.00754000 0.06504100
v 0.01578900 -0.00754000 0.06504100
v 0.01578900 -0.00754000 0.06504100
v 0.01494900 -0.08867600 0.06550300
v 0.01494900 -0.08867600 0.06550300
v 0.01494900 -0.08867600 0.06550300
v 0.01494900 -0.08867600 0.06550300
v 0.01494900 -0.08867600 0.06550300
v 0.01494900 -0.08867600 0.06550300
v 0.01676600 -0.08659200 0.06417500
v 0.01676600 -0.08659200 0.06417500
v 0.01676600 -0.08659200 0.06417500
v 0.01676600 -0.08659200 0.06417500
v 0.01676600 -0.08659200 0.06417500
v 0.01731800 -0.08612400 0.06321300
v 0.01731800 -0.08612400 0.06321300
v 0.01731800 -0.08612400 0.06321300
v 0.01731800 -0.08612400 0.06321300
v 0.01731800 -0.08612400 0.06321300
v 0.01731800 -0.08612400 0.06321300
v 0.01731800 -0.08612400 0.06321300
v 0.01731800 -0.08612400 0.06321300
v 0.01575300 -0.08683900 0.06512300
v 0.01575300 -0.08683900 0.06512300
v 0.01575300 -0.08683900 0.06512300
v 0.01575300 -0.08683900 0.06512300
v 0.01575300 -0.08683900 0.06512300
v 0.01623800 -0.08888700 0.06466300
v 0.01623800 -0.08888700 0.06466300
v 0.01623800 -0.08888700 0.06466300
v 0.01623800 -0.08888700 0.06466300
v 0.01623800 -0.08888700 0.06466300
v 0.01623800 -0.08888700 0.06466300
v 0.01690800 -0.08884000 0.06382000
v 0.01690800 -0.08884000 0.06382000
v 0.01690800 -0.08884000 0.06382000
v 0.01690800 -0.08884000 0.06382000
v 0.01690800 -0.08884000 0.06382000
v 0.01690800 -0.08884000 0.06382000
v 0.01558000 -0.09015800 0.06506700
v 0.01558000 -0.09015800 0.06506700
v 0.01558000 -0.09015800 0.06506700
v 0.01558000 -0.09015800 0.06506700
v 0.01558000 -0.09015800 0.06506700
v 0.01558000 -0.09015800 0.06506700
v 0.01380300 -0.09166900 0.06558000
v 0.01380300 -0.09166900 0.06558000
v 0.01380300 -0.09166900 0.06558000
v 0.01380300 -0.09166900 0.06558000
v 0.01380300 -0.09166900 0.06558000
v 0.01485000 -0.09138500 0.06527700
v 0.01485000 -0.09138500 0.06527700
v 0.01485000 -0.09138500 0.06527700
v 0.01485000 -0.09138500 0.06527700
v 0.01485000 -0.09138500 0.06527700
v 0.01485000 -0.09138500 0.06527700
v 0.01485000 -0.09138500 0.06527700
v 0.01243200 -0.09284000 0.06544700
v 0.01243200 -0.09284000 0.06544700
v 0.01243200 -0.09284000 0.06544700
v 0.01243200 -0.09284000 0.06544700
v 0.01243200 -0.09284000 0.06544700
v 0.01243200 -0.09284000 0.06544700
v 0.01243200 -0.09284000 0.06544700
v 0.01421800 -0.09237000 0.06521900
v 0.01421800 -0.09237000 0.06521900
v 0.01421800 -0.09237000 0.06521900
v 0.01421800 -0.09237000 0.06521900
v 0.01421800 -0.09237000 0.06521900
v 0.01421800 -0.09237000 0.06521900
v 0.01575300 -0.09148100 0.06460400
v 0.01575300 -0.09148100 0.06460400
v 0.01575300 -0.09148100 0.06460400
v 0.01575300 -0.09148100 0.06460400
v 0.01575300 -0.09148100 0.06460400
v 0.01575300 -0.09148100 0.06460400
v 0.01508100 -0.09226900 0.06480400
v 0.01508100 -0.09226900 0.06480400
v 0.01508100 -0.09226900 0.06480400
v 0.01508100 -0.09226900 0.06480400
v 0.01508100 -0.09226900 0.06480400
v 0.00971400 -0.09273400 0.06567200
v 0.00971400 -0.09273400 0.06567200
v 0.00971400 -0.09273400 0.06567200
v 0.00971400 -0.09273400 0.06567200
v 0.00971400 -0.09273400 0.06567200
v 0.01642900 -0.09007800 0.06428600
v 0.01642900 -0.09007800 0.06428600
v 0.01642900 -0.09007800 0.06428600
v 0.01642900 -0.09007800 0.06428600
v 0.01642900 -0.09007800 0.06428600
v 0.01642900 -0.09007800 0.06428600
v 0.01665000 -0.07374700 -0.00652900
v 0.01665000 -0.07374700 -0.00652900
v 0.01665000 -0.07374700 -0.00652900
v 0.01665000 -0.07374700 -0.00652900
v 0.01665000 -0.07374700 -0.00652900
v 0.01665000 -0.07374700 -0.00652900
v 0.01665000 -0.07374700 -0.00652900
v 0.01665000 -0.07374700 -0.00652900
v 0.01600000 -0.02838800 -0.00730100
v 0.01600000 -0.02838800 -0.00730100
v 0.01600000 -0.02838800 -0.00730100
v 0.01600000 -0.02838800 -0.00730100
v 0.01600000 -0.02838800 -0.00730100
v 0.01578400 -0.07313800 -0.00744800
v 0.01578400 -0.07313800 -0.00744800
v 0.01578400 -0.07313800 -0.00744800
v 0.01578400 -0.07313800 -0.00744800
v 0.01578400 -0.07313800 -0.00744800
v 0.01578400 -0.07313800 -0.00744800
v 0.01490000 -0.02972500 -0.00798100
v 0.01490000 -0.02972500 -0.00798100
v 0.01490000 -0.02972500 -0.00798100
v 0.01490000 -0.02972500 -0.00798100
v 0.01490000 -0.02972500 -0.00798100
v 0.01490000 -0.02972500 -0.00798100
v 0.01490000 -0.02972500 -0.00798100
v 0.01493900 -0.07361100 -0.00792400
v 0.01493900 -0.07361100 -0.00792400
v 0.01493900 -0.07361100 -0.00792400
v 0.01493900 -0.07361100 -0.00792400
v 0.01493900 -0.07361100 -0.00792400
v 0.01379200 -0.03052800 -0.00825100
v 0.01379200 -0.03052800 -0.00825100
v 0.01379200 -0.03052800 -0.00825100
v 0.01379200 -0.03052800 -0.00825100
v 0.01379200 -0.03052800 -0.00825100
v 0.01497500 -0.07693200 -0.00766500
v 0.01497500 -0.07693200 -0.00766500
v 0.01497500 -0.07693200 -0.00766500
v 0.01497500 -0.07693200 -0.00766500
v 0.01497500 -0.07693200 -0.00766500
v 0.01497500 -0.07693200 -0.00766500
v 0.01514300 -0.07947500 -0.00721900
v 0.01514300 -0.07947500 -0.00721900
v 0.01514300 -0.07947500 -0.00721900
v 0.01514300 -0.07947500 -0.00721900
v 0.01514300 -0.07947500 -0.00721900
v 0.01665400 -0.08196700 -0.00494400
v 0.01665400 -0.08196700 -0.00494400
v 0.01665400 -0.08196700 -0.00494400
v 0.01665400 -0.08196700 -0.00494400
v 0.01665400 -0.08196700 -0.00494400
v 0.01665400 -0.08196700 -0.00494400
v 0.01665400 -0.08196700 -0.00494400
v 0.01670700 -0.07841000 -0.00582600
v 0.01670700 -0.07841000 -0.00582600
v 0.01670700 -0.07841000 -0.00582600
v 0.01670700 -0.07841000 -0.00582600
v 0.01670700 -0.07841000 -0.00582600
v 0.01670700 -0.07841000 -0.00582600
v 0.01601000 -0.08008600 -0.00643600
v 0.01601000 -0.08008600 -0.00643600
v 0.01601000 -0.08008600 -0.00643600
v 0.01601000 -0.08008600 -0.00643600
v 0.01601000 -0.08008600 -0.00643600
v 0.01601000 -0.08008600 -0.00643600
v 0.01601000 -0.08008600 -0.00643600
v 0.01601000 -0.08008600 -0.00643600
v 0.01576500 -0.07676800 -0.00719900
v 0.01576500 -0.07676800 -0.00719900
v 0.01576500 -0.07676800 -0.00719900
v 0.01576500 -0.07676800 -0.00719900
v 0.01576500 -0.07676800 -0.00719900
v 0.01576500 -0.07676800 -0.00719900
v 0.01636800 -0.07686100 -0.00657100
v 0.01636800 -0.07686100 -0.00657100
v 0.01636800 -0.07686100 -0.00657100
v 0.01636800 -0.07686100 -0.00657100
v 0.01496000 -0.09428900 0.00839600
v 0.01496000 -0.09428900 0.00839600
v 0.01496000 -0.09428900 0.00839600
v 0.01496000 -0.09428900 0.00839600
v 0.01496000 -0.09428900 0.00839600
v 0.01496000 -0.09428900 0.00839600
v 0.01496000 -0.09428900 0.00839600
v 0.01538600 -0.09530800 0.01359100
v 0.01538600 -0.09530800 0.01359100
v 0.01538600 -0.09530800 0.01359100
v 0.01538600 -0.09530800 0.01359100
v 0.01538600 -0.09530800 0.01359100
v 0.01538600 -0.09530800 0.01359100
v 0.01539600 -0.09435200 0.00960400
v 0.01539600 -0.09435200 0.00960400
v 0.01539600 -0.09435200 0.00960400
v 0.01539600 -0.09435200 0.00960400
v 0.01632000 -0.09446600 0.01311200
v 0.01632000 -0.09446600 0.01311200
v 0.01632000 -0.09446600 0.01311200
v 0.01632000 -0.09446600 0.01311200
v 0.01632000 -0.09446600 0.01311200
v 0.01632000 -0.09446600 0.01311200
v 0.01632000 -0.09446600 0.01311200
v 0.01672000 -0.09273000 0.00860400
v 0.01672000 -0.09273000 0.00860400
v 0.01672000 -0.09273000 0.00860400
v 0.01672000 -0.09273000 0.00860400
v 0.01672000 -0.09273000 0.00860400
v 0.01672000 -0.09273000 0.00860400
v 0.01593800 -0.09345200 0.00782200
v 0.01593800 -0.09345200 0.00782200
v 0.01593800 -0.09345200 0.00782200
v 0.01593800 -0.09345200 0.00782200
v 0.01593800 -0.09345200 0.00782200
v 0.01593800 -0.09345200 0.00782200
v 0.01453100 -0.09241300 0.00268200
v 0.01453100 -0.09241300 0.00268200
v 0.01453100 -0.09241300 0.00268200
v 0.01453100 -0.09241300 0.00268200
v 0.01453100 -0.09241300 0.00268200
v 0.01453100 -0.09241300 0.00268200
v 0.01485500 -0.09150600 0.00119600
v 0.01485500 -0.09150600 0.00119600
v 0.01485500 -0.09150600 0.00119600
v 0.01485500 -0.09150600 0.00119600
v 0.01485500 -0.09150600 0.00119600
v 0.01475700 -0.09051200 -0.00052600
v 0.01475700 -0.09051200 -0.00052600
v 0.01475700 -0.09051200 -0.00052600
v 0.01475700 -0.09051200 -0.00052600
v 0.01475700 -0.09051200 -0.00052600
v 0.01475700 -0.09051200 -0.00052600
v 0.01459500 -0.08903900 -0.00248100
v 0.01459500 -0.08903900 -0.00248100
v 0.01459500 -0.08903900 -0.00248100
v 0.01459500 -0.08903900 -0.00248100
v 0.01459500 -0.08903900 -0.00248100
v 0.01459500 -0.08903900 -0.00248100
v 0.01459500 -0.08903900 -0.00248100
v 0.01518700 -0.08800300 -0.00308000
v 0.01518700 -0.08800300 -0.00308000
v 0.01518700 -0.08800300 -0.00308000
v 0.01518700 -0.08800300 -0.00308000
v 0.01518700 -0.08800300 -0.00308000
v 0.01499000 -0.08713900 -0.00398500
v 0.01499000 -0.08713900 -0.00398500
v 0.01499000 -0.08713900 -0.00398500
v 0.01499000 -0.08713900 -0.00398500
v 0.01499000 -0.08713900 -0.00398500
v 0.01499000 -0.08713900 -0.00398500
v 0.01490300 -0.09322600 0.00508500
v 0.01490300 -0.09322600 0.00508500
v 0.01490300 -0.09322600 0.00508500
v 0.01490300 -0.09322600 0.00508500
v 0.01490300 -0.09322600 0.00508500
v 0.01490300 -0.09322600 0.00508500
v 0.01453100 -0.08592400 -0.00508500
v 0.01453100 -0.08592400 -0.00508500
v 0.01453100 -0.08592400 -0.00508500
v 0.01453100 -0.08592400 -0.00508500
v 0.01453100 -0.08592400 -0.00508500
v 0.01532600 -0.08516100 -0.00504800
v 0.01532600 -0.08516100 -0.00504800
v 0.01532600 -0.08516100 -0.00504800
v 0.01532600 -0.08516100 -0.00504800
v 0.01532600 -0.08516100 -0.00504800
v 0.01569100 -0.09281100 0.00531700
v 0.01569100 -0.09281100 0.00531700
v 0.01569100 -0.09281100 0.00531700
v 0.01569100 -0.09281100 0.00531700
v 0.01569100 -0.09281100 0.00531700
v 0.01487500 -0.08401000 -0.00596000
v 0.01487500 -0.08401000 -0.00596000
v 0.01487500 -0.08401000 -0.00596000
v 0.01487500 -0.08401000 -0.00596000
v 0.01487500 -0.08401000 -0.00596000
v 0.01487500 -0.08401000 -0.00596000
v 0.01487500 -0.08401000 -0.00596000
v 0.01583700 -0.08595100 -0.00408300
v 0.01583700 -0.08595100 -0.00408300
v 0.01583700 -0.08595100 -0.00408300
v 0.01583700 -0.08595100 -0.00408300
v 0.01583700 -0.08595100 -0.00408300
v 0.01583700 -0.08595100 -0.00408300
v 0.01632000 -0.08510800 -0.00400800
v 0.01632000 -0.08510800 -0.00400800
v 0.01632000 -0.08510800 -0.00400800
v 0.01632000 -0.08510800 -0.00400800
v 0.01632000 -0.08510800 -0.00400800
v 0.01632000 -0.08510800 -0.00400800
v 0.01632000 -0.08510800 -0.00400800
v 0.01391500 -0.08247600 -0.00690400
v 0.01391500 -0.08247600 -0.00690400
v 0.01391500 -0.08247600 -0.00690400
v 0.01391500 -0.08247600 -0.00690400
v 0.01391500 -0.08247600 -0.00690400
v 0.01391500 -0.08247600 -0.00690400
v 0.01391500 -0.08247600 -0.00690400
v 0.01576700 -0.08319300 -0.00566000
v 0.01576700 -0.08319300 -0.00566000
v 0.01576700 -0.08319300 -0.00566000
v 0.01576700 -0.08319300 -0.00566000
v 0.01576700 -0.08319300 -0.00566000
v 0.01576700 -0.08319300 -0.00566000
v 0.01576700 -0.08319300 -0.00566000
v 0.01606800 -0.09196300 0.00408700
v 0.01606800 -0.09196300 0.00408700
v 0.01606800 -0.09196300 0.00408700
v 0.01606800 -0.09196300 0.00408700
v 0.01606800 -0.09196300 0.00408700
v 0.01606800 -0.09196300 0.00408700
v 0.01606800 -0.09196300 0.00408700
v 0.01668800 -0.08475900 -0.00344600
v 0.01668800 -0.08475900 -0.00344600
v 0.01668800 -0.08475900 -0.00344600
v 0.01668800 -0.08475900 -0.00344600
v 0.01668800 -0.08475900 -0.00344600
v 0.01489200 -0.08163200 -0.00681000
v 0.01489200 -0.08163200 -0.00681000
v 0.01489200 -0.08163200 -0.00681000
v 0.01489200 -0.08163200 -0.00681000
v 0.01489200 -0.08163200 -0.00681000
v 0.01489200 -0.08163200 -0.00681000
v 0.01423500 -0.07974400 -0.00753500
v 0.01423500 -0.07974400 -0.00753500
v 0.01423500 -0.07974400 -0.00753500
v 0.01423500 -0.07974400 -0.00753500
v 0.01423500 -0.07974400 -0.00753500
v 0.01423500 -0.07974400 -0.00753500
v 0.01662700 -0.09114300 0.00403600
v 0.01662700 -0.09114300 0.00403600
v 0.01662700 -0.09114300 0.00403600
v 0.01662700 -0.09114300 0.00403600
v 0.01662700 -0.09114300 0.00403600
v 0.01662700 -0.09114300 0.00403600
v 0.01662700 -0.09114300 0.00403600
v 0.01524700 -0.09226200 0.00320100
v 0.01524700 -0.09226200 0.00320100
v 0.01524700 -0.09226200 0.00320100
v 0.01524700 -0.09226200 0.00320100
v 0.01524700 -0.09226200 0.00320100
v 0.01524700 -0.09226200 0.00320100
v 0.01499600 -0.09638500 0.01807000
v 0.01499600 -0.09638500 0.01807000
v 0.01499600 -0.09638500 0.01807000
v 0.01499600 -0.09638500 0.01807000
v 0.01499600 -0.09638500 0.01807000
v 0.01499600 -0.09638500 0.01807000
v 0.01561900 -0.09069100 0.00072400
v 0.01561900 -0.09069100 0.00072400
v 0.01561900 -0.09069100 0.00072400
v 0.01561900 -0.09069100 0.00072400
v 0.01561900 -0.09069100 0.00072400
v 0.01561900 -0.09069100 0.00072400
v 0.01561900 -0.09069100 0.00072400
v 0.01613700 -0.09032000 0.00107300
v 0.01613700 -0.09032000 0.00107300
v 0.01613700 -0.09032000 0.00107300
v 0.01613700 -0.09032000 0.00107300
v 0.01613700 -0.09032000 0.00107300
v 0.01626900 -0.08234400 -0.00538700
v 0.01626900 -0.08234400 -0.00538700
v 0.01626900 -0.08234400 -0.00538700
v 0.01626900 -0.08234400 -0.00538700
v 0.01659900 -0.08928600 0.00068900
v 0.01659900 -0.08928600 0.00068900
v 0.01659900 -0.08928600 0.00068900
v 0.01659900 -0.08928600 0.00068900
v 0.01659900 -0.08928600 0.00068900
v 0.01659900 -0.08928600 0.00068900
v 0.01554200 -0.08895100 -0.00173900
v 0.01554200 -0.08895100 -0.00173900
v 0.01554200 -0.08895100 -0.00173900
v 0.01554200 -0.08895100 -0.00173900
v 0.01554200 -0.08895100 -0.00173900
v 0.01554200 -0.08895100 -0.00173900
v 0.01611500 -0.08858700 -0.00133800
v 0.01611500 -0.08858700 -0.00133800
v 0.01611500 -0.08858700 -0.00133800
v 0.01611500 -0.08858700 -0.00133800
v 0.01611500 -0.08858700 -0.00133800
v 0.01611500 -0.08858700 -0.00133800
v 0.01660900 -0.08713100 -0.00183300
v 0.01660900 -0.08713100 -0.00183300
v 0.01660900 -0.08713100 -0.00183300
v 0.01660900 -0.08713100 -0.00183300
v 0.01660900 -0.08713100 -0.00183300
v 0.01660900 -0.08713100 -0.00183300
v 0.01602800 -0.08746800 -0.00263100
v 0.01602800 -0.08746800 -0.00263100
v 0.01602800 -0.08746800 -0.00263100
v 0.01602800 -0.08746800 -0.00263100
v 0.01602800 -0.08746800 -0.00263100
v 0.01602800 -0.08746800 -0.00263100
v 0.01656600 -0.09581200 0.02144700
v 0.01656600 -0.09581200 0.02144700
v 0.01656600 -0.09581200 0.02144700
v 0.01656600 -0.09581200 0.02144700
v 0.01656600 -0.09581200 0.02144700
v 0.01656600 -0.09581200 0.02144700
v 0.01698600 -0.09515800 0.02162800
v 0.01698600 -0.09515800 0.02162800
v 0.01698600 -0.09515800 0.02162800
v 0.01698600 -0.09515800 0.02162800
v 0.01538300 -0.09762300 0.02645700
v 0.01538300 -0.09762300 0.02645700
v 0.01538300 -0.09762300 0.02645700
v 0.01538300 -0.09762300 0.02645700
v 0.01538300 -0.09762300 0.02645700
v 0.01538300 -0.09762300 0.02645700
v 0.01590500 -0.09639900 0.02111600
v 0.01590500 -0.09639900 0.02111600
v 0.01590500 -0.09639900 0.02111600
v 0.01590500 -0.09639900 0.02111600
v 0.01590500 -0.09639900 0.02111600
v 0.01590500 -0.09639900 0.02111600
v 0.01686400 -0.09701000 0.03179200
v 0.01686400 -0.09701000 0.03179200
v 0.01686400 -0.09701000 0.03179200
v 0.01686400 -0.09701000 0.03179200
v 0.01686400 -0.09701000 0.03179200
v 0.01686400 -0.09701000 0.03179200
v 0.01471600 -0.09760900 0.02458200
v 0.01471600 -0.09760900 0.02458200
v 0.01471600 -0.09760900 0.02458200
v 0.01471600 -0.09760900 0.02458200
v 0.01471600 -0.09760900 0.02458200
v 0.01616900 -0.09758800 0.03019700
v 0.01616900 -0.09758800 0.03019700
v 0.01616900 -0.09758800 0.03019700
v 0.01616900 -0.09758800 0.03019700
v 0.01616900 -0.09758800 0.03019700
v 0.01616900 -0.09758800 0.03019700
v 0.01472600 -0.09857300 0.03138500
v 0.01472600 -0.09857300 0.03138500
v 0.01472600 -0.09857300 0.03138500
v 0.01472600 -0.09857300 0.03138500
v 0.01472600 -0.09857300 0.03138500
v 0.01674400 -0.09872800 0.05221800
v 0.01674400 -0.09872800 0.05221800
v 0.01674400 -0.09872800 0.05221800
v 0.01674400 -0.09872800 0.05221800
v 0.01674400 -0.09872800 0.05221800
v 0.01674400 -0.09872800 0.05221800
v 0.01639500 -0.09815900 0.03639100
v 0.01639500 -0.09815900 0.03639100
v 0.01639500 -0.09815900 0.03639100
v 0.01639500 -0.09815900 0.03639100
v 0.01639500 -0.09815900 0.03639100
v 0.01639500 -0.09815900 0.03639100
v 0.01451700 -0.10017500 0.05252100
v 0.01451700 -0.10017500 0.05252100
v 0.01451700 -0.10017500 0.05252100
v 0.01451700 -0.10017500 0.05252100
v 0.01451700 -0.10017500 0.05252100
v 0.01529000 -0.09878100 0.03501100
v 0.01529000 -0.09878100 0.03501100
v 0.01529000 -0.09878100 0.03501100
v 0.01529000 -0.09878100 0.03501100
v 0.01529000 -0.09878100 0.03501100
v 0.01529000 -0.09878100 0.03501100
v 0.01529000 -0.09878100 0.03501100
v 0.01703900 -0.09789100 0.04178800
v 0.01703900 -0.09789100 0.04178800
v 0.01703900 -0.09789100 0.04178800
v 0.01703900 -0.09789100 0.04178800
v 0.01703900 -0.09789100 0.04178800
v 0.01703900 -0.09789100 0.04178800
v 0.01562100 -0.09923900 0.04171700
v 0.01562100 -0.09923900 0.04171700
v 0.01562100 -0.09923900 0.04171700
v 0.01562100 -0.09923900 0.04171700
v 0.01562100 -0.09923900 0.04171700
v 0.01631300 -0.09898700 0.04460700
v 0.01631300 -0.09898700 0.04460700
v 0.01631300 -0.09898700 0.04460700
v 0.01631300 -0.09898700 0.04460700
v 0.01631300 -0.09898700 0.04460700
v 0.01631300 -0.09898700 0.04460700
v 0.01452700 -0.09970300 0.04198500
v 0.01452700 -0.09970300 0.04198500
v 0.01452700 -0.09970300 0.04198500
v 0.01452700 -0.09970300 0.04198500
v 0.01452700 -0.09970300 0.04198500
v 0.01452700 -0.09970300 0.04198500
v 0.01452700 -0.09970300 0.04198500
v 0.01712800 -0.09832100 0.04919200
v 0.01712800 -0.09832100 0.04919200
v 0.01712800 -0.09832100 0.04919200
v 0.01712800 -0.09832100 0.04919200
v 0.01712800 -0.09832100 0.04919200
v 0.01712800 -0.09832100 0.04919200
v 0.01712800 -0.09832100 0.04919200
v 0.01596600 -0.09946500 0.05287100
v 0.01596600 -0.09946500 0.05287100
v 0.01596600 -0.09946500 0.05287100
v 0.01596600 -0.09946500 0.05287100
v 0.01596600 -0.09946500 0.05287100
v 0.01596600 -0.09946500 0.05287100
v 0.01527800 -0.09991800 0.05254600
v 0.01527800 -0.09991800 0.05254600
v 0.01527800 -0.09991800 0.05254600
v 0.01527800 -0.09991800 0.05254600
v 0.01527800 -0.09991800 0.05254600
v 0.01527800 -0.09991800 0.05254600
v 0.01626100 -0.09903200 0.05392800
v 0.01626100 -0.09903200 0.05392800
v 0.01626100 -0.09903200 0.05392800
v 0.01626100 -0.09903200 0.05392800
v 0.01626100 -0.09903200 0.05392800
v 0.01534700 -0.09957100 0.05494000
v 0.01534700 -0.09957100 0.05494000
v 0.01534700 -0.09957100 0.05494000
v 0.01534700 -0.09957100 0.05494000
v 0.01534700 -0.09957100 0.05494000
v 0.01534700 -0.09957100 0.05494000
v 0.01576900 -0.09962100 0.04860100
v 0.01576900 -0.09962100 0.04860100
v 0.01576900 -0.09962100 0.04860100
v 0.01576900 -0.09962100 0.04860100
v 0.01576900 -0.09962100 0.04860100
v 0.01576900 -0.09962100 0.04860100
v 0.01576900 -0.09962100 0.04860100
v 0.01471300 -0.10005000 0.04882200
v 0.01471300 -0.10005000 0.04882200
v 0.01471300 -0.10005000 0.04882200
v 0.01471300 -0.10005000 0.04882200
v 0.01471300 -0.10005000 0.04882200
v 0.01662200 -0.09895300 0.05023400
v 0.01662200 -0.09895300 0.05023400
v 0.01662200 -0.09895300 0.05023400
v 0.01662200 -0.09895300 0.05023400
v 0.01662200 -0.09895300 0.05023400
v 0.01254300 -0.10005200 0.05682700
v 0.01254300 -0.10005200 0.05682700
v 0.01254300 -0.10005200 0.05682700
v 0.01254300 -0.10005200 0.05682700
v 0.01254300 -0.10005200 0.05682700
v 0.01254300 -0.10005200 0.05682700
v 0.01298100 -0.10026500 0.05575100
v 0.01298100 -0.10026500 0.05575100
v 0.01298100 -0.10026500 0.05575100
v 0.01298100 -0.10026500 0.05575100
v 0.01298100 -0.10026500 0.05575100
v 0.00577900 -0.10024200 0.05816100
v 0.00577900 -0.10024200 0.05816100
v 0.00577900 -0.10024200 0.05816100
v 0.00577900 -0.10024200 0.05816100
v 0.00577900 -0.10024200 0.05816100
v 0.01448700 -0.10003500 0.05489200
v 0.01448700 -0.10003500 0.05489200
v 0.01448700 -0.10003500 0.05489200
v 0.01448700 -0.10003500 0.05489200
v 0.01448700 -0.10003500 0.05489200
v 0.01448700 -0.10003500 0.05489200
v 0.01448700 -0.10003500 0.05489200
v 0.01394400 -0.09985600 0.05620800
v 0.01394400 -0.09985600 0.05620800
v 0.01394400 -0.09985600 0.05620800
v 0.01394400 -0.09985600 0.05620800
v 0.01394400 -0.09985600 0.05620800
v 0.01525500 -0.07075300 0.01761800
v 0.01525500 -0.07075300 0.01761800
v 0.01525500 -0.07075300 0.01761800
v 0.01736600 -0.07195100 0.02173100
v 0.01736600 -0.07195100 0.02173100
v 0.01736600 -0.07195100 0.02173100
v 0.01736600 -0.07195100 0.02173100
v 0.01736600 -0.07195100 0.02173100
v 0.01736600 -0.07195100 0.02173100
v 0.00153400 -0.09950400 0.01012200
v 0.00153400 -0.09950400 0.01012200
v 0.00153400 -0.09950400 0.01012200
v 0.00153400 -0.09950400 0.01012200
v 0.00153400 -0.09950400 0.01012200
v 0.00153400 -0.09950400 0.01012200
v 0.00102600 -0.09884000 0.01056600
v 0.00102600 -0.09884000 0.01056600
v 0.00102600 -0.09884000 0.01056600
v 0.00102600 -0.09884000 0.01056600
v 0.00102600 -0.09884000 0.01056600
v 0.00102600 -0.09884000 0.01056600
v 0.00059300 -0.09863500 0.01050200
v 0.00059300 -0.09863500 0.01050200
v 0.00059300 -0.09863500 0.01050200
v 0.00059300 -0.09863500 0.01050200
v 0.00183300 -0.10032500 0.00944900
v 0.00183300 -0.10032500 0.00944900
v 0.00183300 -0.10032500 0.00944900
v 0.00183300 -0.10032500 0.00944900
v 0.00183300 -0.10032500 0.00944900
v 0.00183300 -0.10032500 0.00944900
v 0.00183300 -0.10032500 0.00944900
v 0.00197500 -0.09983000 0.01168000
v 0.00197500 -0.09983000 0.01168000
v 0.00197500 -0.09983000 0.01168000
v 0.00197500 -0.09983000 0.01168000
v 0.00197500 -0.09983000 0.01168000
v 0.00197500 -0.09983000 0.01168000
v 0.00051800 -0.09765200 0.01208100
v 0.00051800 -0.09765200 0.01208100
v 0.00051800 -0.09765200 0.01208100
v 0.00051800 -0.09765200 0.01208100
v 0.00051800 -0.09765200 0.01208100
v 0.00051800 -0.09765200 0.01208100
v 0.00051800 -0.09765200 0.01208100
v 0.00176700 -0.09879000 0.01216800
v 0.00176700 -0.09879000 0.01216800
v 0.00176700 -0.09879000 0.01216800
v 0.00176700 -0.09879000 0.01216800
v 0.00176700 -0.09879000 0.01216800
v 0.00176700 -0.09879000 0.01216800
v 0.00176700 -0.09879000 0.01216800
v 0.00118700 -0.09792000 0.01224900
v 0.00118700 -0.09792000 0.01224900
v 0.00118700 -0.09792000 0.01224900
v 0.00118700 -0.09792000 0.01224900
v 0.00118700 -0.09792000 0.01224900
v 0.00118700 -0.09792000 0.01224900
v 0.00103600 -0.10026300 0.00540100
v 0.00103600 -0.10026300 0.00540100
v 0.00103600 -0.10026300 0.00540100
v 0.00103600 -0.10026300 0.00540100
v 0.00146300 -0.10056400 0.00609600
v 0.00146300 -0.10056400 0.00609600
v 0.00146300 -0.10056400 0.00609600
v 0.00146300 -0.10056400 0.00609600
v 0.00146300 -0.10056400 0.00609600
v 0.00146300 -0.10056400 0.00609600
v 0.00146300 -0.10056400 0.00609600
v 0.00177700 -0.10100300 0.00617700
v 0.00177700 -0.10100300 0.00617700
v 0.00177700 -0.10100300 0.00617700
v 0.00177700 -0.10100300 0.00617700
v 0.00177700 -0.10100300 0.00617700
v 0.00102000 -0.10005400 0.00694300
v 0.00102000 -0.10005400 0.00694300
v 0.00102000 -0.10005400 0.00694300
v 0.00102000 -0.10005400 0.00694300
v 0.00102000 -0.10005400 0.00694300
v 0.00102000 -0.10005400 0.00694300
v 0.00099900 -0.09639000 0.01389900
v 0.00099900 -0.09639000 0.01389900
v 0.00099900 -0.09639000 0.01389900
v 0.00099900 -0.09639000 0.01389900
v 0.00099900 -0.09639000 0.01389900
v 0.00099900 -0.09639000 0.01389900
v 0.00099900 -0.09639000 0.01389900
v 0.00145300 -0.09654800 0.01425500
v 0.00145300 -0.09654800 0.01425500
v 0.00145300 -0.09654800 0.01425500
v 0.00145300 -0.09654800 0.01425500
v 0.00145300 -0.09654800 0.01425500
v 0.00145300 -0.09654800 0.01425500
v 0.00145300 -0.09654800 0.01425500
v 0.00052300 -0.09938200 0.00871000
v 0.00052300 -0.09938200 0.00871000
v 0.00052300 -0.09938200 0.00871000
v 0.00052300 -0.09938200 0.00871000
v 0.00052300 -0.09938200 0.00871000
v 0.00052300 -0.09938200 0.00871000
v 0.00177700 -0.09684700 0.01460500
v 0.00177700 -0.09684700 0.01460500
v 0.00177700 -0.09684700 0.01460500
v 0.00177700 -0.09684700 0.01460500
v 0.00177700 -0.09684700 0.01460500
v 0.00177700 -0.09684700 0.01460500
v 0.00102000 -0.09967500 0.00847700
v 0.00102000 -0.09967500 0.00847700
v 0.00102000 -0.09967500 0.00847700
v 0.00102000 -0.09967500 0.00847700
v 0.00102000 -0.09967500 0.00847700
v 0.00102000 -0.09967500 0.00847700
v 0.00145100 -0.10004300 0.00842500
v 0.00145100 -0.10004300 0.00842500
v 0.00145100 -0.10004300 0.00842500
v 0.00145100 -0.10004300 0.00842500
v 0.00145100 -0.10004300 0.00842500
v 0.01604000 0.00674200 0.00847300
v 0.01604000 0.00674200 0.00847300
v 0.01604000 0.00674200 0.00847300
v 0.01604000 0.00674200 0.00847300
v 0.01609300 0.01873900 0.00842000
v 0.01609300 0.01873900 0.00842000
v 0.01609300 0.01873900 0.00842000
v 0.01609300 0.01873900 0.00842000
v 0.01609300 0.01873900 0.00842000
v 0.01609300 0.01873900 0.00842000
v 0.01531100 0.02153600 0.00967400
v 0.01531100 0.02153600 0.00967400
v 0.01531100 0.02153600 0.00967400
v 0.01531100 0.02153600 0.00967400
v 0.01531100 0.02153600 0.00967400
v 0.01662900 0.01279500 0.00806000
v 0.01662900 0.01279500 0.00806000
v 0.01662900 0.01279500 0.00806000
v 0.01662900 0.01279500 0.00806000
v 0.01662900 0.01279500 0.00806000
v 0.01662900 0.01279500 0.00806000
v 0.01662900 0.01279500 0.00806000
v 0.01563100 0.00816600 0.00898300
v 0.01563100 0.00816600 0.00898300
v 0.01563100 0.00816600 0.00898300
v 0.01563100 0.00816600 0.00898300
v 0.01563100 0.00816600 0.00898300
v 0.01563100 0.00816600 0.00898300
v 0.01563100 0.00816600 0.00898300
v 0.01563100 0.00816600 0.00898300
v 0.01684500 -0.00338400 0.00797100
v 0.01684500 -0.00338400 0.00797100
v 0.01684500 -0.00338400 0.00797100
v 0.01684500 -0.00338400 0.00797100
v 0.01684500 -0.00338400 0.00797100
v 0.01614200 -0.00299400 0.00837900
v 0.01614200 -0.00299400 0.00837900
v 0.01614200 -0.00299400 0.00837900
v 0.01614200 -0.00299400 0.00837900
v 0.01614200 -0.00299400 0.00837900
v 0.01614200 -0.00299400 0.00837900
v 0.01545400 -0.01094600 0.00931000
v 0.01545400 -0.01094600 0.00931000
v 0.01545400 -0.01094600 0.00931000
v 0.01545400 -0.01094600 0.00931000
v 0.01545400 -0.01094600 0.00931000
v 0.01633100 -0.01369300 0.00823600
v 0.01633100 -0.01369300 0.00823600
v 0.01633100 -0.01369300 0.00823600
v 0.01633100 -0.01369300 0.00823600
v 0.01633100 -0.01369300 0.00823600
v 0.01580000 -0.01718700 0.00874300
v 0.01580000 -0.01718700 0.00874300
v 0.01580000 -0.01718700 0.00874300
v 0.01580000 -0.01718700 0.00874300
v 0.01580000 -0.01718700 0.00874300
v 0.01580000 -0.01718700 0.00874300
v 0.01580000 -0.01718700 0.00874300
v 0.01698200 -0.01318700 0.00791200
v 0.01698200 -0.01318700 0.00791200
v 0.01698200 -0.01318700 0.00791200
v 0.01698200 -0.01318700 0.00791200
v 0.01698200 -0.01318700 0.00791200
v 0.01698200 -0.01318700 0.00791200
v 0.01626300 -0.02141400 0.00829400
v 0.01626300 -0.02141400 0.00829400
v 0.01626300 -0.02141400 0.00829400
v 0.01626300 -0.02141400 0.00829400
v 0.01626300 -0.02141400 0.00829400
v 0.01701700 -0.02209900 0.00789500
v 0.01701700 -0.02209900 0.00789500
v 0.01701700 -0.02209900 0.00789500
v 0.01701700 -0.02209900 0.00789500
v 0.01701700 -0.02209900 0.00789500
v 0.00515900 0.03159200 -0.00691500
v 0.00515900 0.03159200 -0.00691500
v 0.00515900 0.03159200 -0.00691500
v 0.00515900 0.03159200 -0.00691500
v 0.00515900 0.03159200 -0.00691500
v 0.00515900 0.03159200 -0.00691500
v 0.00515900 0.03159200 -0.00691500
v 0.01742700 -0.06941700 0.01333600
v 0.01742700 -0.06941700 0.01333600
v 0.01742700 -0.06941700 0.01333600
v 0.01742700 -0.06941700 0.01333600
v 0.01743700 -0.06881500 0.01238300
v 0.01743700 -0.06881500 0.01238300
v 0.01743700 -0.06881500 0.01238300
v 0.01743700 -0.06881500 0.01238300
v 0.01743700 -0.06881500 0.01238300
v 0.01743700 -0.06881500 0.01238300
v 0.01743700 -0.06881500 0.01238300
v 0.01739000 -0.06804900 0.01169800
v 0.01739000 -0.06804900 0.01169800
v 0.01739000 -0.06804900 0.01169800
v 0.01739000 -0.06804900 0.01169800
v 0.01739000 -0.06804900 0.01169800
v 0.01744300 -0.06700000 0.01116900
v 0.01744300 -0.06700000 0.01116900
v 0.01744300 -0.06700000 0.01116900
v 0.01744300 -0.06700000 0.01116900
v 0.01744300 -0.06700000 0.01116900
v 0.01744300 -0.06700000 0.01116900
v 0.01744300 -0.06700000 0.01116900
v 0.01744400 -0.06594500 0.01097700
v 0.01744400 -0.06594500 0.01097700
v 0.01744400 -0.06594500 0.01097700
v 0.01744400 -0.06594500 0.01097700
v 0.01744400 -0.06594500 0.01097700
v 0.01746400 -0.07075200 0.01735600
v 0.01746400 -0.07075200 0.01735600
v 0.01746400 -0.07075200 0.01735600
v 0.01746400 -0.07075200 0.01735600
v 0.01746400 -0.07075200 0.01735600
v 0.01746400 -0.07075200 0.01735600
v 0.01746400 -0.07075200 0.01735600
v 0.01738800 -0.07152200 0.02443700
v 0.01738800 -0.07152200 0.02443700
v 0.01738800 -0.07152200 0.02443700
v 0.01738800 -0.07152200 0.02443700
v 0.01745500 -0.07190900 0.02348400
v 0.01745500 -0.07190900 0.02348400
v 0.01745500 -0.07190900 0.02348400
v 0.01745500 -0.07190900 0.02348400
v 0.01745500 -0.07190900 0.02348400
v 0.01745500 -0.07190900 0.02348400
v 0.01745500 -0.07190900 0.02348400
v 0.01734200 -0.07199600 0.02276600
v 0.01734200 -0.07199600 0.02276600
v 0.01734200 -0.07199600 0.02276600
v 0.01734200 -0.07199600 0.02276600
v 0.01741000 -0.06840200 0.02650900
v 0.01741000 -0.06840200 0.02650900
v 0.01741000 -0.06840200 0.02650900
v 0.01741000 -0.06840200 0.02650900
v 0.01741000 -0.06840200 0.02650900
v 0.01741000 -0.06840200 0.02650900
v 0.01741000 -0.06840200 0.02650900
v 0.01741000 -0.06840200 0.02650900
v 0.01739200 -0.06939400 0.02626100
v 0.01739200 -0.06939400 0.02626100
v 0.01739200 -0.06939400 0.02626100
v 0.01739200 -0.06939400 0.02626100
v 0.01747200 -0.07031300 0.02581400
v 0.01747200 -0.07031300 0.02581400
v 0.01747200 -0.07031300 0.02581400
v 0.01747200 -0.07031300 0.02581400
v 0.01747200 -0.07031300 0.02581400
v 0.01747200 -0.07031300 0.02581400
v 0.01747200 -0.07031300 0.02581400
v 0.01743300 -0.07097400 0.02520800
v 0.01743300 -0.07097400 0.02520800
v 0.01743300 -0.07097400 0.02520800
v 0.01743300 -0.07097400 0.02520800
v 0.01743300 -0.07097400 0.02520800
v 0.01745300 0.07020500 0.02588200
v 0.01745300 0.07020500 0.02588200
v 0.01745300 0.07020500 0.02588200
v 0.01745300 0.07020500 0.02588200
v 0.01745300 0.07020500 0.02588200
v 0.01745300 0.07020500 0.02588200
v 0.01745300 0.07020500 0.02588200
v 0.01748400 0.06900200 0.02641500
v 0.01748400 0.06900200 0.02641500
v 0.01748400 0.06900200 0.02641500
v 0.01748400 0.06900200 0.02641500
v 0.01748400 0.06900200 0.02641500
v 0.01748400 0.06900200 0.02641500
v 0.01747600 0.07196000 0.02169600
v 0.01747600 0.07196000 0.02169600
v 0.01747600 0.07196000 0.02169600
v 0.01747600 0.07196000 0.02169600
v 0.01747600 0.07196000 0.02169600
v 0.01746100 0.07203000 0.02248600
v 0.01746100 0.07203000 0.02248600
v 0.01746100 0.07203000 0.02248600
v 0.01746100 0.07203000 0.02248600
v 0.01748700 0.07198700 0.02311500
v 0.01748700 0.07198700 0.02311500
v 0.01748700 0.07198700 0.02311500
v 0.01748700 0.07198700 0.02311500
v 0.01748700 0.07198700 0.02311500
v 0.01748700 0.07198700 0.02311500
v 0.01748700 0.07198700 0.02311500
v 0.01745200 0.07170300 0.02413100
v 0.01745200 0.07170300 0.02413100
v 0.01745200 0.07170300 0.02413100
v 0.01745200 0.07170300 0.02413100
v 0.01745200 0.07170300 0.02413100
v 0.01745700 0.07102600 0.02516500
v 0.01745700 0.07102600 0.02516500
v 0.01745700 0.07102600 0.02516500
v 0.01745700 0.07102600 0.02516500
v 0.01745700 0.07102600 0.02516500
v 0.01745700 0.07102600 0.02516500
v 0.01749200 0.06933200 0.01310900
v 0.01749200 0.06933200 0.01310900
v 0.01749200 0.06933200 0.01310900
v 0.01749200 0.06933200 0.01310900
v 0.01749200 0.06933200 0.01310900
v 0.01749200 0.06933200 0.01310900
v 0.01749500 0.07079700 0.01747400
v 0.01749500 0.07079700 0.01747400
v 0.01749500 0.07079700 0.01747400
v 0.01749500 0.07079700 0.01747400
v 0.01749500 0.07079700 0.01747400
v 0.01749500 0.07079700 0.01747400
v 0.01754800 0.06598600 0.01096100
v 0.01754800 0.06598600 0.01096100
v 0.01754800 0.06598600 0.01096100
v 0.01754800 0.06598600 0.01096100
v 0.01754800 0.06598600 0.01096100
v 0.01751600 0.06672000 0.01108700
v 0.01751600 0.06672000 0.01108700
v 0.01751600 0.06672000 0.01108700
v 0.01751600 0.06672000 0.01108700
v 0.01751600 0.06672000 0.01108700
v 0.01752300 0.06751300 0.01136600
v 0.01752300 0.06751300 0.01136600
v 0.01752300 0.06751300 0.01136600
v 0.01752300 0.06751300 0.01136600
v 0.01744700 0.06845900 0.01201100
v 0.01744700 0.06845900 0.01201100
v 0.01744700 0.06845900 0.01201100
v 0.01744700 0.06845900 0.01201100
v 0.01744700 0.06845900 0.01201100
v 0.01744700 0.06845900 0.01201100
v 0.01753800 0.04110900 0.01096300
v 0.01753800 0.04110900 0.01096300
v 0.01753800 0.04110900 0.01096300
v 0.01753800 0.04110900 0.01096300
v 0.01753800 0.04110900 0.01096300
v 0.01744300 0.02310300 0.01097700
v 0.01744300 0.02310300 0.01097700
v 0.01744300 0.02310300 0.01097700
v 0.01744300 0.02310300 0.01097700
v 0.01744300 0.02310300 0.01097700
v 0.01744300 0.02310300 0.01097700
v 0.01744300 0.02310300 0.01097700
v 0.01760300 -0.05609300 0.02661900
v 0.01760300 -0.05609300 0.02661900
v 0.01760300 -0.05609300 0.02661900
v 0.01760300 -0.05609300 0.02661900
v 0.01751400 0.06807900 0.02655300
v 0.01751400 0.06807900 0.02655300
v 0.01751400 0.06807900 0.02655300
v 0.01751400 0.06807900 0.02655300
v 0.01751400 0.06807900 0.02655300
v 0.01762400 -0.06951300 0.02638400
v 0.01762400 -0.06951300 0.02638400
v 0.01762400 -0.06951300 0.02638400
v 0.01762400 -0.06951300 0.02638400
v 0.01762400 -0.06951300 0.02638400
v 0.01762400 -0.06951300 0.02638400
v 0.01767900 0.07083900 0.02565100
v 0.01767900 0.07083900 0.02565100
v 0.01767900 0.07083900 0.02565100
v 0.01767900 0.07083900 0.02565100
v 0.01767900 0.07083900 0.02565100
v 0.01759800 -0.07153400 0.02470000
v 0.01759800 -0.07153400 0.02470000
v 0.01759800 -0.07153400 0.02470000
v 0.01759800 -0.07153400 0.02470000
v 0.01759800 -0.07153400 0.02470000
v 0.01759800 -0.07153400 0.02470000
v 0.01759800 -0.07153400 0.02470000
v 0.01756400 -0.07210600 0.02209800
v 0.01756400 -0.07210600 0.02209800
v 0.01756400 -0.07210600 0.02209800
v 0.01756400 -0.07210600 0.02209800
v 0.01756400 -0.07210600 0.02209800
v 0.01756400 -0.07210600 0.02209800
v 0.01756400 -0.07210600 0.02209800
v 0.01767300 -0.06961200 0.01328700
v 0.01767300 -0.06961200 0.01328700
v 0.01767300 -0.06961200 0.01328700
v 0.01767300 -0.06961200 0.01328700
v 0.01767300 -0.06961200 0.01328700
v 0.01767300 -0.06961200 0.01328700
v 0.01762700 -0.06796400 0.01147600
v 0.01762700 -0.06796400 0.01147600
v 0.01762700 -0.06796400 0.01147600
v 0.01762700 -0.06796400 0.01147600
v 0.01762700 -0.06796400 0.01147600
v 0.01761100 -0.01517200 0.01086500
v 0.01761100 -0.01517200 0.01086500
v 0.01761100 -0.01517200 0.01086500
v 0.01761100 -0.01517200 0.01086500
v 0.00321500 -0.09815900 -0.01448400
v 0.00321500 -0.09815900 -0.01448400
v 0.00321500 -0.09815900 -0.01448400
v 0.00321500 -0.09815900 -0.01448400
v 0.00321500 -0.09815900 -0.01448400
v 0.00361700 -0.09879900 -0.01423700
v 0.00361700 -0.09879900 -0.01423700
v 0.00361700 -0.09879900 -0.01423700
v 0.00361700 -0.09879900 -0.01423700
v 0.00361700 -0.09879900 -0.01423700
v 0.00361700 -0.09879900 -0.01423700
v 0.00361700 -0.09879900 -0.01423700
v 0.00390000 -0.09870000 -0.01390000
v 0.00390000 -0.09870000 -0.01390000
v 0.00390000 -0.09870000 -0.01390000
v 0.00390000 -0.09870000 -0.01390000
v 0.00390000 -0.09870000 -0.01390000
v 0.00390000 -0.09870000 -0.01390000
v 0.00323900 -0.10144100 -0.01234900
v 0.00323900 -0.10144100 -0.01234900
v 0.00323900 -0.10144100 -0.01234900
v 0.00323900 -0.10144100 -0.01234900
v 0.00323900 -0.10144100 -0.01234900
v 0.00323900 -0.10144100 -0.01234900
v 0.00327600 -0.10011800 -0.01381400
v 0.00327600 -0.10011800 -0.01381400
v 0.00327600 -0.10011800 -0.01381400
v 0.00327600 -0.10011800 -0.01381400
v 0.00327600 -0.10011800 -0.01381400
v 0.00327600 -0.10011800 -0.01381400
v 0.00327600 -0.10011800 -0.01381400
v 0.00388200 -0.09989400 -0.01338100
v 0.00388200 -0.09989400 -0.01338100
v 0.00388200 -0.09989400 -0.01338100
v 0.00388200 -0.09989400 -0.01338100
v 0.00362100 -0.10096900 -0.01281000
v 0.00362100 -0.10096900 -0.01281000
v 0.00362100 -0.10096900 -0.01281000
v 0.00362100 -0.10096900 -0.01281000
v 0.00362100 -0.10096900 -0.01281000
v 0.00362100 -0.10096900 -0.01281000
v 0.00362100 -0.10096900 -0.01281000
v 0.00362100 -0.10096900 -0.01281000
v 0.00314300 -0.10091100 -0.01315100
v 0.00314300 -0.10091100 -0.01315100
v 0.00314300 -0.10091100 -0.01315100
v 0.00314300 -0.10091100 -0.01315100
v 0.00314300 -0.10091100 -0.01315100
v 0.00363600 -0.09998700 -0.01367500
v 0.00363600 -0.09998700 -0.01367500
v 0.00363600 -0.09998700 -0.01367500
v 0.00363600 -0.09998700 -0.01367500
v 0.00363600 -0.09998700 -0.01367500
v 0.00314400 -0.09918700 -0.01429800
v 0.00314400 -0.09918700 -0.01429800
v 0.00314400 -0.09918700 -0.01429800
v 0.00314400 -0.09918700 -0.01429800
v 0.00314400 -0.09918700 -0.01429800
v 0.00388400 -0.10149300 -0.01095000
v 0.00388400 -0.10149300 -0.01095000
v 0.00388400 -0.10149300 -0.01095000
v 0.00388400 -0.10149300 -0.01095000
v 0.00388400 -0.10149300 -0.01095000
v 0.00330700 -0.10256100 -0.00913800
v 0.00330700 -0.10256100 -0.00913800
v 0.00330700 -0.10256100 -0.00913800
v 0.00330700 -0.10256100 -0.00913800
v 0.00330700 -0.10256100 -0.00913800
v 0.00330700 -0.10256100 -0.00913800
v 0.00330700 -0.10256100 -0.00913800
v 0.00320100 -0.10295700 -0.00673200
v 0.00320100 -0.10295700 -0.00673200
v 0.00320100 -0.10295700 -0.00673200
v 0.00320100 -0.10295700 -0.00673200
v 0.00320100 -0.10295700 -0.00673200
v 0.00320100 -0.10295700 -0.00673200
v 0.00320100 -0.10295700 -0.00673200
v 0.00393400 -0.10237800 -0.00639900
v 0.00393400 -0.10237800 -0.00639900
v 0.00393400 -0.10237800 -0.00639900
v 0.00393400 -0.10237800 -0.00639900
v 0.00393400 -0.10237800 -0.00639900
v 0.00359700 -0.10278500 -0.00671000
v 0.00359700 -0.10278500 -0.00671000
v 0.00359700 -0.10278500 -0.00671000
v 0.00359700 -0.10278500 -0.00671000
v 0.00359700 -0.10278500 -0.00671000
v 0.00359700 -0.10278500 -0.00671000
v 0.00379700 -0.10223500 -0.00901900
v 0.00379700 -0.10223500 -0.00901900
v 0.00379700 -0.10223500 -0.00901900
v 0.00379700 -0.10223500 -0.00901900
v 0.00379700 -0.10223500 -0.00901900
v 0.00379700 -0.10223500 -0.00901900
v 0.00312700 -0.10199500 -0.01107600
v 0.00312700 -0.10199500 -0.01107600
v 0.00312700 -0.10199500 -0.01107600
v 0.00312700 -0.10199500 -0.01107600
v 0.00354100 -0.10191800 -0.01090200
v 0.00354100 -0.10191800 -0.01090200
v 0.00354100 -0.10191800 -0.01090200
v 0.00354100 -0.10191800 -0.01090200
v 0.00354100 -0.10191800 -0.01090200
v 0.00354100 -0.10191800 -0.01090200
v 0.00316100 -0.10294800 0.00585300
v 0.00316100 -0.10294800 0.00585300
v 0.00316100 -0.10294800 0.00585300
v 0.00316100 -0.10294800 0.00585300
v 0.00316100 -0.10294800 0.00585300
v 0.00316100 -0.10294800 0.00585300
v 0.00351100 -0.10285700 0.00540300
v 0.00351100 -0.10285700 0.00540300
v 0.00351100 -0.10285700 0.00540300
v 0.00351100 -0.10285700 0.00540300
v 0.00351100 -0.10285700 0.00540300
v 0.00320900 -0.10159200 0.01105000
v 0.00320900 -0.10159200 0.01105000
v 0.00320900 -0.10159200 0.01105000
v 0.00320900 -0.10159200 0.01105000
v 0.00320900 -0.10159200 0.01105000
v 0.00320900 -0.10159200 0.01105000
v 0.00358900 -0.10116200 0.01161500
v 0.00358900 -0.10116200 0.01161500
v 0.00358900 -0.10116200 0.01161500
v 0.00358900 -0.10116200 0.01161500
v 0.00358900 -0.10116200 0.01161500
v 0.00358900 -0.10116200 0.01161500
v 0.00313300 -0.10072700 0.01272900
v 0.00313300 -0.10072700 0.01272900
v 0.00313300 -0.10072700 0.01272900
v 0.00313300 -0.10072700 0.01272900
v 0.00313300 -0.10072700 0.01272900
v 0.00388500 -0.09967900 0.01338400
v 0.00388500 -0.09967900 0.01338400
v 0.00388500 -0.09967900 0.01338400
v 0.00388500 -0.09967900 0.01338400
v 0.00329200 -0.09772800 0.01634800
v 0.00329200 -0.09772800 0.01634800
v 0.00329200 -0.09772800 0.01634800
v 0.00329200 -0.09772800 0.01634800
v 0.00329200 -0.09772800 0.01634800
v 0.00329200 -0.09772800 0.01634800
v 0.00329200 -0.09772800 0.01634800
v 0.00358100 -0.09997200 0.01359500
v 0.00358100 -0.09997200 0.01359500
v 0.00358100 -0.09997200 0.01359500
v 0.00358100 -0.09997200 0.01359500
v 0.00358100 -0.09997200 0.01359500
v 0.00358100 -0.09997200 0.01359500
v 0.00313300 -0.10222000 0.00943100
v 0.00313300 -0.10222000 0.00943100
v 0.00313300 -0.10222000 0.00943100
v 0.00313300 -0.10222000 0.00943100
v 0.00313300 -0.10222000 0.00943100
v 0.00354000 -0.10213200 0.00928300
v 0.00354000 -0.10213200 0.00928300
v 0.00354000 -0.10213200 0.00928300
v 0.00354000 -0.10213200 0.00928300
v 0.00354000 -0.10213200 0.00928300
v 0.00354000 -0.10213200 0.00928300
v 0.00376700 -0.09815400 0.01552400
v 0.00376700 -0.09815400 0.01552400
v 0.00376700 -0.09815400 0.01552400
v 0.00376700 -0.09815400 0.01552400
v 0.00376700 -0.09815400 0.01552400
v 0.00376700 -0.09815400 0.01552400
v 0.00376700 -0.09815400 0.01552400
v 0.00388500 -0.10180600 0.00904700
v 0.00388500 -0.10180600 0.00904700
v 0.00388500 -0.10180600 0.00904700
v 0.00388500 -0.10180600 0.00904700
v 0.00388500 -0.10180600 0.00904700
v 0.00388500 -0.10180600 0.00904700
v 0.00313300 -0.10262700 0.00792700
v 0.00313300 -0.10262700 0.00792700
v 0.00313300 -0.10262700 0.00792700
v 0.00313300 -0.10262700 0.00792700
v 0.00313300 -0.10262700 0.00792700
v 0.00313300 -0.10262700 0.00792700
v 0.00325300 -0.09930800 0.01473000
v 0.00325300 -0.09930800 0.01473000
v 0.00325300 -0.09930800 0.01473000
v 0.00325300 -0.09930800 0.01473000
v 0.00325300 -0.09930800 0.01473000
v 0.00325300 -0.09930800 0.01473000
v 0.00360300 -0.10260200 0.00720200
v 0.00360300 -0.10260200 0.00720200
v 0.00360300 -0.10260200 0.00720200
v 0.00360300 -0.10260200 0.00720200
v 0.00360300 -0.10260200 0.00720200
v 0.00360300 -0.10260200 0.00720200
v 0.00396000 -0.09809100 0.01507300
v 0.00396000 -0.09809100 0.01507300
v 0.00396000 -0.09809100 0.01507300
v 0.00396000 -0.09809100 0.01507300
v 0.00389900 -0.10240400 0.00614800
v 0.00389900 -0.10240400 0.00614800
v 0.00389900 -0.10240400 0.00614800
v 0.00389900 -0.10240400 0.00614800
v 0.00389900 -0.10240400 0.00614800
v 0.00389900 -0.10240400 0.00614800
v 0.00140900 -0.09697800 -0.01446200
v 0.00140900 -0.09697800 -0.01446200
v 0.00140900 -0.09697800 -0.01446200
v 0.00140900 -0.09697800 -0.01446200
v 0.00140900 -0.09697800 -0.01446200
v 0.00228300 -0.09864800 -0.01443400
v 0.00228300 -0.09864800 -0.01443400
v 0.00228300 -0.09864800 -0.01443400
v 0.00228300 -0.09864800 -0.01443400
v 0.00228300 -0.09864800 -0.01443400
v 0.00228300 -0.09864800 -0.01443400
v 0.00221300 -0.09724200 0.01674700
v 0.00221300 -0.09724200 0.01674700
v 0.00221300 -0.09724200 0.01674700
v 0.00221300 -0.09724200 0.01674700
v 0.00221300 -0.09724200 0.01674700
v 0.00221300 -0.09724200 0.01674700
v 0.00225000 -0.09901100 0.01505300
v 0.00225000 -0.09901100 0.01505300
v 0.00225000 -0.09901100 0.01505300
v 0.00225000 -0.09901100 0.01505300
v 0.00225000 -0.09901100 0.01505300
v 0.00222500 -0.10087000 0.01246400
v 0.00222500 -0.10087000 0.01246400
v 0.00222500 -0.10087000 0.01246400
v 0.00222500 -0.10087000 0.01246400
v 0.00222500 -0.10087000 0.01246400
v 0.00222500 -0.10087000 0.01246400
v 0.00222500 -0.10087000 0.01246400
v 0.00226100 -0.10206300 0.00985600
v 0.00226100 -0.10206300 0.00985600
v 0.00226100 -0.10206300 0.00985600
v 0.00226100 -0.10206300 0.00985600
v 0.00226100 -0.10206300 0.00985600
v 0.00221100 -0.10256400 0.00805300
v 0.00221100 -0.10256400 0.00805300
v 0.00221100 -0.10256400 0.00805300
v 0.00221100 -0.10256400 0.00805300
v 0.00221100 -0.10256400 0.00805300
v 0.00221100 -0.10256400 0.00805300
v 0.00224100 -0.10284100 0.00651900
v 0.00224100 -0.10284100 0.00651900
v 0.00224100 -0.10284100 0.00651900
v 0.00224100 -0.10284100 0.00651900
v 0.00224100 -0.10284100 0.00651900
v 0.00220200 -0.10295200 0.00494600
v 0.00220200 -0.10295200 0.00494600
v 0.00220200 -0.10295200 0.00494600
v 0.00220200 -0.10295200 0.00494600
v 0.00220200 -0.10295200 0.00494600
v 0.00220200 -0.10295200 0.00494600
v 0.00224800 -0.10296200 -0.00608800
v 0.00224800 -0.10296200 -0.00608800
v 0.00224800 -0.10296200 -0.00608800
v 0.00224800 -0.10296200 -0.00608800
v 0.00231200 -0.10282500 -0.00783300
v 0.00231200 -0.10282500 -0.00783300
v 0.00231200 -0.10282500 -0.00783300
v 0.00231200 -0.10282500 -0.00783300
v 0.00231200 -0.10282500 -0.00783300
v 0.00231200 -0.10282500 -0.00783300
v 0.00229500 -0.10221800 -0.01045800
v 0.00229500 -0.10221800 -0.01045800
v 0.00229500 -0.10221800 -0.01045800
v 0.00229500 -0.10221800 -0.01045800
v 0.00229500 -0.10221800 -0.01045800
v 0.00229500 -0.10221800 -0.01045800
v 0.00229500 -0.10221800 -0.01045800
v 0.00223200 -0.10122800 -0.01269700
v 0.00223200 -0.10122800 -0.01269700
v 0.00223200 -0.10122800 -0.01269700
v 0.00223200 -0.10122800 -0.01269700
v 0.00223200 -0.10122800 -0.01269700
v 0.00223200 -0.10122800 -0.01269700
v 0.00225000 -0.10039900 -0.01360600
v 0.00225000 -0.10039900 -0.01360600
v 0.00225000 -0.10039900 -0.01360600
v 0.00225000 -0.10039900 -0.01360600
v 0.00225000 -0.10039900 -0.01360600
v 0.00225000 -0.10039900 -0.01360600
v 0.00219700 -0.09962200 -0.01407000
v 0.00219700 -0.09962200 -0.01407000
v 0.00219700 -0.09962200 -0.01407000
v 0.00219700 -0.09962200 -0.01407000
v 0.00219700 -0.09962200 -0.01407000
v 0.00219700 -0.09962200 -0.01407000
v 0.00219700 -0.09962200 -0.01407000
v 0.00204400 -0.10274500 -0.00697700
v 0.00204400 -0.10274500 -0.00697700
v 0.00204400 -0.10274500 -0.00697700
v 0.00204400 -0.10274500 -0.00697700
v 0.00204400 -0.10274500 -0.00697700
v 0.00204400 -0.10274500 -0.00697700
v 0.00204400 -0.10274500 -0.00697700
v 0.00211000 -0.10253400 -0.00881100
v 0.00211000 -0.10253400 -0.00881100
v 0.00211000 -0.10253400 -0.00881100
v 0.00211000 -0.10253400 -0.00881100
v 0.00202500 -0.10199200 -0.01044600
v 0.00202500 -0.10199200 -0.01044600
v 0.00202500 -0.10199200 -0.01044600
v 0.00202500 -0.10199200 -0.01044600
v 0.00202500 -0.10199200 -0.01044600
v 0.00202500 -0.10199200 -0.01044600
v 0.00202500 -0.10199200 -0.01044600
v 0.00216200 -0.09663500 0.01718100
v 0.00216200 -0.09663500 0.01718100
v 0.00199600 -0.09631700 0.01582700
v 0.00199600 -0.09631700 0.01582700
v 0.00199100 -0.09637100 0.01606700
v 0.00199100 -0.09637100 0.01606700
v 0.00199200 -0.09647000 0.01649600
v 0.00199200 -0.09647000 0.01649600
v 0.00200200 -0.09655100 0.01684900
v 0.00200200 -0.09655100 0.01684900
v 0.00200200 -0.09655100 0.01684900
v 0.00212700 -0.09662000 0.01712200
v 0.00212700 -0.09662000 0.01712200
v 0.00212700 -0.09662000 0.01712200
v 0.00062700 -0.09585700 0.01412900
v 0.00062700 -0.09585700 0.01412900
v 0.00062700 -0.09585700 0.01412900
v 0.00098100 -0.09591000 0.01428200
v 0.00098100 -0.09591000 0.01428200
v 0.00143900 -0.09602200 0.01466400
v 0.00143900 -0.09602200 0.01466400
v 0.00113300 -0.09594500 0.01439900
v 0.00113300 -0.09594500 0.01439900
v 0.00113300 -0.09594500 0.01439900
v 0.00177400 -0.09614800 0.01514000
v 0.00177400 -0.09614800 0.01514000
v 0.00186000 -0.09621800 0.01542700
v 0.00186000 -0.09621800 0.01542700
v 0.00186000 -0.09621800 0.01542700
v 0.00155200 -0.09606100 0.01480800
v 0.00155200 -0.09606100 0.01480800
v 0.00155200 -0.09606100 0.01480800
v -0.01275000 -0.03600000 0.00575000
v -0.01275000 -0.03600000 0.00575000
v -0.01275000 -0.03600000 0.00575000
v -0.01275000 -0.03600000 0.00575000
v -0.01275000 -0.03600000 0.00575000
v -0.01275000 -0.03600000 0.00575000
v -0.01275000 -0.03600000 0.00575000
v -0.01275000 -0.03500000 0.00675000
v -0.01275000 -0.03500000 0.00675000
v -0.01275000 -0.03500000 -0.00578200
v -0.01275000 -0.03500000 -0.00578200
v -0.01275000 -0.03500000 -0.00578200
v -0.01275000 -0.03500000 -0.00578200
v -0.01275000 -0.03500000 -0.00578200
v -0.01275000 -0.03500000 -0.00578200
v -0.01275000 -0.03600000 -0.00578200
v -0.01275000 -0.03600000 -0.00578200
v -0.01275000 -0.03600000 -0.00578200
v -0.01275000 -0.03600000 -0.00578200
v -0.01525500 -0.06846300 0.02643800
v -0.01525500 -0.06846300 0.02643800
v -0.01525500 -0.06962700 0.02613600
v -0.01525500 -0.06962700 0.02613600
v -0.01525500 -0.06962700 0.02613600
v -0.01525500 -0.06962700 0.02613600
v -0.01525600 0.06845600 0.02644100
v -0.01525600 0.06845600 0.02644100
v -0.01525600 0.06845600 0.02644100
v -0.01525600 0.06845600 0.02644100
v -0.01525400 0.06938500 0.01339000
v -0.01525400 0.06938500 0.01339000
v -0.01525400 0.06938500 0.01339000
v -0.01525400 0.07093400 0.01820800
v -0.01525400 0.07093400 0.01820800
v -0.01525400 0.07093400 0.01820800
v -0.01525500 0.07196200 0.02213600
v -0.01525500 0.07196200 0.02213600
v -0.01525500 0.07196200 0.02213600
v -0.01525500 0.07196200 0.02213600
v -0.01525500 0.07189200 0.02323400
v -0.01525500 0.07189200 0.02323400
v -0.01525500 0.07189200 0.02323400
v -0.01525500 0.07155200 0.02429100
v -0.01525500 0.07155200 0.02429100
v -0.01525500 0.07155200 0.02429100
v -0.01525500 0.07087700 0.02522400
v -0.01525500 0.07087700 0.02522400
v -0.01525500 0.07087700 0.02522400
v -0.01525500 0.07016000 0.02582700
v -0.01525500 0.07016000 0.02582700
v -0.01525500 -0.07078900 0.02532300
v -0.01525500 -0.07078900 0.02532300
v -0.01525500 -0.07078900 0.02532300
v -0.01525500 -0.07159000 0.02423400
v -0.01525500 -0.07159000 0.02423400
v -0.01525500 -0.07159000 0.02423400
v -0.01525500 -0.07159000 0.02423400
v -0.01525500 0.06931900 0.02623500
v -0.01525500 0.06931900 0.02623500
v -0.01525500 0.06931900 0.02623500
v -0.00199200 -0.03195600 -0.00597000
v -0.00199200 -0.03195600 -0.00597000
v -0.00199200 -0.03195600 -0.00597000
v -0.00199200 -0.03195600 -0.00597000
v -0.00199200 -0.03195600 -0.00597000
v -0.00199200 -0.03195600 -0.00597000
v -0.00199200 -0.03195600 -0.00597000
v -0.00496600 -0.03161700 -0.00591800
v -0.00496600 -0.03161700 -0.00591800
v -0.00496600 -0.03161700 -0.00591800
v -0.00496600 -0.03161700 -0.00591800
v -0.00496600 -0.03161700 -0.00591800
v 0.00130000 -0.03202300 -0.00602700
v -0.01149200 -0.02987700 -0.00580400
v -0.01149200 -0.02987700 -0.00580400
v -0.01149200 -0.02987700 -0.00580400
v -0.01149200 -0.02987700 -0.00580400
v -0.01149200 -0.02987700 -0.00580400
v -0.01149200 -0.02987700 -0.00580400
v -0.00807200 -0.03098600 -0.00586400
v -0.00807200 -0.03098600 -0.00586400
v -0.00807200 -0.03098600 -0.00586400
v -0.00807200 -0.03098600 -0.00586400
v -0.00807200 -0.03098600 -0.00586400
v -0.00807200 -0.03098600 -0.00586400
v -0.00807200 -0.03098600 -0.00586400
v 0.00130000 -0.03202300 -0.00693600
v 0.00130000 -0.03202300 -0.00693600
v 0.00000000 -0.03199900 -0.00700800
v 0.00000000 -0.03199900 -0.00700800
v 0.00000000 -0.03199900 -0.00700800
v 0.00000000 -0.03199900 -0.00700800
v 0.00000000 -0.03199900 -0.00700800
v 0.00000000 -0.03199900 -0.00700800
v 0.00000000 -0.03199900 -0.00700800
v 0.00000000 -0.03199900 -0.00700800
v 0.00000000 -0.09719100 0.01258900
v 0.00000000 -0.09719100 0.01258900
v 0.00000000 -0.09719100 0.01258900
v 0.00000000 -0.09719100 0.01258900
v 0.00000000 -0.09719100 0.01258900
v 0.00000000 -0.09900800 -0.01053500
v 0.00000000 -0.09900800 -0.01053500
v 0.00000000 -0.09900800 -0.01053500
v 0.00000000 -0.09900800 -0.01053500
v 0.00000000 -0.09900800 -0.01053500
v 0.00000000 -0.09854800 0.01050500
v 0.00000000 -0.09854800 0.01050500
v 0.00000000 -0.09854800 0.01050500
v 0.00000000 -0.09854800 0.01050500
v 0.00000000 -0.09854800 0.01050500
v 0.00000000 -0.09854800 0.01050500
v 0.00000000 -0.09854800 0.01050500
v 0.00000000 -0.09854800 0.01050500
v 0.00000000 -0.09759100 -0.01308100
v 0.00000000 -0.09759100 -0.01308100
v 0.00000000 -0.09759100 -0.01308100
v 0.00000000 -0.09759100 -0.01308100
v 0.00000000 -0.09759100 -0.01308100
v 0.00000000 -0.09960400 0.00776300
v 0.00000000 -0.09960400 0.00776300
v 0.00000000 -0.09960400 0.00776300
v 0.00000000 -0.09960400 0.00776300
v 0.00000000 -0.09960400 0.00776300
v 0.00000000 -0.09642900 -0.01442500
v 0.00000000 -0.09642900 -0.01442500
v 0.00000000 -0.09642900 -0.01442500
v 0.00000000 -0.09642900 -0.01442500
v 0.00000000 -0.09642900 -0.01442500
v 0.00000000 -0.09642900 -0.01442500
v 0.00000000 -0.09998300 0.00535800
v 0.00000000 -0.04500000 -0.00850000
v 0.00000000 -0.04500000 -0.00850000
v 0.00000000 -0.04500000 -0.00850000
v 0.00000000 -0.04500000 -0.00850000
v 0.00000000 -0.04500000 -0.01444800
v 0.00000000 -0.04500000 -0.01444800
v 0.00000000 -0.04500000 -0.01444800
v 0.00000000 -0.04500000 -0.01444800
v 0.00000000 -0.04500000 -0.01444800
v 0.00000000 -0.04500000 -0.01444800
v 0.00000000 -0.03349400 -0.00850000
v 0.00000000 -0.03349400 -0.00850000
v 0.00000000 -0.03349400 -0.00850000
v 0.00000000 -0.03349400 -0.00850000
v 0.00000000 -0.09601600 0.01387200
v 0.00000000 -0.09996200 -0.00670600
v 0.00000000 -0.09996200 -0.00670600
v 0.00000000 -0.09996200 -0.00670600
v 0.00000000 -0.09996200 -0.00670600
v 0.00000000 -0.09996200 -0.00670600
v 0.00000000 -0.09963000 -0.00855600
v 0.00000000 -0.09963000 -0.00855600
v 0.00000000 -0.09963000 -0.00855600
v 0.00000000 -0.09963000 -0.00855600
v 0.00000000 -0.09963000 -0.00855600
v 0.00000000 -0.09963000 -0.00855600
v -0.00395300 -0.04506900 -0.01389700
v -0.00395300 -0.04506900 -0.01389700
v -0.00395300 -0.04506900 -0.01389700
v -0.00395300 -0.04506900 -0.01389700
v -0.00395300 -0.04506900 -0.01389700
v -0.00395300 -0.04506900 -0.01389700
v -0.00395300 -0.04506900 -0.01389700
v -0.00329100 -0.04505700 -0.01449000
v -0.00329100 -0.04505700 -0.01449000
v -0.00329100 -0.04505700 -0.01449000
v -0.00329100 -0.04505700 -0.01449000
v -0.00329100 -0.04505700 -0.01449000
v -0.00329100 -0.04505700 -0.01449000
v -0.00329100 -0.04505700 -0.01449000
v -0.00400000 -0.04507000 -0.00843000
v -0.00400000 -0.04507000 -0.00843000
v -0.00400000 -0.04507000 -0.00843000
v -0.00400000 -0.04507000 -0.00843000
v -0.00400000 -0.04507000 -0.00843000
v -0.00400000 -0.04507000 -0.00843000
v -0.00400000 -0.04507000 -0.00843000
v -0.00400000 -0.04507000 -0.00843000
v -0.00051700 -0.09991300 -0.00752200
v -0.00051700 -0.09991300 -0.00752200
v -0.00051700 -0.09991300 -0.00752200
v -0.00051700 -0.09991300 -0.00752200
v -0.00051700 -0.09991300 -0.00752200
v -0.00051700 -0.09991300 -0.00752200
v -0.00146000 -0.09867800 -0.01254700
v -0.00146000 -0.09867800 -0.01254700
v -0.00146000 -0.09867800 -0.01254700
v -0.00146000 -0.09867800 -0.01254700
v -0.00146000 -0.09867800 -0.01254700
v -0.00146000 -0.09867800 -0.01254700
v -0.00107200 -0.09892100 -0.01144000
v -0.00107200 -0.09892100 -0.01144000
v -0.00107200 -0.09892100 -0.01144000
v -0.00107200 -0.09892100 -0.01144000
v -0.00107200 -0.09892100 -0.01144000
v -0.00107200 -0.09892100 -0.01144000
v 0.00000000 -0.09874600 -0.01122100
v 0.00000000 -0.09874600 -0.01122100
v 0.00000000 -0.09874600 -0.01122100
v 0.00000000 -0.09874600 -0.01122100
v 0.00000000 -0.09874600 -0.01122100
v 0.00000000 -0.09874600 -0.01122100
v 0.00000000 -0.09874600 -0.01122100
v 0.00000000 -0.09874600 -0.01122100
v 0.00000000 -0.09874600 -0.01122100
v -0.00155600 -0.09993700 -0.01020200
v -0.00155600 -0.09993700 -0.01020200
v -0.00155600 -0.09993700 -0.01020200
v -0.00155600 -0.09993700 -0.01020200
v -0.00155600 -0.09993700 -0.01020200
v -0.00155600 -0.09993700 -0.01020200
v -0.00187400 -0.09821600 -0.01431500
v -0.00187400 -0.09821600 -0.01431500
v -0.00187400 -0.09821600 -0.01431500
v -0.00187400 -0.09821600 -0.01431500
v -0.00187400 -0.09821600 -0.01431500
v -0.00187400 -0.09821600 -0.01431500
v -0.00149100 -0.10047300 -0.00773900
v -0.00149100 -0.10047300 -0.00773900
v -0.00149100 -0.10047300 -0.00773900
v -0.00149100 -0.10047300 -0.00773900
v -0.00149100 -0.10047300 -0.00773900
v -0.00149100 -0.10047300 -0.00773900
v -0.00099400 -0.10005800 -0.00783400
v -0.00099400 -0.10005800 -0.00783400
v -0.00099400 -0.10005800 -0.00783400
v -0.00099400 -0.10005800 -0.00783400
v -0.00099400 -0.10005800 -0.00783400
v -0.00201200 -0.10013400 -0.01349800
v -0.00201200 -0.10013400 -0.01349800
v -0.00201200 -0.10013400 -0.01349800
v -0.00201200 -0.10013400 -0.01349800
v -0.00201200 -0.10013400 -0.01349800
v -0.00201200 -0.10013400 -0.01349800
v -0.00201200 -0.10013400 -0.01349800
v -0.00196300 -0.10066700 -0.01080600
v -0.00196300 -0.10066700 -0.01080600
v -0.00196300 -0.10066700 -0.01080600
v -0.00196300 -0.10066700 -0.01080600
v -0.00196300 -0.10066700 -0.01080600
v -0.00182700 -0.10075900 -0.00904100
v -0.00182700 -0.10075900 -0.00904100
v -0.00182700 -0.10075900 -0.00904100
v -0.00182700 -0.10075900 -0.00904100
v -0.00182700 -0.10075900 -0.00904100
v -0.00182700 -0.10075900 -0.00904100
v -0.00197400 -0.09888000 -0.01406300
v -0.00197400 -0.09888000 -0.01406300
v -0.00197400 -0.09888000 -0.01406300
v -0.00197400 -0.09888000 -0.01406300
v -0.00197400 -0.09888000 -0.01406300
v -0.00114500 -0.09978800 -0.00934400
v -0.00114500 -0.09978800 -0.00934400
v -0.00114500 -0.09978800 -0.00934400
v -0.00114500 -0.09978800 -0.00934400
v -0.00114500 -0.09978800 -0.00934400
v -0.00114500 -0.09978800 -0.00934400
v -0.00097900 -0.09774800 -0.01327000
v -0.00097900 -0.09774800 -0.01327000
v -0.00097900 -0.09774800 -0.01327000
v -0.00097900 -0.09774800 -0.01327000
v -0.00097900 -0.09774800 -0.01327000
v -0.00050100 -0.09952200 -0.00923100
v -0.00050100 -0.09952200 -0.00923100
v -0.00050100 -0.09952200 -0.00923100
v -0.00050100 -0.09952200 -0.00923100
v -0.00050100 -0.09952200 -0.00923100
v -0.00050100 -0.09952200 -0.00923100
v 0.00000000 -0.09753200 -0.01321700
v 0.00000000 -0.09753200 -0.01321700
v 0.00000000 -0.09753200 -0.01321700
v 0.00000000 -0.09753200 -0.01321700
v 0.00000000 -0.09753200 -0.01321700
v 0.00000000 -0.09753200 -0.01321700
v 0.00000000 -0.09753200 -0.01321700
v 0.00000000 -0.09753200 -0.01321700
v 0.00000000 -0.09753200 -0.01321700
v -0.00146600 -0.09737600 -0.01431500
v -0.00146600 -0.09737600 -0.01431500
v -0.00146600 -0.09737600 -0.01431500
v -0.00146600 -0.09737600 -0.01431500
v -0.00146600 -0.09737600 -0.01431500
v -0.00146600 -0.09737600 -0.01431500
v -0.00197900 -0.10156600 -0.00733200
v -0.00197900 -0.10156600 -0.00733200
v -0.00197900 -0.10156600 -0.00733200
v -0.00197900 -0.10156600 -0.00733200
v -0.00197900 -0.10156600 -0.00733200
v -0.00197900 -0.10156600 -0.00733200
v -0.00197900 -0.10156600 -0.00733200
v -0.00197900 -0.10156600 -0.00733200
v -0.00197900 -0.10156600 -0.00733200
v -0.00172300 -0.10095000 -0.00633700
v -0.00172300 -0.10095000 -0.00633700
v -0.00172300 -0.10095000 -0.00633700
v -0.00172300 -0.10095000 -0.00633700
v -0.00172300 -0.10095000 -0.00633700
v -0.00172300 -0.10095000 -0.00633700
v -0.00114800 -0.10031900 -0.00636000
v -0.00114800 -0.10031900 -0.00636000
v -0.00114800 -0.10031900 -0.00636000
v -0.00114800 -0.10031900 -0.00636000
v -0.00114800 -0.10031900 -0.00636000
v -0.00114800 -0.10031900 -0.00636000
v -0.00114800 -0.10031900 -0.00636000
v -0.00114800 -0.10031900 -0.00636000
v -0.00186700 -0.09977500 -0.01184300
v -0.00186700 -0.09977500 -0.01184300
v -0.00186700 -0.09977500 -0.01184300
v -0.00186700 -0.09977500 -0.01184300
v -0.00186700 -0.09977500 -0.01184300
v -0.00186700 -0.09977500 -0.01184300
v 0.00000000 -0.10003500 -0.00597600
v 0.00000000 -0.10003500 -0.00597600
v 0.00000000 -0.10003500 -0.00597600
v 0.00000000 -0.10003500 -0.00597600
v 0.00000000 -0.10003500 -0.00597600
v 0.00000000 -0.10003500 -0.00597600
v 0.00000000 -0.10003500 -0.00597600
v -0.00066300 -0.09655200 -0.01442600
v -0.00066300 -0.09655200 -0.01442600
v -0.00066300 -0.09655200 -0.01442600
v -0.00066300 -0.09655200 -0.01442600
v -0.00066300 -0.09655200 -0.01442600
v -0.00066300 -0.09655200 -0.01442600
v -0.00066300 -0.09655200 -0.01442600
v -0.00197900 -0.10145300 0.00730200
v -0.00197900 -0.10145300 0.00730200
v -0.00197900 -0.10145300 0.00730200
v -0.00197900 -0.10145300 0.00730200
v -0.00197900 -0.10145300 0.00730200
v -0.00197900 -0.10145300 0.00730200
v -0.00201600 -0.10153400 0.01072800
v -0.00201600 -0.10153400 0.01072800
v -0.00201600 -0.10153400 0.01072800
v -0.00201600 -0.10153400 0.01072800
v -0.00201600 -0.10153400 0.01072800
v -0.00201600 -0.10153400 0.01072800
v -0.00201600 -0.10153400 0.01072800
v -0.00202100 -0.10263400 0.00654800
v -0.00202100 -0.10263400 0.00654800
v -0.00202100 -0.10263400 0.00654800
v -0.00202100 -0.10263400 0.00654800
v -0.00202100 -0.10263400 0.00654800
v -0.00202100 -0.10263400 0.00654800
v -0.00202100 -0.10263400 0.00654800
v -0.00197700 -0.09735900 0.01489000
v -0.00197700 -0.09735900 0.01489000
v -0.00197700 -0.09735900 0.01489000
v -0.00197700 -0.09735900 0.01489000
v -0.00197700 -0.09735900 0.01489000
v -0.00197700 -0.09735900 0.01489000
v -0.00197700 -0.09735900 0.01489000
v -0.00197700 -0.09735900 0.01489000
v -0.00197700 -0.09735900 0.01489000
v -0.00201800 -0.09894100 0.01483000
v -0.00201800 -0.09894100 0.01483000
v -0.00201800 -0.09894100 0.01483000
v -0.00201800 -0.09894100 0.01483000
v -0.00201800 -0.09894100 0.01483000
v -0.00201800 -0.09894100 0.01483000
v -0.00201800 -0.09894100 0.01483000
v -0.00201800 -0.09894100 0.01483000
v -0.00205000 -0.10090100 -0.01287800
v -0.00205000 -0.10090100 -0.01287800
v -0.00205000 -0.10090100 -0.01287800
v -0.00205000 -0.10090100 -0.01287800
v -0.00151300 -0.09692000 0.01886800
v -0.00151300 -0.09692000 0.01886800
v 0.00000000 -0.09720800 0.01963300
v 0.00000000 -0.09720800 0.01963300
v 0.00000000 -0.09720800 0.01963300
v 0.00000000 -0.09720800 0.01963300
v 0.00000000 -0.09720800 0.01963300
v 0.00000000 -0.09720800 0.01963300
v 0.00000000 -0.09720800 0.01963300
v 0.00000000 -0.09720800 0.01963300
v 0.00000000 -0.09720800 0.01963300
v -0.00189600 -0.09708700 0.01906800
v -0.00189600 -0.09708700 0.01906800
v -0.00189600 -0.09708700 0.01906800
v -0.00314200 -0.09672600 0.01721400
v -0.00314200 -0.09672600 0.01721400
v -0.00314200 -0.09672600 0.01721400
v -0.00314200 -0.09672600 0.01721400
v -0.00314200 -0.09672600 0.01721400
v -0.00263200 -0.09668400 0.01724500
v -0.00263200 -0.09668400 0.01724500
v -0.00263200 -0.09668400 0.01724500
v 0.00000000 -0.09545600 0.06411800
v 0.00000000 -0.09545600 0.06411800
v 0.00000000 -0.09545600 0.06411800
v 0.00000000 -0.09545600 0.06411800
v 0.00000000 -0.09545600 0.06411800
v 0.00000000 -0.09545600 0.06411800
v 0.00000000 -0.09746900 0.06216800
v 0.00000000 -0.09746900 0.06216800
v 0.00000000 -0.09746900 0.06216800
v 0.00000000 -0.09746900 0.06216800
v 0.00000000 -0.09860800 0.06087700
v 0.00000000 -0.09860800 0.06087700
v 0.00000000 -0.09860800 0.06087700
v 0.00000000 -0.09860800 0.06087700
v 0.00000000 -0.09860800 0.06087700
v 0.00000000 -0.09860800 0.06087700
v 0.00000000 -0.09860800 0.06087700
v 0.00000000 -0.09860800 0.06087700
v 0.00000000 -0.09355800 0.06558100
v 0.00000000 -0.09355800 0.06558100
v 0.00000000 -0.09355800 0.06558100
v 0.00000000 -0.09355800 0.06558100
v 0.00000000 -0.09355800 0.06558100
v 0.00000000 -0.09355800 0.06558100
v 0.00000000 -0.10023100 0.05855500
v 0.00000000 -0.10023100 0.05855500
v 0.00000000 -0.10023100 0.05855500
v 0.00000000 -0.10023100 0.05855500
v 0.00000000 -0.10023100 0.05855500
v 0.00000000 -0.10023100 0.05855500
v 0.00000000 -0.09227600 0.06597600
v 0.00000000 -0.09227600 0.06597600
v 0.00000000 -0.09227600 0.06597600
v 0.00000000 -0.09227600 0.06597600
v 0.00000000 -0.09227600 0.06597600
v 0.00000000 -0.09227600 0.06597600
v 0.00000000 -0.09227600 0.06597600
v 0.00000000 -0.09227600 0.06597600
v 0.00000000 -0.10056900 0.05736100
v 0.00000000 -0.10056900 0.05736100
v 0.00000000 -0.10056900 0.05736100
v 0.00000000 -0.10056900 0.05736100
v 0.00000000 -0.10056900 0.05736100
v 0.00000000 -0.10056900 0.05736100
v 0.00000000 -0.10054700 0.05282700
v 0.00000000 -0.10054700 0.05282700
v 0.00000000 -0.10054700 0.05282700
v 0.00000000 -0.10054700 0.05282700
v 0.00000000 -0.10054700 0.05282700
v 0.00000000 -0.10054700 0.05282700
v 0.00000000 -0.10054700 0.05282700
v 0.00000000 -0.10054700 0.05282700
v 0.00000000 -0.10013000 0.04343300
v 0.00000000 -0.10013000 0.04343300
v 0.00000000 -0.10013000 0.04343300
v 0.00000000 -0.10013000 0.04343300
v 0.00000000 -0.10013000 0.04343300
v 0.00000000 -0.10013000 0.04343300
v 0.00000000 -0.10013000 0.04343300
v 0.00000000 -0.10013000 0.04343300
v 0.00000000 -0.09935400 0.03459000
v 0.00000000 -0.09935400 0.03459000
v 0.00000000 -0.09935400 0.03459000
v 0.00000000 -0.09935400 0.03459000
v 0.00000000 -0.09935400 0.03459000
v 0.00000000 -0.09935400 0.03459000
v 0.00000000 -0.06700000 0.06600000
v 0.00000000 -0.06700000 0.06600000
v 0.00000000 -0.06700000 0.06600000
v 0.00000000 -0.06700000 0.06600000
v 0.00000000 -0.06700000 0.06600000
v 0.00000000 -0.06700000 0.06600000
v 0.00000000 -0.09843000 0.02715700
v 0.00000000 -0.09843000 0.02715700
v 0.00000000 -0.09843000 0.02715700
v 0.00000000 -0.09843000 0.02715700
v 0.00000000 -0.09843000 0.02715700
v 0.00000000 -0.09843000 0.02715700
v -0.01525500 -0.06638600 0.01107000
v -0.01525500 -0.06638600 0.01107000
v -0.01525500 -0.06638600 0.01107000
v -0.01525500 -0.06638600 0.01107000
v -0.01525500 -0.06638600 0.01107000
v -0.01525500 -0.06638600 0.01107000
v -0.01525500 -0.06638600 0.01107000
v -0.01531700 -0.02809700 0.00874200
v -0.01531700 -0.02809700 0.00874200
v -0.01531700 -0.02809700 0.00874200
v -0.01531700 -0.02809700 0.00874200
v -0.01527000 -0.02812200 0.01008700
v -0.01527000 -0.02812200 0.01008700
v -0.01527000 -0.02812200 0.01008700
v -0.01527000 -0.02812200 0.01008700
v -0.01541300 -0.03495300 0.00679600
v -0.01541300 -0.03495300 0.00679600
v -0.01541300 -0.03495300 0.00679600
v -0.01529800 0.00029100 0.00986400
v -0.01529800 0.00029100 0.00986400
v -0.01529800 0.00029100 0.00986400
v -0.01529800 0.00029100 0.00986400
v -0.01529800 0.00029100 0.00986400
v -0.01529800 0.00029100 0.00986400
v -0.01538300 0.02805900 0.00966400
v -0.01538300 0.02805900 0.00966400
v -0.01598600 0.02772000 0.00932000
v -0.01598600 0.02772000 0.00932000
v -0.01598600 0.02772000 0.00932000
v -0.01598600 0.02772000 0.00932000
v -0.01598600 0.02772000 0.00932000
v -0.01598600 0.02772000 0.00932000
v -0.01574400 -0.02785900 0.00112100
v -0.01574400 -0.02785900 0.00112100
v -0.01574400 -0.02785900 0.00112100
v -0.01574400 -0.02785900 0.00112100
v -0.01574400 -0.02785900 0.00112100
v -0.01574400 -0.02785900 0.00112100
v -0.01574400 -0.02785900 0.00112100
v -0.01574400 -0.03494800 0.00112100
v -0.01574400 -0.03494800 0.00112100
v -0.01574400 -0.03494800 0.00112100
v -0.01574400 -0.03494800 0.00112100
v -0.01574400 -0.03494800 0.00112100
v -0.01525500 0.06630700 0.01106100
v -0.01525500 0.06630700 0.01106100
v -0.01525500 0.06630700 0.01106100
v -0.01525500 0.06630700 0.01106100
v -0.01525500 0.06630700 0.01106100
v -0.01525500 0.06630700 0.01106100
v -0.01525500 -0.07197300 0.02268900
v -0.01525500 -0.07197300 0.02268900
v -0.01525500 -0.07197300 0.02268900
v -0.01525500 -0.07197300 0.02268900
v -0.01525500 -0.07185600 0.02158600
v -0.01525500 -0.07185600 0.02158600
v -0.01525400 0.06754800 0.01146300
v -0.01525400 0.06754800 0.01146300
v -0.01525400 0.06754800 0.01146300
v -0.01525400 0.06754800 0.01146300
v -0.01525500 0.06862300 0.01224500
v -0.01525500 0.06862300 0.01224500
v -0.01525500 0.06862300 0.01224500
v -0.01525500 -0.06930700 0.01320600
v -0.01525500 -0.06930700 0.01320600
v -0.01525500 -0.06930700 0.01320600
v -0.01525500 -0.06930700 0.01320600
v -0.01525800 0.03082100 0.01073800
v -0.01525800 0.03082100 0.01073800
v -0.01525800 0.03082100 0.01073800
v -0.01525800 0.03082100 0.01073800
v -0.01525500 -0.06847200 0.01210900
v -0.01525500 -0.06847200 0.01210900
v -0.01525500 -0.06847200 0.01210900
v -0.01525500 -0.06758700 0.01148800
v -0.01525500 -0.06758700 0.01148800
v -0.01525500 -0.06758700 0.01148800
v -0.01478100 -0.02838200 -0.00483400
v -0.01478100 -0.02838200 -0.00483400
v -0.01478100 -0.02838200 -0.00483400
v -0.01478100 -0.02838200 -0.00483400
v -0.01478100 -0.02838200 -0.00483400
v -0.01478100 -0.02838200 -0.00483400
v -0.01479400 -0.03496400 -0.00478300
v -0.01479400 -0.03496400 -0.00478300
v -0.01479400 -0.03496400 -0.00478300
v -0.01479400 -0.03496400 -0.00478300
v -0.01479400 -0.03496400 -0.00478300
v -0.01540700 0.02804800 0.00236800
v -0.01540700 0.02804800 0.00236800
v -0.01540700 0.02804800 0.00236800
v -0.01540700 0.02804800 0.00236800
v -0.01540700 0.02804800 0.00236800
v -0.01434800 -0.03497200 -0.00543900
v -0.01434800 -0.03497200 -0.00543900
v -0.01434800 -0.03497200 -0.00543900
v -0.01434800 -0.03497200 -0.00543900
v -0.01434800 -0.03497200 -0.00543900
v -0.01440800 -0.02857300 -0.00536100
v -0.01440800 -0.02857300 -0.00536100
v -0.01440800 -0.02857300 -0.00536100
v -0.01440800 -0.02857300 -0.00536100
v -0.01381100 -0.02886900 -0.00572900
v -0.01381100 -0.02886900 -0.00572900
v -0.01381100 -0.02886900 -0.00572900
v -0.01381100 -0.02886900 -0.00572900
v -0.01381100 -0.02886900 -0.00572900
v -0.01381100 -0.02886900 -0.00572900
v -0.01364900 -0.03498400 -0.00575400
v -0.01364900 -0.03498400 -0.00575400
v -0.01364900 -0.03498400 -0.00575400
v -0.01364900 -0.03498400 -0.00575400
v -0.01364900 -0.03498400 -0.00575400
v -0.01395600 0.09093100 0.06572000
v -0.01395600 0.09093100 0.06572000
v -0.01395600 0.09093100 0.06572000
v -0.01395600 0.09093100 0.06572000
v -0.01395600 0.09093100 0.06572000
v -0.01395600 0.09093100 0.06572000
v -0.01395600 0.09093100 0.06572000
v -0.01413800 -0.08728600 0.06573700
v -0.01413800 -0.08728600 0.06573700
v -0.01413800 -0.08728600 0.06573700
v -0.01413800 -0.08728600 0.06573700
v -0.01413800 -0.08728600 0.06573700
v -0.01413800 -0.08728600 0.06573700
v -0.01413800 -0.08728600 0.06573700
v -0.01413800 -0.08728600 0.06573700
v -0.01413800 -0.08728600 0.06573700
v -0.01413800 -0.08728600 0.06573700
v -0.01413800 -0.08728600 0.06573700
v -0.01413800 -0.08728600 0.06573700
v -0.01413800 -0.08728600 0.06573700
v -0.01145200 -0.06581300 0.06580000
v -0.01145200 -0.06581300 0.06580000
v -0.01145200 -0.06581300 0.06580000
v -0.01145200 -0.06581300 0.06580000
v -0.01145200 -0.06581300 0.06580000
v -0.01405600 0.08162000 0.06573900
v -0.01405600 0.08162000 0.06573900
v -0.01405600 0.08162000 0.06573900
v -0.01405600 0.08162000 0.06573900
v -0.01405600 0.08162000 0.06573900
v -0.01405600 0.08162000 0.06573900
v -0.01405600 0.08162000 0.06573900
v -0.01405600 0.08162000 0.06573900
v -0.01405600 0.08162000 0.06573900
v -0.01405600 0.08162000 0.06573900
v -0.01405600 0.08162000 0.06573900
v -0.01405600 0.08162000 0.06573900
v -0.01405600 0.08162000 0.06573900
v -0.01132400 0.09213000 0.06576700
v -0.01132400 0.09213000 0.06576700
v -0.01132400 0.09213000 0.06576700
v -0.01132400 0.09213000 0.06576700
v -0.01132400 0.09213000 0.06576700
v -0.01083100 -0.06659400 0.06581100
v -0.01083100 -0.06659400 0.06581100
v -0.01083100 -0.06659400 0.06581100
v -0.01083100 -0.06659400 0.06581100
v -0.01023000 -0.06681400 0.06582100
v -0.01023000 -0.06681400 0.06582100
v -0.01023000 -0.06681400 0.06582100
v -0.01023000 -0.06681400 0.06582100
v -0.01223300 -0.09178500 0.06576400
v -0.01223300 -0.09178500 0.06576400
v -0.01223300 -0.09178500 0.06576400
v -0.01223300 -0.09178500 0.06576400
v -0.01223300 -0.09178500 0.06576400
v -0.01223300 -0.09178500 0.06576400
v 0.00000000 0.06700000 0.06600000
v 0.00000000 0.06700000 0.06600000
v 0.00000000 0.06700000 0.06600000
v 0.00000000 0.06700000 0.06600000
v 0.00000000 0.06700000 0.06600000
v 0.00000000 0.06700000 0.06600000
v 0.00000000 0.09224300 0.06598000
v 0.00000000 0.09224300 0.06598000
v 0.00000000 0.09224300 0.06598000
v 0.00000000 0.09224300 0.06598000
v 0.00000000 0.09224300 0.06598000
v 0.00000000 0.09224300 0.06598000
v 0.00000000 0.09224300 0.06598000
v 0.00000000 0.09224300 0.06598000
v -0.01055800 0.06674400 0.06581600
v -0.01055800 0.06674400 0.06581600
v -0.01055800 0.06674400 0.06581600
v -0.01055800 0.06674400 0.06581600
v -0.01128300 0.06613300 0.06580300
v -0.01128300 0.06613300 0.06580300
v -0.01128300 0.06613300 0.06580300
v -0.01128300 0.06613300 0.06580300
v -0.01402400 -0.09052300 0.06570400
v -0.01402400 -0.09052300 0.06570400
v -0.01402400 -0.09052300 0.06570400
v -0.01402400 -0.09052300 0.06570400
v -0.01402400 -0.09052300 0.06570400
v -0.01149000 0.06554100 0.06579900
v -0.01149000 0.06554100 0.06579900
v -0.01149000 0.06554100 0.06579900
v -0.01149000 0.06554100 0.06579900
v 0.00000000 0.08190700 -0.00663300
v 0.00000000 0.08190700 -0.00663300
v 0.00000000 0.08190700 -0.00663300
v 0.00000000 0.08190700 -0.00663300
v 0.00000000 0.08190700 -0.00663300
v 0.00000000 0.08190700 -0.00663300
v 0.00000000 0.09197600 0.00216700
v 0.00000000 0.09197600 0.00216700
v 0.00000000 0.09197600 0.00216700
v 0.00000000 0.09197600 0.00216700
v 0.00000000 0.09197600 0.00216700
v 0.00000000 0.09197600 0.00216700
v 0.00000000 0.08425300 -0.00549400
v 0.00000000 0.08425300 -0.00549400
v 0.00000000 0.08425300 -0.00549400
v 0.00000000 0.08425300 -0.00549400
v 0.00000000 0.08425300 -0.00549400
v 0.00000000 0.08425300 -0.00549400
v 0.00000000 0.08619100 -0.00426100
v 0.00000000 0.08619100 -0.00426100
v 0.00000000 0.08619100 -0.00426100
v 0.00000000 0.08619100 -0.00426100
v 0.00000000 0.08619100 -0.00426100
v 0.00000000 0.08619100 -0.00426100
v 0.00000000 0.09340600 0.06565200
v 0.00000000 0.09340600 0.06565200
v 0.00000000 0.09340600 0.06565200
v 0.00000000 0.09340600 0.06565200
v 0.00000000 0.09340600 0.06565200
v 0.00000000 0.09340600 0.06565200
v 0.00000000 0.09003200 -0.00062700
v 0.00000000 0.09003200 -0.00062700
v 0.00000000 0.09003200 -0.00062700
v 0.00000000 0.09003200 -0.00062700
v 0.00000000 0.09003200 -0.00062700
v 0.00000000 0.09003200 -0.00062700
v 0.00000000 0.09003200 -0.00062700
v 0.00000000 0.09003200 -0.00062700
v 0.00000000 0.08814600 -0.00267200
v 0.00000000 0.08814600 -0.00267200
v 0.00000000 0.08814600 -0.00267200
v 0.00000000 0.08814600 -0.00267200
v 0.00000000 0.08814600 -0.00267200
v 0.00000000 0.08814600 -0.00267200
v 0.00000000 0.09534700 0.06420900
v 0.00000000 0.09534700 0.06420900
v 0.00000000 0.09534700 0.06420900
v 0.00000000 0.09534700 0.06420900
v 0.00000000 0.09691900 0.06275700
v 0.00000000 0.09691900 0.06275700
v 0.00000000 0.09691900 0.06275700
v 0.00000000 0.09691900 0.06275700
v 0.00000000 0.09691900 0.06275700
v 0.00000000 0.09691900 0.06275700
v 0.00000000 0.09877900 0.06064000
v 0.00000000 0.09877900 0.06064000
v 0.00000000 0.09877900 0.06064000
v 0.00000000 0.09877900 0.06064000
v 0.00000000 0.09877900 0.06064000
v 0.00000000 0.09877900 0.06064000
v 0.00000000 0.10014800 0.05871000
v 0.00000000 0.10014800 0.05871000
v 0.00000000 0.10014800 0.05871000
v 0.00000000 0.10014800 0.05871000
v 0.00000000 0.10014800 0.05871000
v 0.00000000 0.10014800 0.05871000
v 0.00000000 0.03351700 -0.00850000
v 0.00000000 0.03351700 -0.00850000
v 0.00000000 0.03351700 -0.00850000
v 0.00000000 0.03351700 -0.00850000
v 0.00000000 0.03351700 -0.00850000
v 0.00000000 0.03351700 -0.00850000
v 0.00000000 0.03199900 -0.00700800
v 0.00000000 0.03199900 -0.00700800
v 0.00000000 0.03199900 -0.00700800
v 0.00000000 0.03199900 -0.00700800
v 0.00000000 0.03199900 -0.00700800
v 0.00000000 0.03199900 -0.00700800
v 0.00000000 0.03199900 -0.00700800
v 0.00000000 0.03199900 -0.00700800
v 0.00000000 0.10057000 0.05746300
v 0.00000000 0.10057000 0.05746300
v 0.00000000 0.10057000 0.05746300
v 0.00000000 0.10057000 0.05746300
v 0.00000000 0.10057000 0.05746300
v 0.00000000 0.10057000 0.05746300
v 0.00000000 0.10057000 0.05746300
v 0.00000000 0.10057000 0.05746300
v 0.00000000 0.10052200 0.05219100
v 0.00000000 0.10052200 0.05219100
v 0.00000000 0.10052200 0.05219100
v 0.00000000 0.10052200 0.05219100
v 0.00000000 0.10052200 0.05219100
v 0.00000000 0.10052200 0.05219100
v 0.00000000 0.10016600 0.04405700
v 0.00000000 0.10016600 0.04405700
v 0.00000000 0.10016600 0.04405700
v 0.00000000 0.10016600 0.04405700
v 0.00000000 0.10016600 0.04405700
v 0.00000000 0.10016600 0.04405700
v 0.00000000 0.09912400 0.03232200
v 0.00000000 0.09912400 0.03232200
v 0.00000000 0.09912400 0.03232200
v 0.00000000 0.09912400 0.03232200
v 0.00000000 0.09912400 0.03232200
v 0.00000000 0.09912400 0.03232200
v 0.00000000 0.09912400 0.03232200
v 0.00000000 0.09912400 0.03232200
v 0.00000000 0.09753800 0.02142200
v 0.00000000 0.09753800 0.02142200
v 0.00000000 0.09753800 0.02142200
v 0.00000000 0.09753800 0.02142200
v 0.00000000 0.09753800 0.02142200
v 0.00000000 0.09753800 0.02142200
v 0.00000000 0.07273300 -0.00847700
v 0.00000000 0.07273300 -0.00847700
v 0.00000000 0.07273300 -0.00847700
v 0.00000000 0.07273300 -0.00847700
v 0.00000000 0.07273300 -0.00847700
v 0.00000000 0.07273300 -0.00847700
v 0.00000000 0.07273300 -0.00847700
v 0.00000000 0.07273300 -0.00847700
v 0.00000000 0.07273300 -0.00847700
v 0.00000000 0.07273300 -0.00847700
v 0.00000000 0.09593100 0.01289200
v 0.00000000 0.09593100 0.01289200
v 0.00000000 0.09593100 0.01289200
v 0.00000000 0.09593100 0.01289200
v 0.00000000 0.09593100 0.01289200
v 0.00000000 0.09593100 0.01289200
v 0.00000000 0.07633700 -0.00812900
v 0.00000000 0.07633700 -0.00812900
v 0.00000000 0.07633700 -0.00812900
v 0.00000000 0.07633700 -0.00812900
v 0.00000000 0.07633700 -0.00812900
v 0.00000000 0.07633700 -0.00812900
v 0.00000000 0.09505700 0.00942600
v 0.00000000 0.09505700 0.00942600
v 0.00000000 0.09505700 0.00942600
v 0.00000000 0.09505700 0.00942600
v 0.00000000 0.09505700 0.00942600
v 0.00000000 0.09505700 0.00942600
v 0.00000000 0.09422000 0.00691200
v 0.00000000 0.09422000 0.00691200
v 0.00000000 0.09422000 0.00691200
v 0.00000000 0.09422000 0.00691200
v 0.00000000 0.09422000 0.00691200
v 0.00000000 0.09422000 0.00691200
v 0.00000000 0.07924500 -0.00750300
v 0.00000000 0.07924500 -0.00750300
v 0.00000000 0.07924500 -0.00750300
v 0.00000000 0.07924500 -0.00750300
v 0.00000000 0.09313500 0.00434600
v 0.00000000 0.09313500 0.00434600
v 0.00000000 0.09313500 0.00434600
v 0.00000000 0.09313500 0.00434600
v 0.00000000 0.09313500 0.00434600
v 0.00000000 0.09313500 0.00434600
v 0.00130000 0.03202300 -0.00693600
v 0.00130000 0.03202300 -0.00693600
v -0.00218300 -0.03343600 -0.00846200
v -0.00218300 -0.03343600 -0.00846200
v -0.00218300 -0.03343600 -0.00846200
v -0.00218300 -0.03343600 -0.00846200
v -0.00218300 -0.03343600 -0.00846200
v -0.00218300 -0.03343600 -0.00846200
v -0.00580900 -0.03301300 -0.00839900
v -0.00580900 -0.03301300 -0.00839900
v -0.00580900 -0.03301300 -0.00839900
v -0.00580900 -0.03301300 -0.00839900
v -0.00580900 -0.03301300 -0.00839900
v -0.01049300 -0.03185300 -0.00831800
v -0.01049300 -0.03185300 -0.00831800
v -0.01049300 -0.03185300 -0.00831800
v -0.01049300 -0.03185300 -0.00831800
v -0.01049300 -0.03185300 -0.00831800
v -0.01049300 -0.03185300 -0.00831800
v -0.01400700 -0.07363700 -0.00820200
v -0.01400700 -0.07363700 -0.00820200
v -0.01400700 -0.07363700 -0.00820200
v -0.01400700 -0.07363700 -0.00820200
v -0.01400700 -0.07363700 -0.00820200
v -0.01400700 -0.07363700 -0.00820200
v -0.00400000 -0.07299900 -0.00841900
v -0.00400000 -0.07299900 -0.00841900
v -0.00400000 -0.07299900 -0.00841900
v -0.00400000 -0.07299900 -0.00841900
v -0.00400000 -0.07299900 -0.00841900
v -0.00400000 -0.07299900 -0.00841900
v -0.01952600 0.03413500 -0.00813100
v -0.01952600 0.03413500 -0.00813100
v -0.01952600 0.03413500 -0.00813100
v -0.01952600 0.03413500 -0.00813100
v -0.01952600 0.03413500 -0.00813100
v -0.01952600 0.03413500 -0.00813100
v -0.02478300 0.03692900 -0.00805900
v -0.02478300 0.03692900 -0.00805900
v -0.02478300 0.03692900 -0.00805900
v -0.02478300 0.03692900 -0.00805900
v -0.02478300 0.03692900 -0.00805900
v -0.02478300 0.03692900 -0.00805900
v -0.02478300 0.03692900 -0.00805900
v -0.02478300 0.03692900 -0.00805900
v -0.02478300 0.03692900 -0.00805900
v -0.02265400 0.07229500 -0.00808200
v -0.02265400 0.07229500 -0.00808200
v -0.02265400 0.07229500 -0.00808200
v -0.02265400 0.07229500 -0.00808200
v -0.00474900 0.03318400 -0.00841700
v -0.00474900 0.03318400 -0.00841700
v -0.00474900 0.03318400 -0.00841700
v -0.00474900 0.03318400 -0.00841700
v -0.00474900 0.03318400 -0.00841700
v -0.00474900 0.03318400 -0.00841700
v -0.00821600 0.03248200 -0.00835600
v -0.00821600 0.03248200 -0.00835600
v -0.00821600 0.03248200 -0.00835600
v -0.00821600 0.03248200 -0.00835600
v -0.00821600 0.03248200 -0.00835600
v -0.00821600 0.03248200 -0.00835600
v -0.00821600 0.03248200 -0.00835600
v -0.01192300 0.03136300 -0.00829900
v -0.01192300 0.03136300 -0.00829900
v -0.01192300 0.03136300 -0.00829900
v -0.01192300 0.03136300 -0.00829900
v -0.01192300 0.03136300 -0.00829900
v -0.01192300 0.03136300 -0.00829900
v -0.01711100 0.03255600 -0.00818400
v -0.01711100 0.03255600 -0.00818400
v -0.01711100 0.03255600 -0.00818400
v -0.01711100 0.03255600 -0.00818400
v -0.01711100 0.03255600 -0.00818400
v -0.01711100 0.03255600 -0.00818400
v -0.01410200 -0.09921000 0.03568000
v -0.01410200 -0.09921000 0.03568000
v -0.01410200 -0.09921000 0.03568000
v -0.01410200 -0.09921000 0.03568000
v -0.01410200 -0.09921000 0.03568000
v -0.01410200 -0.09921000 0.03568000
v -0.01402100 -0.10020600 0.04965900
v -0.01402100 -0.10020600 0.04965900
v -0.01402100 -0.10020600 0.04965900
v -0.01402100 -0.10020600 0.04965900
v -0.01402100 -0.10020600 0.04965900
v -0.01402100 -0.10020600 0.04965900
v -0.01409600 -0.09731600 0.02169000
v -0.01409600 -0.09731600 0.02169000
v -0.01409600 -0.09731600 0.02169000
v -0.01409600 -0.09731600 0.02169000
v -0.01409600 -0.09731600 0.02169000
v -0.01409600 -0.09731600 0.02169000
v -0.01409600 -0.09731600 0.02169000
v -0.01409600 -0.09731600 0.02169000
v -0.01405900 -0.09597400 0.01439900
v -0.01405900 -0.09597400 0.01439900
v -0.01405900 -0.09597400 0.01439900
v -0.01405900 -0.09597400 0.01439900
v -0.01405900 -0.09597400 0.01439900
v -0.01405900 -0.09597400 0.01439900
v -0.01405900 -0.09597400 0.01439900
v -0.01405900 -0.09597400 0.01439900
v -0.01405900 -0.09597400 0.01439900
v -0.00923200 -0.10038800 0.05701900
v -0.00923200 -0.10038800 0.05701900
v -0.00923200 -0.10038800 0.05701900
v -0.00923200 -0.10038800 0.05701900
v -0.00923200 -0.10038800 0.05701900
v -0.00923200 -0.10038800 0.05701900
v -0.00923200 -0.10038800 0.05701900
v -0.01348600 -0.10031400 0.05461900
v -0.01348600 -0.10031400 0.05461900
v -0.01348600 -0.10031400 0.05461900
v -0.01348600 -0.10031400 0.05461900
v -0.01348600 -0.10031400 0.05461900
v -0.01348600 -0.10031400 0.05461900
v -0.01386400 -0.09829300 0.02796600
v -0.01386400 -0.09829300 0.02796600
v -0.01386400 -0.09829300 0.02796600
v -0.01386400 -0.09829300 0.02796600
v -0.01386400 -0.09829300 0.02796600
v -0.01386400 -0.09829300 0.02796600
v -0.00368200 -0.09666200 0.01693800
v -0.00368200 -0.09666200 0.01693800
v -0.00368200 -0.09666200 0.01693800
v -0.00368200 -0.09666200 0.01693800
v -0.00368200 -0.09666200 0.01693800
v -0.00399200 -0.09654300 0.01634600
v -0.00399200 -0.09654300 0.01634600
v -0.00399200 -0.09654300 0.01634600
v -0.00399200 -0.09654300 0.01634600
v -0.00399200 -0.09654300 0.01634600
v -0.00399200 -0.09654300 0.01634600
v -0.01604400 -0.09726500 0.05766000
v -0.01604400 -0.09726500 0.05766000
v -0.01604400 -0.09726500 0.05766000
v -0.01604400 -0.09726500 0.05766000
v -0.01604400 -0.09726500 0.05766000
v -0.01604800 -0.09880900 0.05532100
v -0.01604800 -0.09880900 0.05532100
v -0.01604800 -0.09880900 0.05532100
v -0.01604800 -0.09880900 0.05532100
v -0.01604800 -0.09880900 0.05532100
v -0.01604800 -0.09880900 0.05532100
v -0.00969200 -0.09662900 0.06232200
v -0.00969200 -0.09662900 0.06232200
v -0.00969200 -0.09662900 0.06232200
v -0.00969200 -0.09662900 0.06232200
v -0.00969200 -0.09662900 0.06232200
v -0.01709500 -0.09493000 0.05831400
v -0.01709500 -0.09493000 0.05831400
v -0.01709500 -0.09493000 0.05831400
v -0.01709500 -0.09493000 0.05831400
v -0.01709500 -0.09493000 0.05831400
v -0.01550100 -0.09585200 0.06038800
v -0.01550100 -0.09585200 0.06038800
v -0.01550100 -0.09585200 0.06038800
v -0.01550100 -0.09585200 0.06038800
v -0.01550100 -0.09585200 0.06038800
v -0.01631000 -0.09385300 0.06169900
v -0.01631000 -0.09385300 0.06169900
v -0.01631000 -0.09385300 0.06169900
v -0.01631000 -0.09385300 0.06169900
v -0.01631000 -0.09385300 0.06169900
v -0.01631000 -0.09385300 0.06169900
v -0.01631000 -0.09385300 0.06169900
v -0.01731900 -0.09655900 0.05505600
v -0.01731900 -0.09655900 0.05505600
v -0.01731900 -0.09655900 0.05505600
v -0.01731900 -0.09655900 0.05505600
v -0.01731900 -0.09655900 0.05505600
v -0.01731900 -0.09655900 0.05505600
v -0.01127800 -0.09782400 0.06056400
v -0.01127800 -0.09782400 0.06056400
v -0.01127800 -0.09782400 0.06056400
v -0.01127800 -0.09782400 0.06056400
v -0.01127800 -0.09782400 0.06056400
v -0.01127800 -0.09782400 0.06056400
v -0.01694800 -0.09035400 0.06338800
v -0.01694800 -0.09035400 0.06338800
v -0.01694800 -0.09035400 0.06338800
v -0.01694800 -0.09035400 0.06338800
v -0.01694800 -0.09035400 0.06338800
v -0.01694800 -0.09035400 0.06338800
v -0.01672900 -0.09837300 0.05418400
v -0.01672900 -0.09837300 0.05418400
v -0.01672900 -0.09837300 0.05418400
v -0.01672900 -0.09837300 0.05418400
v -0.01672900 -0.09837300 0.05418400
v -0.01672900 -0.09837300 0.05418400
v -0.01712400 -0.09166100 0.06193700
v -0.01712400 -0.09166100 0.06193700
v -0.01712400 -0.09166100 0.06193700
v -0.01712400 -0.09166100 0.06193700
v -0.01712400 -0.09166100 0.06193700
v -0.01684800 -0.09652400 0.05687100
v -0.01684800 -0.09652400 0.05687100
v -0.01684800 -0.09652400 0.05687100
v -0.01684800 -0.09652400 0.05687100
v -0.01684800 -0.09652400 0.05687100
v -0.01684800 -0.09652400 0.05687100
v -0.01680600 -0.09295900 0.06160800
v -0.01680600 -0.09295900 0.06160800
v -0.01680600 -0.09295900 0.06160800
v -0.01680600 -0.09295900 0.06160800
v -0.01680600 -0.09295900 0.06160800
v -0.01680600 -0.09295900 0.06160800
v -0.00989600 -0.09986300 0.05823500
v -0.00989600 -0.09986300 0.05823500
v -0.00989600 -0.09986300 0.05823500
v -0.00989600 -0.09986300 0.05823500
v -0.00989600 -0.09986300 0.05823500
v -0.00989600 -0.09986300 0.05823500
v -0.00989600 -0.09986300 0.05823500
v -0.01766900 -0.09368100 0.05754300
v -0.01766900 -0.09368100 0.05754300
v -0.01766900 -0.09368100 0.05754300
v -0.01766900 -0.09368100 0.05754300
v -0.01766900 -0.09368100 0.05754300
v -0.01766900 -0.09368100 0.05754300
v -0.01766900 -0.09368100 0.05754300
v -0.01766900 -0.09368100 0.05754300
v -0.01738800 -0.09758000 0.05228800
v -0.01738800 -0.09758000 0.05228800
v -0.01738800 -0.09758000 0.05228800
v -0.01738800 -0.09758000 0.05228800
v -0.01738800 -0.09758000 0.05228800
v -0.01738800 -0.09758000 0.05228800
v -0.01738800 -0.09758000 0.05228800
v -0.01751000 -0.09083000 0.06109400
v -0.01751000 -0.09083000 0.06109400
v -0.01751000 -0.09083000 0.06109400
v -0.01751000 -0.09083000 0.06109400
v -0.01751000 -0.09083000 0.06109400
v -0.01751000 -0.09083000 0.06109400
v -0.01799000 -0.09532100 0.05020300
v -0.01799000 -0.09532100 0.05020300
v -0.01799000 -0.09532100 0.05020300
v -0.01799000 -0.09532100 0.05020300
v -0.01799000 -0.09532100 0.05020300
v -0.01799000 -0.09532100 0.05020300
v -0.01799000 -0.09532100 0.05020300
v -0.01799000 -0.09532100 0.05020300
v -0.01750100 -0.09752800 0.04964800
v -0.01750100 -0.09752800 0.04964800
v -0.01750100 -0.09752800 0.04964800
v -0.01750100 -0.09752800 0.04964800
v -0.01751700 -0.09707900 0.04404100
v -0.01751700 -0.09707900 0.04404100
v -0.01751700 -0.09707900 0.04404100
v -0.01751700 -0.09707900 0.04404100
v -0.01751700 -0.09707900 0.04404100
v -0.01751700 -0.09707900 0.04404100
v -0.01825100 -0.09299500 0.04874600
v -0.01825100 -0.09299500 0.04874600
v -0.01825100 -0.09299500 0.04874600
v -0.01825100 -0.09299500 0.04874600
v -0.01731100 -0.09594500 0.03055000
v -0.01731100 -0.09594500 0.03055000
v -0.01731100 -0.09594500 0.03055000
v -0.01731100 -0.09594500 0.03055000
v -0.01731100 -0.09594500 0.03055000
v -0.01731100 -0.09594500 0.03055000
v -0.01731100 -0.09594500 0.03055000
v -0.01247200 -0.09562400 0.06278600
v -0.01247200 -0.09562400 0.06278600
v -0.01247200 -0.09562400 0.06278600
v -0.01247200 -0.09562400 0.06278600
v -0.01247200 -0.09562400 0.06278600
v -0.01247200 -0.09562400 0.06278600
v -0.01788500 -0.09307300 0.03116100
v -0.01788500 -0.09307300 0.03116100
v -0.01788500 -0.09307300 0.03116100
v -0.01788500 -0.09307300 0.03116100
v -0.01788500 -0.09307300 0.03116100
v -0.01137800 -0.09406700 0.06480000
v -0.01137800 -0.09406700 0.06480000
v -0.01137800 -0.09406700 0.06480000
v -0.01137800 -0.09406700 0.06480000
v -0.01137800 -0.09406700 0.06480000
v -0.01137800 -0.09406700 0.06480000
v -0.01717100 -0.09325800 0.01391700
v -0.01717100 -0.09325800 0.01391700
v -0.01717100 -0.09325800 0.01391700
v -0.01717100 -0.09325800 0.01391700
v -0.01717100 -0.09325800 0.01391700
v -0.01717100 -0.09325800 0.01391700
v -0.01717100 -0.09325800 0.01391700
v -0.01717100 -0.09325800 0.01391700
v -0.01771100 -0.09048200 0.01480500
v -0.01771100 -0.09048200 0.01480500
v -0.01771100 -0.09048200 0.01480500
v -0.01771100 -0.09048200 0.01480500
v -0.01771100 -0.09048200 0.01480500
v -0.01771100 -0.09048200 0.01480500
v -0.01298500 -0.09945800 0.05770700
v -0.01298500 -0.09945800 0.05770700
v -0.01298500 -0.09945800 0.05770700
v -0.01298500 -0.09945800 0.05770700
v -0.01298500 -0.09945800 0.05770700
v -0.01298500 -0.09945800 0.05770700
v -0.01709600 -0.09175800 0.00828100
v -0.01709600 -0.09175800 0.00828100
v -0.01709600 -0.09175800 0.00828100
v -0.01709600 -0.09175800 0.00828100
v -0.01709600 -0.09175800 0.00828100
v -0.01780400 -0.08805700 0.00973500
v -0.01780400 -0.08805700 0.00973500
v -0.01780400 -0.08805700 0.00973500
v -0.01780400 -0.08805700 0.00973500
v -0.01780400 -0.08805700 0.00973500
v -0.01702100 -0.09012900 0.00400800
v -0.01702100 -0.09012900 0.00400800
v -0.01702100 -0.09012900 0.00400800
v -0.01702100 -0.09012900 0.00400800
v -0.01702100 -0.09012900 0.00400800
v -0.01339000 -0.09355500 0.06480000
v -0.01339000 -0.09355500 0.06480000
v -0.01339000 -0.09355500 0.06480000
v -0.01339000 -0.09355500 0.06480000
v -0.01339000 -0.09355500 0.06480000
v -0.01339000 -0.09355500 0.06480000
v -0.01824800 -0.08454900 0.00954800
v -0.01824800 -0.08454900 0.00954800
v -0.01824800 -0.08454900 0.00954800
v -0.01824800 -0.08454900 0.00954800
v -0.01824800 -0.08454900 0.00954800
v -0.01824800 -0.08454900 0.00954800
v -0.01824800 -0.08454900 0.00954800
v -0.01824800 -0.08454900 0.00954800
v -0.01778500 -0.08893300 0.06070000
v -0.01778500 -0.08893300 0.06070000
v -0.01778500 -0.08893300 0.06070000
v -0.01778500 -0.08893300 0.06070000
v -0.01778500 -0.08893300 0.06070000
v -0.01778500 -0.08893300 0.06070000
v -0.01792900 -0.09212000 0.05757800
v -0.01792900 -0.09212000 0.05757800
v -0.01792900 -0.09212000 0.05757800
v -0.01792900 -0.09212000 0.05757800
v -0.01792900 -0.09212000 0.05757800
v -0.01695700 -0.08845500 0.00096600
v -0.01695700 -0.08845500 0.00096600
v -0.01695700 -0.08845500 0.00096600
v -0.01695700 -0.08845500 0.00096600
v -0.01695700 -0.08845500 0.00096600
v -0.01695700 -0.08845500 0.00096600
v -0.01695700 -0.08845500 0.00096600
v -0.01390500 -0.09571900 0.06199600
v -0.01390500 -0.09571900 0.06199600
v -0.01390500 -0.09571900 0.06199600
v -0.01390500 -0.09571900 0.06199600
v -0.01390500 -0.09571900 0.06199600
v -0.01732000 -0.08840900 0.06296900
v -0.01732000 -0.08840900 0.06296900
v -0.01732000 -0.08840900 0.06296900
v -0.01732000 -0.08840900 0.06296900
v -0.01732000 -0.08840900 0.06296900
v -0.01825000 -0.07915500 0.00396000
v -0.01825000 -0.07915500 0.00396000
v -0.01825000 -0.07915500 0.00396000
v -0.01825000 -0.07915500 0.00396000
v -0.01825000 -0.07915500 0.00396000
v -0.01825000 -0.07915500 0.00396000
v -0.01791200 -0.09458600 0.05424800
v -0.01791200 -0.09458600 0.05424800
v -0.01791200 -0.09458600 0.05424800
v -0.01791200 -0.09458600 0.05424800
v -0.01791200 -0.09458600 0.05424800
v -0.01394700 -0.09495300 0.06292400
v -0.01394700 -0.09495300 0.06292400
v -0.01394700 -0.09495300 0.06292400
v -0.01394700 -0.09495300 0.06292400
v -0.01394700 -0.09495300 0.06292400
v -0.01394700 -0.09495300 0.06292400
v -0.01825000 -0.08402400 0.05801300
v -0.01825000 -0.08402400 0.05801300
v -0.01825000 -0.08402400 0.05801300
v -0.01825000 -0.08402400 0.05801300
v -0.01825000 -0.08402400 0.05801300
v -0.01825000 -0.08402400 0.05801300
v -0.01825000 -0.08402400 0.05801300
v -0.01825000 -0.08402400 0.05801300
v -0.01733600 -0.08141000 0.06283100
v -0.01733600 -0.08141000 0.06283100
v -0.01733600 -0.08141000 0.06283100
v -0.01733600 -0.08141000 0.06283100
v -0.01733600 -0.08141000 0.06283100
v -0.01733600 -0.08141000 0.06283100
v -0.01756600 -0.08019300 -0.00045100
v -0.01756600 -0.08019300 -0.00045100
v -0.01756600 -0.08019300 -0.00045100
v -0.01756600 -0.08019300 -0.00045100
v -0.01756600 -0.08019300 -0.00045100
v -0.01697700 -0.08238200 -0.00393400
v -0.01697700 -0.08238200 -0.00393400
v -0.01697700 -0.08238200 -0.00393400
v -0.01697700 -0.08238200 -0.00393400
v -0.01697700 -0.08238200 -0.00393400
v -0.01708000 -0.07817600 -0.00498800
v -0.01708000 -0.07817600 -0.00498800
v -0.01708000 -0.07817600 -0.00498800
v -0.01708000 -0.07817600 -0.00498800
v -0.01708000 -0.07817600 -0.00498800
v -0.01708000 -0.07817600 -0.00498800
v -0.01708000 -0.07817600 -0.00498800
v -0.01825000 -0.07359300 0.00118200
v -0.01825000 -0.07359300 0.00118200
v -0.01825000 -0.07359300 0.00118200
v -0.01825000 -0.07359300 0.00118200
v -0.01825000 -0.07359300 0.00118200
v -0.01825000 -0.07359300 0.00118200
v -0.01386200 -0.09941200 0.05715300
v -0.01386200 -0.09941200 0.05715300
v -0.01386200 -0.09941200 0.05715300
v -0.01386200 -0.09941200 0.05715300
v -0.01386200 -0.09941200 0.05715300
v -0.01692200 -0.08644700 -0.00148400
v -0.01692200 -0.08644700 -0.00148400
v -0.01692200 -0.08644700 -0.00148400
v -0.01692200 -0.08644700 -0.00148400
v -0.01692200 -0.08644700 -0.00148400
v -0.01692200 -0.08644700 -0.00148400
v -0.01480700 -0.09313300 0.06443500
v -0.01480700 -0.09313300 0.06443500
v -0.01480700 -0.09313300 0.06443500
v -0.01480700 -0.09313300 0.06443500
v -0.01480700 -0.09313300 0.06443500
v -0.01480700 -0.09313300 0.06443500
v -0.01466800 -0.09550600 0.06171300
v -0.01466800 -0.09550600 0.06171300
v -0.01466800 -0.09550600 0.06171300
v -0.01466800 -0.09550600 0.06171300
v -0.01466800 -0.09550600 0.06171300
v -0.01466800 -0.09550600 0.06171300
v -0.01466800 -0.09550600 0.06171300
v -0.01715100 -0.07364400 -0.00552300
v -0.01715100 -0.07364400 -0.00552300
v -0.01715100 -0.07364400 -0.00552300
v -0.01715100 -0.07364400 -0.00552300
v -0.01715100 -0.07364400 -0.00552300
v -0.01715100 -0.07364400 -0.00552300
v -0.01533200 -0.09399100 0.06294900
v -0.01533200 -0.09399100 0.06294900
v -0.01533200 -0.09399100 0.06294900
v -0.01533200 -0.09399100 0.06294900
v -0.01533200 -0.09399100 0.06294900
v -0.01533200 -0.09399100 0.06294900
v -0.01824100 -0.09188700 0.05447700
v -0.01824100 -0.09188700 0.05447700
v -0.01824100 -0.09188700 0.05447700
v -0.01824100 -0.09188700 0.05447700
v -0.01824100 -0.09188700 0.05447700
v -0.01824100 -0.09188700 0.05447700
v -0.01824100 -0.09188700 0.05447700
v -0.01824100 -0.09188700 0.05447700
v -0.01495400 -0.09932100 0.05627500
v -0.01495400 -0.09932100 0.05627500
v -0.01495400 -0.09932100 0.05627500
v -0.01495400 -0.09932100 0.05627500
v -0.01495400 -0.09932100 0.05627500
v -0.01495400 -0.09932100 0.05627500
v -0.01495400 -0.09932100 0.05627500
v -0.01495400 -0.09932100 0.05627500
v -0.00502900 -0.09980800 0.05901800
v -0.00502900 -0.09980800 0.05901800
v -0.00502900 -0.09980800 0.05901800
v -0.00502900 -0.09980800 0.05901800
v -0.00502900 -0.09980800 0.05901800
v -0.00370400 -0.09690900 0.06261600
v -0.00370400 -0.09690900 0.06261600
v -0.00370400 -0.09690900 0.06261600
v -0.00370400 -0.09690900 0.06261600
v -0.00370400 -0.09690900 0.06261600
v -0.00370400 -0.09690900 0.06261600
v -0.00370400 -0.09690900 0.06261600
v -0.01824800 -0.08963600 0.05662400
v -0.01824800 -0.08963600 0.05662400
v -0.01824800 -0.08963600 0.05662400
v -0.01824800 -0.08963600 0.05662400
v -0.01824800 -0.08963600 0.05662400
v -0.00741600 -0.09860100 0.06036200
v -0.00741600 -0.09860100 0.06036200
v -0.00741600 -0.09860100 0.06036200
v -0.00741600 -0.09860100 0.06036200
v -0.00741600 -0.09860100 0.06036200
v -0.00741600 -0.09860100 0.06036200
v -0.01588700 -0.09228200 0.06406400
v -0.01588700 -0.09228200 0.06406400
v -0.01588700 -0.09228200 0.06406400
v -0.01588700 -0.09228200 0.06406400
v -0.01588700 -0.09228200 0.06406400
v -0.01588700 -0.09228200 0.06406400
v -0.01588700 -0.09228200 0.06406400
v -0.00870500 -0.09386300 0.06517300
v -0.00870500 -0.09386300 0.06517300
v -0.00870500 -0.09386300 0.06517300
v -0.00870500 -0.09386300 0.06517300
v -0.00870500 -0.09386300 0.06517300
v -0.00870500 -0.09386300 0.06517300
v -0.01645500 -0.09149200 0.06374700
v -0.01645500 -0.09149200 0.06374700
v -0.01645500 -0.09149200 0.06374700
v -0.01645500 -0.09149200 0.06374700
v -0.01645500 -0.09149200 0.06374700
v -0.01645500 -0.09149200 0.06374700
v -0.01785700 0.07609200 0.02556700
v -0.01785700 0.07609200 0.02556700
v -0.01785700 0.07609200 0.02556700
v -0.01785700 0.07609200 0.02556700
v -0.01785700 0.07609200 0.02556700
v -0.01785700 0.07609200 0.02556700
v -0.01785700 0.07609200 0.02556700
v -0.01785700 0.07609200 0.02556700
v -0.01785700 0.07609200 0.02556700
v -0.02032900 0.08272100 0.02274200
v -0.02032900 0.08272100 0.02274200
v -0.02032900 0.08272100 0.02274200
v -0.02032900 0.08272100 0.02274200
v -0.02032900 0.08272100 0.02274200
v -0.02032900 0.08272100 0.02274200
v -0.01917500 0.08650000 0.03726200
v -0.01917500 0.08650000 0.03726200
v -0.01917500 0.08650000 0.03726200
v -0.01917500 0.08650000 0.03726200
v -0.01917500 0.08650000 0.03726200
v -0.01917500 0.08650000 0.03726200
v -0.01917500 0.08650000 0.03726200
v -0.01917500 0.08650000 0.03726200
v -0.01812300 0.07934600 0.02859700
v -0.01812300 0.07934600 0.02859700
v -0.01812300 0.07934600 0.02859700
v -0.01812300 0.07934600 0.02859700
v -0.01812300 0.07934600 0.02859700
v -0.01812300 0.07934600 0.02859700
v -0.01812300 0.07934600 0.02859700
v -0.02211000 0.09042700 0.03104600
v -0.02211000 0.09042700 0.03104600
v -0.02211000 0.09042700 0.03104600
v -0.02211000 0.09042700 0.03104600
v -0.02211000 0.09042700 0.03104600
v -0.02211000 0.09042700 0.03104600
v -0.01871500 0.08513300 0.03771300
v -0.01871500 0.08513300 0.03771300
v -0.01871500 0.08513300 0.03771300
v -0.01871500 0.08513300 0.03771300
v -0.01826000 0.08106100 0.04406700
v -0.01826000 0.08106100 0.04406700
v -0.01826000 0.08106100 0.04406700
v -0.01826000 0.08106100 0.04406700
v -0.01826000 0.08106100 0.04406700
v -0.01826000 0.08106100 0.04406700
v -0.02072100 0.09240200 0.04329000
v -0.02072100 0.09240200 0.04329000
v -0.02072100 0.09240200 0.04329000
v -0.02072100 0.09240200 0.04329000
v -0.01887400 0.08946100 0.05670900
v -0.01887400 0.08946100 0.05670900
v -0.01887400 0.08946100 0.05670900
v -0.01887400 0.08946100 0.05670900
v -0.01887400 0.08946100 0.05670900
v -0.01887400 0.08946100 0.05670900
v -0.01887400 0.08946100 0.05670900
v -0.01887400 0.08946100 0.05670900
v -0.01932800 0.09227000 0.05330700
v -0.01932800 0.09227000 0.05330700
v -0.01932800 0.09227000 0.05330700
v -0.01932800 0.09227000 0.05330700
v -0.01932800 0.09227000 0.05330700
v -0.01932800 0.09227000 0.05330700
v -0.01932800 0.09227000 0.05330700
v -0.01991200 0.09287800 0.04919700
v -0.01991200 0.09287800 0.04919700
v -0.01991200 0.09287800 0.04919700
v -0.01991200 0.09287800 0.04919700
v -0.01991200 0.09287800 0.04919700
v -0.01836500 0.08324300 0.05208500
v -0.01836500 0.08324300 0.05208500
v -0.01836500 0.08324300 0.05208500
v -0.01827200 0.08228200 0.05795000
v -0.01827200 0.08228200 0.05795000
v -0.01827200 0.08228200 0.05795000
v -0.01827200 0.08228200 0.05795000
v -0.01827200 0.08228200 0.05795000
v -0.01827200 0.08228200 0.05795000
v -0.01827200 0.08228200 0.05795000
v -0.01827200 0.08228200 0.05795000
v -0.01778400 0.07098600 0.03128900
v -0.01778400 0.07098600 0.03128900
v -0.01778400 0.07098600 0.03128900
v -0.01778400 0.07098600 0.03128900
v -0.01778400 0.07098600 0.03128900
v -0.01778400 0.07098600 0.03128900
v -0.01778400 0.07098600 0.03128900
v -0.01778400 0.07098600 0.03128900
v -0.01778400 0.07098600 0.03128900
v -0.01773000 -0.06843500 0.02680900
v -0.01773000 -0.06843500 0.02680900
v -0.01773000 -0.06843500 0.02680900
v -0.01773000 -0.06843500 0.02680900
v -0.01773000 -0.06843500 0.02680900
v -0.01773000 -0.06843500 0.02680900
v -0.01773000 -0.06843500 0.02680900
v -0.01774900 -0.07007700 0.02642400
v -0.01774900 -0.07007700 0.02642400
v -0.01774900 -0.07007700 0.02642400
v -0.01774900 -0.07007700 0.02642400
v -0.01773100 -0.07100700 0.02564400
v -0.01773100 -0.07100700 0.02564400
v -0.01773100 -0.07100700 0.02564400
v -0.01773100 -0.07100700 0.02564400
v -0.01773100 -0.07100700 0.02564400
v -0.01773100 -0.07100700 0.02564400
v -0.01781600 -0.07629500 0.03292800
v -0.01781600 -0.07629500 0.03292800
v -0.01781600 -0.07629500 0.03292800
v -0.01781600 -0.07629500 0.03292800
v -0.01781600 -0.07629500 0.03292800
v -0.01781600 -0.07629500 0.03292800
v -0.01781600 -0.07629500 0.03292800
v -0.01781600 -0.07629500 0.03292800
v -0.01781600 -0.07629500 0.03292800
v -0.01774000 0.06959000 0.01304500
v -0.01774000 0.06959000 0.01304500
v -0.01774000 0.06959000 0.01304500
v -0.01774000 0.06959000 0.01304500
v -0.01774000 0.06959000 0.01304500
v -0.01774000 0.06959000 0.01304500
v -0.01792400 0.07042800 0.01237500
v -0.01792400 0.07042800 0.01237500
v -0.01792400 0.07042800 0.01237500
v -0.01792400 0.07042800 0.01237500
v -0.01792400 0.07042800 0.01237500
v -0.01792400 0.07042800 0.01237500
v -0.01792400 0.07042800 0.01237500
v -0.01792400 0.07042800 0.01237500
v -0.01771800 0.07222000 0.02149600
v -0.01771800 0.07222000 0.02149600
v -0.01771800 0.07222000 0.02149600
v -0.01771800 0.07222000 0.02149600
v -0.01771800 0.07222000 0.02149600
v -0.01771800 0.07222000 0.02149600
v -0.01771800 0.07222000 0.02149600
v -0.01774100 0.07233500 0.02313400
v -0.01774100 0.07233500 0.02313400
v -0.01774100 0.07233500 0.02313400
v -0.01774100 0.07233500 0.02313400
v -0.01771500 0.06857800 0.02677700
v -0.01771500 0.06857800 0.02677700
v -0.01771500 0.06857800 0.02677700
v -0.01771500 0.06857800 0.02677700
v -0.01771500 0.06857800 0.02677700
v -0.01771500 0.06857800 0.02677700
v -0.01857200 0.07278400 0.01231300
v -0.01857200 0.07278400 0.01231300
v -0.01857200 0.07278400 0.01231300
v -0.01857200 0.07278400 0.01231300
v -0.01857200 0.07278400 0.01231300
v -0.01857200 0.07278400 0.01231300
v -0.01771300 0.06990300 0.02634800
v -0.01771300 0.06990300 0.02634800
v -0.01771300 0.06990300 0.02634800
v -0.01771300 0.06990300 0.02634800
v -0.01771300 0.06990300 0.02634800
v -0.01771300 0.06990300 0.02634800
v -0.01923600 0.08104600 0.02463900
v -0.01923600 0.08104600 0.02463900
v -0.01923600 0.08104600 0.02463900
v -0.01923600 0.08104600 0.02463900
v -0.01923600 0.08104600 0.02463900
v -0.01854500 0.08113000 0.02866500
v -0.01854500 0.08113000 0.02866500
v -0.01854500 0.08113000 0.02866500
v -0.01854500 0.08113000 0.02866500
v -0.01854500 0.08113000 0.02866500
v -0.01854500 0.08113000 0.02866500
v -0.02123600 0.07894600 0.01174800
v -0.02123600 0.07894600 0.01174800
v -0.02123600 0.07894600 0.01174800
v -0.02123600 0.07894600 0.01174800
v -0.02123600 0.07894600 0.01174800
v -0.02123600 0.07894600 0.01174800
v -0.02123600 0.07894600 0.01174800
v -0.01771000 0.07186900 0.02436200
v -0.01771000 0.07186900 0.02436200
v -0.01771000 0.07186900 0.02436200
v -0.01771000 0.07186900 0.02436200
v -0.01771000 0.07186900 0.02436200
v -0.01771000 0.07186900 0.02436200
v -0.01771000 0.07186900 0.02436200
v -0.01774800 0.07134900 0.02541400
v -0.01774800 0.07134900 0.02541400
v -0.01774800 0.07134900 0.02541400
v -0.01774800 0.07134900 0.02541400
v -0.01774800 0.07134900 0.02541400
v -0.02421200 0.08571200 0.01263700
v -0.02421200 0.08571200 0.01263700
v -0.02421200 0.08571200 0.01263700
v -0.02421200 0.08571200 0.01263700
v -0.02334400 0.08791200 0.02022500
v -0.02334400 0.08791200 0.02022500
v -0.02334400 0.08791200 0.02022500
v -0.02334400 0.08791200 0.02022500
v -0.02334400 0.08791200 0.02022500
v -0.02334400 0.08791200 0.02022500
v -0.01774000 -0.07193200 0.02441400
v -0.01774000 -0.07193200 0.02441400
v -0.01774000 -0.07193200 0.02441400
v -0.01774000 -0.07193200 0.02441400
v -0.01774000 -0.07193200 0.02441400
v -0.02003500 0.07641600 0.01209800
v -0.02003500 0.07641600 0.01209800
v -0.02003500 0.07641600 0.01209800
v -0.02003500 0.07641600 0.01209800
v -0.02003500 0.07641600 0.01209800
v -0.01824900 -0.02628600 0.00099500
v -0.01824900 -0.02628600 0.00099500
v -0.01824900 -0.02628600 0.00099500
v -0.01824900 -0.02628600 0.00099500
v -0.01725300 -0.02695400 -0.00526500
v -0.01725300 -0.02695400 -0.00526500
v -0.01725300 -0.02695400 -0.00526500
v -0.01725300 -0.02695400 -0.00526500
v -0.01725300 -0.02695400 -0.00526500
v -0.01725300 -0.02695400 -0.00526500
v -0.02212800 0.07617100 0.00726400
v -0.02212800 0.07617100 0.00726400
v -0.02212800 0.07617100 0.00726400
v -0.02212800 0.07617100 0.00726400
v -0.02212800 0.07617100 0.00726400
v -0.02212800 0.07617100 0.00726400
v -0.01789200 0.02693500 0.00954100
v -0.01789200 0.02693500 0.00954100
v -0.01789200 0.02693500 0.00954100
v -0.01789200 0.02693500 0.00954100
v -0.01789200 0.02693500 0.00954100
v -0.01789200 0.02693500 0.00954100
v -0.02564200 0.07851900 0.00355200
v -0.02564200 0.07851900 0.00355200
v -0.02564200 0.07851900 0.00355200
v -0.02564200 0.07851900 0.00355200
v -0.02564200 0.07851900 0.00355200
v -0.02564200 0.07851900 0.00355200
v -0.02564200 0.07851900 0.00355200
v -0.02564200 0.07851900 0.00355200
v -0.01841300 0.06721900 0.00915400
v -0.01841300 0.06721900 0.00915400
v -0.01841300 0.06721900 0.00915400
v -0.01841300 0.06721900 0.00915400
v -0.01841300 0.06721900 0.00915400
v -0.01841300 0.06721900 0.00915400
v -0.01841300 0.06721900 0.00915400
v -0.01794500 0.06854300 0.01061500
v -0.01794500 0.06854300 0.01061500
v -0.01794500 0.06854300 0.01061500
v -0.01794500 0.06854300 0.01061500
v -0.01794500 0.06854300 0.01061500
v -0.01794500 0.06854300 0.01061500
v -0.01794500 0.06854300 0.01061500
v -0.01775500 0.06726800 0.01095400
v -0.01775500 0.06726800 0.01095400
v -0.01775500 0.06726800 0.01095400
v -0.01775500 0.06726800 0.01095400
v -0.01775500 0.06726800 0.01095400
v -0.01775500 0.06726800 0.01095400
v -0.01775500 0.06726800 0.01095400
v -0.01775500 0.06726800 0.01095400
v -0.01772100 0.06867700 0.01191900
v -0.01772100 0.06867700 0.01191900
v -0.01772100 0.06867700 0.01191900
v -0.01772100 0.06867700 0.01191900
v -0.01772100 0.06867700 0.01191900
v -0.01772100 0.06867700 0.01191900
v -0.02596200 0.07607900 0.00215900
v -0.02596200 0.07607900 0.00215900
v -0.02596200 0.07607900 0.00215900
v -0.02596200 0.07607900 0.00215900
v -0.02596200 0.07607900 0.00215900
v -0.02149100 0.07753200 0.00949600
v -0.02149100 0.07753200 0.00949600
v -0.02149100 0.07753200 0.00949600
v -0.02149100 0.07753200 0.00949600
v -0.02149100 0.07753200 0.00949600
v -0.02149100 0.07753200 0.00949600
v -0.01966400 0.06746500 0.00746600
v -0.01966400 0.06746500 0.00746600
v -0.01966400 0.06746500 0.00746600
v -0.01966400 0.06746500 0.00746600
v -0.01966400 0.06746500 0.00746600
v -0.01966400 0.06746500 0.00746600
v -0.02575300 0.05631300 0.00237300
v -0.02575300 0.05631300 0.00237300
v -0.02575300 0.05631300 0.00237300
v -0.02575300 0.05631300 0.00237300
v -0.02272900 0.05958000 0.00472600
v -0.02272900 0.05958000 0.00472600
v -0.02272900 0.05958000 0.00472600
v -0.02272900 0.05958000 0.00472600
v -0.02272900 0.05958000 0.00472600
v -0.02272900 0.05958000 0.00472600
v -0.02272900 0.05958000 0.00472600
v -0.01838500 0.02730400 0.00102400
v -0.01838500 0.02730400 0.00102400
v -0.01838500 0.02730400 0.00102400
v -0.01838500 0.02730400 0.00102400
v -0.01838500 0.02730400 0.00102400
v -0.01838500 0.02730400 0.00102400
v -0.02490100 0.08293000 0.00768500
v -0.02490100 0.08293000 0.00768500
v -0.02490100 0.08293000 0.00768500
v -0.02490100 0.08293000 0.00768500
v -0.02490100 0.08293000 0.00768500
v -0.01983000 0.06876300 0.00735400
v -0.01983000 0.06876300 0.00735400
v -0.01983000 0.06876300 0.00735400
v -0.01983000 0.06876300 0.00735400
v -0.01983000 0.06876300 0.00735400
v -0.01983000 0.06876300 0.00735400
v -0.01889100 0.02856300 0.00216700
v -0.01889100 0.02856300 0.00216700
v -0.01889100 0.02856300 0.00216700
v -0.01889100 0.02856300 0.00216700
v -0.01889100 0.02856300 0.00216700
v -0.01889100 0.02856300 0.00216700
v -0.02450400 0.08474000 0.01037500
v -0.02450400 0.08474000 0.01037500
v -0.02450400 0.08474000 0.01037500
v -0.02450400 0.08474000 0.01037500
v -0.02450400 0.08474000 0.01037500
v -0.02450400 0.08474000 0.01037500
v -0.01985700 0.07064200 0.00785100
v -0.01985700 0.07064200 0.00785100
v -0.01985700 0.07064200 0.00785100
v -0.01985700 0.07064200 0.00785100
v -0.01985700 0.07064200 0.00785100
v -0.02527300 0.08088000 0.00547100
v -0.02527300 0.08088000 0.00547100
v -0.02527300 0.08088000 0.00547100
v -0.02527300 0.08088000 0.00547100
v -0.01943000 0.07219200 0.00935700
v -0.01943000 0.07219200 0.00935700
v -0.01943000 0.07219200 0.00935700
v -0.01943000 0.07219200 0.00935700
v -0.01943000 0.07219200 0.00935700
v -0.01943000 0.07219200 0.00935700
v -0.01943000 0.07219200 0.00935700
v -0.01870000 0.06902300 0.00909300
v -0.01870000 0.06902300 0.00909300
v -0.01870000 0.06902300 0.00909300
v -0.01870000 0.06902300 0.00909300
v -0.01870000 0.06902300 0.00909300
v -0.01870000 0.06902300 0.00909300
v -0.02001400 0.02999700 0.00385800
v -0.02001400 0.02999700 0.00385800
v -0.02001400 0.02999700 0.00385800
v -0.02001400 0.02999700 0.00385800
v -0.02001400 0.02999700 0.00385800
v -0.02184500 0.07192300 0.00561200
v -0.02184500 0.07192300 0.00561200
v -0.02184500 0.07192300 0.00561200
v -0.02184500 0.07192300 0.00561200
v -0.02184500 0.07192300 0.00561200
v -0.02184500 0.07192300 0.00561200
v -0.02184500 0.07192300 0.00561200
v -0.02076500 0.03073300 0.00400200
v -0.02076500 0.03073300 0.00400200
v -0.02076500 0.03073300 0.00400200
v -0.02076500 0.03073300 0.00400200
v -0.02076500 0.03073300 0.00400200
v -0.02076500 0.03073300 0.00400200
v -0.01844500 0.07102500 0.01078300
v -0.01844500 0.07102500 0.01078300
v -0.01844500 0.07102500 0.01078300
v -0.01844500 0.07102500 0.01078300
v -0.01844500 0.07102500 0.01078300
v -0.01844500 0.07102500 0.01078300
v -0.01971400 0.02990400 0.00128500
v -0.01971400 0.02990400 0.00128500
v -0.01971400 0.02990400 0.00128500
v -0.01971400 0.02990400 0.00128500
v -0.01971400 0.02990400 0.00128500
v -0.01971400 0.02990400 0.00128500
v -0.01971400 0.02990400 0.00128500
v -0.02142800 0.03157700 0.00447000
v -0.02142800 0.03157700 0.00447000
v -0.02142800 0.03157700 0.00447000
v -0.02142800 0.03157700 0.00447000
v -0.02142800 0.03157700 0.00447000
v -0.01780100 -0.07776300 0.02604900
v -0.01780100 -0.07776300 0.02604900
v -0.01780100 -0.07776300 0.02604900
v -0.01780100 -0.07776300 0.02604900
v -0.01780100 -0.07776300 0.02604900
v -0.01780100 -0.07776300 0.02604900
v -0.01780100 -0.07776300 0.02604900
v -0.01780100 -0.07776300 0.02604900
v -0.01780100 -0.07776300 0.02604900
v -0.01780100 -0.07776300 0.02604900
v -0.01780100 -0.07776300 0.02604900
v -0.01774100 -0.07238200 0.02200500
v -0.01774100 -0.07238200 0.02200500
v -0.01774100 -0.07238200 0.02200500
v -0.01774100 -0.07238200 0.02200500
v -0.02105200 0.07302400 0.00712200
v -0.02105200 0.07302400 0.00712200
v -0.02105200 0.07302400 0.00712200
v -0.02105200 0.07302400 0.00712200
v -0.02105200 0.07302400 0.00712200
v -0.02089800 0.03079900 0.00260700
v -0.02089800 0.03079900 0.00260700
v -0.02089800 0.03079900 0.00260700
v -0.02089800 0.03079900 0.00260700
v -0.02089800 0.03079900 0.00260700
v -0.02089800 0.03079900 0.00260700
v -0.02089800 0.03079900 0.00260700
v -0.02205700 0.06956500 0.00496600
v -0.02205700 0.06956500 0.00496600
v -0.02205700 0.06956500 0.00496600
v -0.02205700 0.06956500 0.00496600
v -0.02205700 0.06956500 0.00496600
v -0.02205700 0.06956500 0.00496600
v -0.02205700 0.06956500 0.00496600
v -0.02188100 0.03147000 0.00307900
v -0.02188100 0.03147000 0.00307900
v -0.02188100 0.03147000 0.00307900
v -0.02188100 0.03147000 0.00307900
v -0.02188100 0.03147000 0.00307900
v -0.02188100 0.03147000 0.00307900
v -0.01778500 -0.06935700 0.00953400
v -0.01778500 -0.06935700 0.00953400
v -0.01778500 -0.06935700 0.00953400
v -0.01778500 -0.06935700 0.00953400
v -0.01778500 -0.06935700 0.00953400
v -0.01778500 -0.06935700 0.00953400
v -0.01778500 -0.06935700 0.00953400
v -0.01778500 -0.06935700 0.00953400
v -0.01778500 -0.06935700 0.00953400
v -0.01778500 -0.06935700 0.00953400
v -0.02642500 0.07150000 0.00101500
v -0.02642500 0.07150000 0.00101500
v -0.02642500 0.07150000 0.00101500
v -0.02642500 0.07150000 0.00101500
v -0.02642500 0.07150000 0.00101500
v -0.02642500 0.07150000 0.00101500
v -0.01967400 0.07449500 0.01077000
v -0.01967400 0.07449500 0.01077000
v -0.01967400 0.07449500 0.01077000
v -0.01967400 0.07449500 0.01077000
v -0.01967400 0.07449500 0.01077000
v -0.01967400 0.07449500 0.01077000
v -0.02619900 0.07397400 0.00136600
v -0.02619900 0.07397400 0.00136600
v -0.02619900 0.07397400 0.00136600
v -0.02619900 0.07397400 0.00136600
v -0.02619900 0.07397400 0.00136600
v -0.02619900 0.07397400 0.00136600
v -0.01791500 0.06647200 0.01015000
v -0.01791500 0.06647200 0.01015000
v -0.01791500 0.06647200 0.01015000
v -0.01791500 0.06647200 0.01015000
v -0.01791500 0.06647200 0.01015000
v -0.01791500 0.06647200 0.01015000
v -0.01791500 0.06647200 0.01015000
v -0.01771500 -0.06585600 0.01073000
v -0.01771500 -0.06585600 0.01073000
v -0.01771500 -0.06585600 0.01073000
v -0.01771500 -0.06585600 0.01073000
v -0.01771500 -0.06585600 0.01073000
v -0.01771500 -0.06585600 0.01073000
v -0.01771500 -0.06585600 0.01073000
v -0.01785600 -0.02655500 0.00779700
v -0.01785600 -0.02655500 0.00779700
v -0.01785600 -0.02655500 0.00779700
v -0.01785600 -0.02655500 0.00779700
v -0.01785600 -0.02655500 0.00779700
v -0.01785600 -0.02655500 0.00779700
v -0.01785600 -0.02655500 0.00779700
v -0.01785600 -0.02655500 0.00779700
v -0.01785600 -0.02655500 0.00779700
v -0.01785600 -0.02655500 0.00779700
v -0.01771700 0.02181700 0.01073500
v -0.01771700 0.02181700 0.01073500
v -0.01771700 0.02181700 0.01073500
v -0.01771700 0.02181700 0.01073500
v -0.01771700 0.02181700 0.01073500
v -0.01771700 0.02181700 0.01073500
v -0.01771700 0.02181700 0.01073500
v -0.01786500 0.02380500 0.00780000
v -0.01786500 0.02380500 0.00780000
v -0.01786500 0.02380500 0.00780000
v -0.01786500 0.02380500 0.00780000
v -0.01786500 0.02380500 0.00780000
v -0.01786500 0.02380500 0.00780000
v -0.01806700 0.02641200 0.00779900
v -0.01806700 0.02641200 0.00779900
v -0.01806700 0.02641200 0.00779900
v -0.01806700 0.02641200 0.00779900
v -0.01806700 0.02641200 0.00779900
v -0.01806700 0.02641200 0.00779900
v -0.01806700 0.02641200 0.00779900
v -0.01806700 0.02641200 0.00779900
v -0.01846600 0.02820500 0.00752900
v -0.01846600 0.02820500 0.00752900
v -0.01846600 0.02820500 0.00752900
v -0.01846600 0.02820500 0.00752900
v -0.01846600 0.02820500 0.00752900
v -0.01846600 0.02820500 0.00752900
v -0.01802500 0.03160400 0.00985600
v -0.01802500 0.03160400 0.00985600
v -0.01802500 0.03160400 0.00985600
v -0.01802500 0.03160400 0.00985600
v -0.01802500 0.03160400 0.00985600
v -0.01802500 0.03160400 0.00985600
v -0.01860900 0.02984200 0.00828900
v -0.01860900 0.02984200 0.00828900
v -0.01860900 0.02984200 0.00828900
v -0.01860900 0.02984200 0.00828900
v -0.01860900 0.02984200 0.00828900
v -0.01860900 0.02984200 0.00828900
v -0.01860900 0.02984200 0.00828900
v -0.01772100 -0.07217800 0.02350500
v -0.01772100 -0.07217800 0.02350500
v -0.01772100 -0.07217800 0.02350500
v -0.01772100 -0.07217800 0.02350500
v -0.01772100 -0.07217800 0.02350500
v -0.01772100 -0.07217800 0.02350500
v -0.01872000 0.03256000 0.00871700
v -0.01872000 0.03256000 0.00871700
v -0.01872000 0.03256000 0.00871700
v -0.01872000 0.03256000 0.00871700
v -0.01872000 0.03256000 0.00871700
v -0.01872000 0.03256000 0.00871700
v -0.01772100 0.02918800 0.01078900
v -0.01772100 0.02918800 0.01078900
v -0.01772100 0.02918800 0.01078900
v -0.01772100 0.02918800 0.01078900
v -0.01772100 0.02918800 0.01078900
v -0.01772100 0.02918800 0.01078900
v -0.01772100 0.02918800 0.01078900
v -0.01772100 0.02918800 0.01078900
v -0.01850400 0.02772700 0.00641600
v -0.01850400 0.02772700 0.00641600
v -0.01850400 0.02772700 0.00641600
v -0.01850400 0.02772700 0.00641600
v -0.01850400 0.02772700 0.00641600
v -0.01850400 0.02772700 0.00641600
v -0.01850400 0.02772700 0.00641600
v -0.01850400 0.02772700 0.00641600
v -0.01922000 0.03021900 0.00713600
v -0.01922000 0.03021900 0.00713600
v -0.01922000 0.03021900 0.00713600
v -0.01922000 0.03021900 0.00713600
v -0.01922000 0.03021900 0.00713600
v -0.01922000 0.03021900 0.00713600
v -0.01812700 0.03587800 0.00975300
v -0.01812700 0.03587800 0.00975300
v -0.01812700 0.03587800 0.00975300
v -0.01812700 0.03587800 0.00975300
v -0.01812700 0.03587800 0.00975300
v -0.01812700 0.03587800 0.00975300
v -0.01935800 0.02996000 0.00660800
v -0.01935800 0.02996000 0.00660800
v -0.01935800 0.02996000 0.00660800
v -0.01935800 0.02996000 0.00660800
v -0.01935800 0.02996000 0.00660800
v -0.01926500 0.02931800 0.00572300
v -0.01926500 0.02931800 0.00572300
v -0.01926500 0.02931800 0.00572300
v -0.01926500 0.02931800 0.00572300
v -0.01926500 0.02931800 0.00572300
v -0.01839600 0.02704600 0.00457800
v -0.01839600 0.02704600 0.00457800
v -0.01839600 0.02704600 0.00457800
v -0.01839600 0.02704600 0.00457800
v -0.01839600 0.02704600 0.00457800
v -0.01878600 0.02812600 0.00452700
v -0.01878600 0.02812600 0.00452700
v -0.01878600 0.02812600 0.00452700
v -0.01878600 0.02812600 0.00452700
v -0.01878600 0.02812600 0.00452700
v -0.01878600 0.02812600 0.00452700
v -0.01953700 0.03148300 0.00727500
v -0.01953700 0.03148300 0.00727500
v -0.01953700 0.03148300 0.00727500
v -0.01953700 0.03148300 0.00727500
v -0.01953700 0.03148300 0.00727500
v -0.01771900 -0.07098700 0.01721100
v -0.01771900 -0.07098700 0.01721100
v -0.01771900 -0.07098700 0.01721100
v -0.01771900 -0.07098700 0.01721100
v -0.01771900 -0.07098700 0.01721100
v -0.01771900 -0.07098700 0.01721100
v -0.01865500 0.03663800 0.00895000
v -0.01865500 0.03663800 0.00895000
v -0.01865500 0.03663800 0.00895000
v -0.01865500 0.03663800 0.00895000
v -0.01865500 0.03663800 0.00895000
v -0.01938800 0.02920600 0.00408700
v -0.01938800 0.02920600 0.00408700
v -0.01938800 0.02920600 0.00408700
v -0.01938800 0.02920600 0.00408700
v -0.01938800 0.02920600 0.00408700
v -0.01938800 0.02920600 0.00408700
v -0.01966100 0.03265500 0.00747600
v -0.01966100 0.03265500 0.00747600
v -0.01966100 0.03265500 0.00747600
v -0.01966100 0.03265500 0.00747600
v -0.01966100 0.03265500 0.00747600
v -0.01966100 0.03265500 0.00747600
v -0.01966100 0.03265500 0.00747600
v -0.02056100 0.03167900 0.00591700
v -0.02056100 0.03167900 0.00591700
v -0.02056100 0.03167900 0.00591700
v -0.02056100 0.03167900 0.00591700
v -0.02056100 0.03167900 0.00591700
v -0.02056100 0.03167900 0.00591700
v -0.02056100 0.03167900 0.00591700
v -0.02056100 0.03167900 0.00591700
v -0.02032000 0.03066600 0.00522100
v -0.02032000 0.03066600 0.00522100
v -0.02032000 0.03066600 0.00522100
v -0.02032000 0.03066600 0.00522100
v -0.02032000 0.03066600 0.00522100
v -0.02032000 0.03066600 0.00522100
v -0.02032000 0.03066600 0.00522100
v -0.01943600 0.03469500 0.00802600
v -0.01943600 0.03469500 0.00802600
v -0.01943600 0.03469500 0.00802600
v -0.01943600 0.03469500 0.00802600
v -0.01943600 0.03469500 0.00802600
v -0.02037400 0.03577600 0.00713800
v -0.02037400 0.03577600 0.00713800
v -0.02037400 0.03577600 0.00713800
v -0.02037400 0.03577600 0.00713800
v -0.02037400 0.03577600 0.00713800
v -0.02037400 0.03577600 0.00713800
v -0.02037400 0.03577600 0.00713800
v -0.02091400 0.03268100 0.00605000
v -0.02091400 0.03268100 0.00605000
v -0.02091400 0.03268100 0.00605000
v -0.02091400 0.03268100 0.00605000
v -0.02091400 0.03268100 0.00605000
v -0.01823600 0.02629700 0.00094600
v -0.01823600 0.02629700 0.00094600
v -0.01823600 0.02629700 0.00094600
v -0.01823600 0.02629700 0.00094600
v -0.01823600 0.02629700 0.00094600
v -0.01867300 0.05988300 0.00883600
v -0.01867300 0.05988300 0.00883600
v -0.01867300 0.05988300 0.00883600
v -0.01867300 0.05988300 0.00883600
v -0.01867300 0.05988300 0.00883600
v -0.02108300 0.03382000 0.00621700
v -0.02108300 0.03382000 0.00621700
v -0.02108300 0.03382000 0.00621700
v -0.02108300 0.03382000 0.00621700
v -0.02108300 0.03382000 0.00621700
v -0.02108300 0.03382000 0.00621700
v -0.02108300 0.03382000 0.00621700
v -0.02214200 0.03311800 0.00491800
v -0.02214200 0.03311800 0.00491800
v -0.02214200 0.03311800 0.00491800
v -0.02214200 0.03311800 0.00491800
v -0.02214200 0.03311800 0.00491800
v -0.02214200 0.03311800 0.00491800
v -0.02263000 0.03255800 0.00396900
v -0.02263000 0.03255800 0.00396900
v -0.02263000 0.03255800 0.00396900
v -0.02263000 0.03255800 0.00396900
v -0.02263000 0.03255800 0.00396900
v -0.02263000 0.03255800 0.00396900
v -0.02343100 0.03429800 0.00419800
v -0.02343100 0.03429800 0.00419800
v -0.02343100 0.03429800 0.00419800
v -0.02343100 0.03429800 0.00419800
v -0.02343100 0.03429800 0.00419800
v -0.02216400 0.03184100 0.00361800
v -0.02216400 0.03184100 0.00361800
v -0.02216400 0.03184100 0.00361800
v -0.02216400 0.03184100 0.00361800
v -0.02216400 0.03184100 0.00361800
v -0.02360600 0.03264100 0.00281300
v -0.02360600 0.03264100 0.00281300
v -0.02360600 0.03264100 0.00281300
v -0.02360600 0.03264100 0.00281300
v -0.02360600 0.03264100 0.00281300
v -0.02360600 0.03264100 0.00281300
v -0.02360600 0.03264100 0.00281300
v -0.01939400 0.04723800 0.00803100
v -0.01939400 0.04723800 0.00803100
v -0.01939400 0.04723800 0.00803100
v -0.01939400 0.04723800 0.00803100
v -0.01939400 0.04723800 0.00803100
v -0.01939400 0.04723800 0.00803100
v -0.01939400 0.04723800 0.00803100
v -0.02365900 0.03549800 0.00427300
v -0.02365900 0.03549800 0.00427300
v -0.02365900 0.03549800 0.00427300
v -0.02365900 0.03549800 0.00427300
v -0.02365900 0.03549800 0.00427300
v -0.02175700 0.03580600 0.00588700
v -0.02175700 0.03580600 0.00588700
v -0.02175700 0.03580600 0.00588700
v -0.02175700 0.03580600 0.00588700
v -0.02175700 0.03580600 0.00588700
v -0.02064400 0.03080300 0.00099400
v -0.02064400 0.03080300 0.00099400
v -0.02064400 0.03080300 0.00099400
v -0.02064400 0.03080300 0.00099400
v -0.02064400 0.03080300 0.00099400
v -0.02064400 0.03080300 0.00099400
v -0.02154900 0.03136500 0.00095700
v -0.02154900 0.03136500 0.00095700
v -0.02154900 0.03136500 0.00095700
v -0.02154900 0.03136500 0.00095700
v -0.02154900 0.03136500 0.00095700
v -0.02470100 0.03379900 0.00283000
v -0.02470100 0.03379900 0.00283000
v -0.02470100 0.03379900 0.00283000
v -0.02470100 0.03379900 0.00283000
v -0.02470100 0.03379900 0.00283000
v -0.02470100 0.03379900 0.00283000
v -0.02470100 0.03379900 0.00283000
v -0.02470100 0.03379900 0.00283000
v -0.02290800 0.03190600 0.00164400
v -0.02290800 0.03190600 0.00164400
v -0.02290800 0.03190600 0.00164400
v -0.02290800 0.03190600 0.00164400
v -0.02290800 0.03190600 0.00164400
v -0.02290800 0.03190600 0.00164400
v -0.02535500 0.03298400 0.00100300
v -0.02535500 0.03298400 0.00100300
v -0.02535500 0.03298400 0.00100300
v -0.02535500 0.03298400 0.00100300
v -0.02535500 0.03298400 0.00100300
v -0.02535500 0.03298400 0.00100300
v -0.02827700 0.03666900 0.00099600
v -0.02827700 0.03666900 0.00099600
v -0.02827700 0.03666900 0.00099600
v -0.02827700 0.03666900 0.00099600
v -0.02827700 0.03666900 0.00099600
v -0.02827700 0.03666900 0.00099600
v -0.02827700 0.03666900 0.00099600
v -0.02827700 0.03666900 0.00099600
v -0.02827700 0.03666900 0.00099600
v -0.02775700 0.03533800 0.00098700
v -0.02775700 0.03533800 0.00098700
v -0.02775700 0.03533800 0.00098700
v -0.02775700 0.03533800 0.00098700
v -0.02775700 0.03533800 0.00098700
v -0.02775700 0.03533800 0.00098700
v -0.02723400 0.03452400 0.00099200
v -0.02723400 0.03452400 0.00099200
v -0.02723400 0.03452400 0.00099200
v -0.02723400 0.03452400 0.00099200
v -0.02650500 0.03375900 0.00096500
v -0.02650500 0.03375900 0.00096500
v -0.02650500 0.03375900 0.00096500
v -0.02650500 0.03375900 0.00096500
v -0.02650500 0.03375900 0.00096500
v -0.02650500 0.03375900 0.00096500
v -0.02650500 0.03375900 0.00096500
v -0.01775000 -0.06960200 0.01277900
v -0.01775000 -0.06960200 0.01277900
v -0.01775000 -0.06960200 0.01277900
v -0.01775000 -0.06960200 0.01277900
v -0.01775000 -0.06960200 0.01277900
v -0.01825100 -0.08987200 0.02800400
v -0.01825100 -0.08987200 0.02800400
v -0.01825100 -0.08987200 0.02800400
v -0.01825100 -0.08987200 0.02800400
v -0.01825100 -0.08987200 0.02800400
v -0.01825100 -0.08987200 0.02800400
v -0.02274300 0.03951700 0.00518100
v -0.02274300 0.03951700 0.00518100
v -0.02274300 0.03951700 0.00518100
v -0.02274300 0.03951700 0.00518100
v -0.02274300 0.03951700 0.00518100
v -0.02274300 0.03951700 0.00518100
v -0.02274300 0.03951700 0.00518100
v -0.01771900 -0.06869000 0.01183700
v -0.01771900 -0.06869000 0.01183700
v -0.01771900 -0.06869000 0.01183700
v -0.01771900 -0.06869000 0.01183700
v -0.01771900 -0.06869000 0.01183700
v -0.01771900 -0.06869000 0.01183700
v -0.02094300 0.06274800 0.00625600
v -0.02094300 0.06274800 0.00625600
v -0.02094300 0.06274800 0.00625600
v -0.02094300 0.06274800 0.00625600
v -0.01772100 -0.06711600 0.01092000
v -0.01772100 -0.06711600 0.01092000
v -0.01772100 -0.06711600 0.01092000
v -0.01772100 -0.06711600 0.01092000
v -0.01772100 -0.06711600 0.01092000
v -0.02798700 0.04933800 0.00100000
v -0.02798700 0.04933800 0.00100000
v -0.02798700 0.04933800 0.00100000
v -0.02798700 0.04933800 0.00100000
v -0.02798700 0.04933800 0.00100000
v -0.02798700 0.04933800 0.00100000
v -0.02425200 0.03745800 0.00403200
v -0.02425200 0.03745800 0.00403200
v -0.02425200 0.03745800 0.00403200
v -0.02425200 0.03745800 0.00403200
v -0.02425200 0.03745800 0.00403200
v -0.02861600 0.03937400 0.00099800
v -0.02861600 0.03937400 0.00099800
v -0.02861600 0.03937400 0.00099800
v -0.02861600 0.03937400 0.00099800
v -0.02861600 0.03937400 0.00099800
v -0.02861600 0.03937400 0.00099800
v -0.01806600 0.02880400 0.00940400
v -0.01806600 0.02880400 0.00940400
v -0.01806600 0.02880400 0.00940400
v -0.01806600 0.02880400 0.00940400
v -0.01806600 0.02880400 0.00940400
v -0.01819600 0.02632300 0.00575800
v -0.01819600 0.02632300 0.00575800
v -0.01819600 0.02632300 0.00575800
v -0.01819600 0.02632300 0.00575800
v -0.01774000 0.06602100 0.01075400
v -0.01774000 0.06602100 0.01075400
v -0.01774000 0.06602100 0.01075400
v -0.01774000 0.06602100 0.01075400
v -0.01774000 0.06602100 0.01075400
v -0.02334400 0.03219800 0.00217700
v -0.02334400 0.03219800 0.00217700
v -0.02334400 0.03219800 0.00217700
v -0.02334400 0.03219800 0.00217700
v -0.01969200 0.03009100 -0.00438800
v -0.01969200 0.03009100 -0.00438800
v -0.01969200 0.03009100 -0.00438800
v -0.01969200 0.03009100 -0.00438800
v -0.01969200 0.03009100 -0.00438800
v -0.01969200 0.03009100 -0.00438800
v -0.01873200 0.02900500 -0.00457300
v -0.01873200 0.02900500 -0.00457300
v -0.01873200 0.02900500 -0.00457300
v -0.01873200 0.02900500 -0.00457300
v -0.01873200 0.02900500 -0.00457300
v -0.02835100 0.03714500 -0.00451900
v -0.02835100 0.03714500 -0.00451900
v -0.02835100 0.03714500 -0.00451900
v -0.02835100 0.03714500 -0.00451900
v -0.02811100 0.03623700 -0.00465100
v -0.02811100 0.03623700 -0.00465100
v -0.02811100 0.03623700 -0.00465100
v -0.02811100 0.03623700 -0.00465100
v -0.02811100 0.03623700 -0.00465100
v -0.02811100 0.03623700 -0.00465100
v -0.02765700 0.03518500 -0.00449000
v -0.02765700 0.03518500 -0.00449000
v -0.02765700 0.03518500 -0.00449000
v -0.02765700 0.03518500 -0.00449000
v -0.02765700 0.03518500 -0.00449000
v -0.02765700 0.03518500 -0.00449000
v -0.02856600 0.03869500 -0.00454300
v -0.02856600 0.03869500 -0.00454300
v -0.02856600 0.03869500 -0.00454300
v -0.02856600 0.03869500 -0.00454300
v -0.02856600 0.03869500 -0.00454300
v -0.02856600 0.03869500 -0.00454300
v -0.02720600 0.03449000 -0.00419400
v -0.02720600 0.03449000 -0.00419400
v -0.02720600 0.03449000 -0.00419400
v -0.02720600 0.03449000 -0.00419400
v -0.02720600 0.03449000 -0.00419400
v -0.02062800 0.03086900 -0.00470500
v -0.02062800 0.03086900 -0.00470500
v -0.02062800 0.03086900 -0.00470500
v -0.02062800 0.03086900 -0.00470500
v -0.02062800 0.03086900 -0.00470500
v -0.01791000 0.02767400 -0.00512700
v -0.01791000 0.02767400 -0.00512700
v -0.01791000 0.02767400 -0.00512700
v -0.01791000 0.02767400 -0.00512700
v -0.01791000 0.02767400 -0.00512700
v -0.01791000 0.02767400 -0.00512700
v -0.01791000 0.02767400 -0.00512700
v -0.01759200 0.02673000 -0.00497800
v -0.01759200 0.02673000 -0.00497800
v -0.01759200 0.02673000 -0.00497800
v -0.01759200 0.02673000 -0.00497800
v -0.01759200 0.02673000 -0.00497800
v -0.01759200 0.02673000 -0.00497800
v -0.02165000 0.03145800 -0.00480900
v -0.02165000 0.03145800 -0.00480900
v -0.02165000 0.03145800 -0.00480900
v -0.02165000 0.03145800 -0.00480900
v -0.02165000 0.03145800 -0.00480900
v -0.02165000 0.03145800 -0.00480900
v -0.02165000 0.03145800 -0.00480900
v -0.02680600 0.03409300 -0.00473200
v -0.02680600 0.03409300 -0.00473200
v -0.02680600 0.03409300 -0.00473200
v -0.02680600 0.03409300 -0.00473200
v -0.02680600 0.03409300 -0.00473200
v -0.02680600 0.03409300 -0.00473200
v -0.02680600 0.03409300 -0.00473200
v -0.02594300 0.03334700 -0.00435800
v -0.02594300 0.03334700 -0.00435800
v -0.02594300 0.03334700 -0.00435800
v -0.02594300 0.03334700 -0.00435800
v -0.02594300 0.03334700 -0.00435800
v -0.02594300 0.03334700 -0.00435800
v -0.02460700 0.03260400 -0.00435200
v -0.02460700 0.03260400 -0.00435200
v -0.02460700 0.03260400 -0.00435200
v -0.02460700 0.03260400 -0.00435200
v -0.02460700 0.03260400 -0.00435200
v -0.02460700 0.03260400 -0.00435200
v -0.02857800 0.04071600 -0.00435300
v -0.02857800 0.04071600 -0.00435300
v -0.02857800 0.04071600 -0.00435300
v -0.02857800 0.04071600 -0.00435300
v -0.02857800 0.04071600 -0.00435300
v -0.01449300 0.09549600 0.06215100
v -0.01449300 0.09549600 0.06215100
v -0.01449300 0.09549600 0.06215100
v -0.01449300 0.09549600 0.06215100
v -0.01449300 0.09549600 0.06215100
v -0.01449300 0.09549600 0.06215100
v -0.01275200 0.09729600 0.06080400
v -0.01275200 0.09729600 0.06080400
v -0.01275200 0.09729600 0.06080400
v -0.01275200 0.09729600 0.06080400
v -0.01275200 0.09729600 0.06080400
v -0.01275200 0.09729600 0.06080400
v -0.01275200 0.09729600 0.06080400
v -0.02159900 0.09347700 0.03178600
v -0.02159900 0.09347700 0.03178600
v -0.02159900 0.09347700 0.03178600
v -0.02159900 0.09347700 0.03178600
v -0.02159900 0.09347700 0.03178600
v -0.02159900 0.09347700 0.03178600
v -0.02159900 0.09347700 0.03178600
v -0.02159900 0.09347700 0.03178600
v -0.02186500 0.09493500 0.02326600
v -0.02186500 0.09493500 0.02326600
v -0.02186500 0.09493500 0.02326600
v -0.02186500 0.09493500 0.02326600
v -0.02186500 0.09493500 0.02326600
v -0.02299200 0.09281500 0.01331300
v -0.02299200 0.09281500 0.01331300
v -0.02299200 0.09281500 0.01331300
v -0.02299200 0.09281500 0.01331300
v -0.02299200 0.09281500 0.01331300
v -0.02299200 0.09281500 0.01331300
v -0.02403700 0.08817700 0.00983900
v -0.02403700 0.08817700 0.00983900
v -0.02403700 0.08817700 0.00983900
v -0.02403700 0.08817700 0.00983900
v -0.02403700 0.08817700 0.00983900
v -0.02403700 0.08817700 0.00983900
v -0.02403700 0.08817700 0.00983900
v -0.02365800 0.09104200 0.00748200
v -0.02365800 0.09104200 0.00748200
v -0.02365800 0.09104200 0.00748200
v -0.02365800 0.09104200 0.00748200
v -0.02365800 0.09104200 0.00748200
v -0.02365800 0.09104200 0.00748200
v -0.02432800 0.08836300 0.00336000
v -0.02432800 0.08836300 0.00336000
v -0.02432800 0.08836300 0.00336000
v -0.02432800 0.08836300 0.00336000
v -0.02432800 0.08836300 0.00336000
v -0.02432800 0.08836300 0.00336000
v -0.02432800 0.08836300 0.00336000
v -0.02432800 0.08836300 0.00336000
v -0.02432800 0.08836300 0.00336000
v -0.02511800 0.08348400 -0.00187400
v -0.02511800 0.08348400 -0.00187400
v -0.02511800 0.08348400 -0.00187400
v -0.02511800 0.08348400 -0.00187400
v -0.02511800 0.08348400 -0.00187400
v -0.02511800 0.08348400 -0.00187400
v -0.01746000 0.08553900 0.06286800
v -0.01746000 0.08553900 0.06286800
v -0.01746000 0.08553900 0.06286800
v -0.01746000 0.08553900 0.06286800
v -0.01746000 0.08553900 0.06286800
v -0.01800900 0.08921500 0.06077200
v -0.01800900 0.08921500 0.06077200
v -0.01800900 0.08921500 0.06077200
v -0.01800900 0.08921500 0.06077200
v -0.01800900 0.08921500 0.06077200
v -0.01735300 0.08836800 0.06330900
v -0.01735300 0.08836800 0.06330900
v -0.01735300 0.08836800 0.06330900
v -0.01735300 0.08836800 0.06330900
v -0.01735300 0.08836800 0.06330900
v -0.01735300 0.08836800 0.06330900
v -0.01735300 0.08836800 0.06330900
v -0.01735300 0.08836800 0.06330900
v -0.01708600 0.09049200 0.06336300
v -0.01708600 0.09049200 0.06336300
v -0.01708600 0.09049200 0.06336300
v -0.01708600 0.09049200 0.06336300
v -0.01708600 0.09049200 0.06336300
v -0.01708600 0.09049200 0.06336300
v -0.01024400 0.09407400 0.06498100
v -0.01024400 0.09407400 0.06498100
v -0.01024400 0.09407400 0.06498100
v -0.01024400 0.09407400 0.06498100
v -0.01024400 0.09407400 0.06498100
v -0.01024400 0.09407400 0.06498100
v -0.01024400 0.09407400 0.06498100
v -0.01709700 0.09187400 0.06248900
v -0.01709700 0.09187400 0.06248900
v -0.01709700 0.09187400 0.06248900
v -0.01709700 0.09187400 0.06248900
v -0.01769200 0.09160600 0.06114100
v -0.01769200 0.09160600 0.06114100
v -0.01769200 0.09160600 0.06114100
v -0.01769200 0.09160600 0.06114100
v -0.01769200 0.09160600 0.06114100
v -0.01769200 0.09160600 0.06114100
v -0.01769200 0.09160600 0.06114100
v -0.01640100 0.09197100 0.06382000
v -0.01640100 0.09197100 0.06382000
v -0.01640100 0.09197100 0.06382000
v -0.01640100 0.09197100 0.06382000
v -0.01640100 0.09197100 0.06382000
v -0.01640100 0.09197100 0.06382000
v -0.01640100 0.09197100 0.06382000
v -0.01646600 0.09367900 0.06213000
v -0.01646600 0.09367900 0.06213000
v -0.01646600 0.09367900 0.06213000
v -0.01646600 0.09367900 0.06213000
v -0.01646600 0.09367900 0.06213000
v -0.01566200 0.09435200 0.06246200
v -0.01566200 0.09435200 0.06246200
v -0.01566200 0.09435200 0.06246200
v -0.01566200 0.09435200 0.06246200
v -0.01566200 0.09435200 0.06246200
v -0.01566200 0.09435200 0.06246200
v -0.01541700 0.09266500 0.06443400
v -0.01541700 0.09266500 0.06443400
v -0.01541700 0.09266500 0.06443400
v -0.01541700 0.09266500 0.06443400
v -0.01541700 0.09266500 0.06443400
v -0.01541700 0.09266500 0.06443400
v -0.01541700 0.09266500 0.06443400
v -0.01465300 0.09337800 0.06441000
v -0.01465300 0.09337800 0.06441000
v -0.01465300 0.09337800 0.06441000
v -0.01465300 0.09337800 0.06441000
v -0.01465300 0.09337800 0.06441000
v -0.01465300 0.09337800 0.06441000
v -0.01137800 0.09566000 0.06317800
v -0.01137800 0.09566000 0.06317800
v -0.01137800 0.09566000 0.06317800
v -0.01137800 0.09566000 0.06317800
v -0.01137800 0.09566000 0.06317800
v -0.01137800 0.09566000 0.06317800
v -0.01349500 0.09477900 0.06354900
v -0.01349500 0.09477900 0.06354900
v -0.01349500 0.09477900 0.06354900
v -0.01349500 0.09477900 0.06354900
v -0.01349500 0.09477900 0.06354900
v -0.01349500 0.09477900 0.06354900
v -0.01369600 0.09364000 0.06467500
v -0.01369600 0.09364000 0.06467500
v -0.01369600 0.09364000 0.06467500
v -0.01369600 0.09364000 0.06467500
v -0.01369600 0.09364000 0.06467500
v -0.01836100 0.09154000 0.05878400
v -0.01836100 0.09154000 0.05878400
v -0.01836100 0.09154000 0.05878400
v -0.01836100 0.09154000 0.05878400
v -0.01836100 0.09154000 0.05878400
v -0.01836100 0.09154000 0.05878400
v -0.01836100 0.09154000 0.05878400
v -0.00653800 0.09799200 0.06123500
v -0.00653800 0.09799200 0.06123500
v -0.00653800 0.09799200 0.06123500
v -0.00653800 0.09799200 0.06123500
v -0.00653800 0.09799200 0.06123500
v -0.00653800 0.09799200 0.06123500
v -0.01541100 0.09688000 0.05954500
v -0.01541100 0.09688000 0.05954500
v -0.01541100 0.09688000 0.05954500
v -0.01541100 0.09688000 0.05954500
v -0.01541100 0.09688000 0.05954500
v -0.01661900 0.09594400 0.05920200
v -0.01661900 0.09594400 0.05920200
v -0.01661900 0.09594400 0.05920200
v -0.01661900 0.09594400 0.05920200
v -0.01661900 0.09594400 0.05920200
v -0.01661900 0.09594400 0.05920200
v -0.01793800 0.09387600 0.05856800
v -0.01793800 0.09387600 0.05856800
v -0.01793800 0.09387600 0.05856800
v -0.01793800 0.09387600 0.05856800
v -0.01793800 0.09387600 0.05856800
v -0.00952600 0.09813800 0.06062200
v -0.00952600 0.09813800 0.06062200
v -0.00952600 0.09813800 0.06062200
v -0.00952600 0.09813800 0.06062200
v -0.00952600 0.09813800 0.06062200
v -0.00697900 0.09990100 0.05869400
v -0.00697900 0.09990100 0.05869400
v -0.00697900 0.09990100 0.05869400
v -0.00697900 0.09990100 0.05869400
v -0.00697900 0.09990100 0.05869400
v -0.00697900 0.09990100 0.05869400
v -0.00697900 0.09990100 0.05869400
v -0.01085000 0.09979700 0.05807700
v -0.01085000 0.09979700 0.05807700
v -0.01085000 0.09979700 0.05807700
v -0.01085000 0.09979700 0.05807700
v -0.01085000 0.09979700 0.05807700
v -0.01894500 0.09293800 0.05522100
v -0.01894500 0.09293800 0.05522100
v -0.01894500 0.09293800 0.05522100
v -0.01894500 0.09293800 0.05522100
v -0.01894500 0.09293800 0.05522100
v -0.01894500 0.09293800 0.05522100
v -0.02635500 0.07218600 -0.00472000
v -0.02635500 0.07218600 -0.00472000
v -0.02635500 0.07218600 -0.00472000
v -0.02635500 0.07218600 -0.00472000
v -0.02635500 0.07218600 -0.00472000
v -0.02635500 0.07218600 -0.00472000
v -0.02635500 0.07218600 -0.00472000
v -0.02635500 0.07218600 -0.00472000
v -0.01869200 0.09497600 0.05487500
v -0.01869200 0.09497600 0.05487500
v -0.01869200 0.09497600 0.05487500
v -0.01869200 0.09497600 0.05487500
v -0.01869200 0.09497600 0.05487500
v -0.01869200 0.09497600 0.05487500
v -0.01435700 0.09964700 0.05661800
v -0.01435700 0.09964700 0.05661800
v -0.01435700 0.09964700 0.05661800
v -0.01435700 0.09964700 0.05661800
v -0.01435700 0.09964700 0.05661800
v -0.01435700 0.09964700 0.05661800
v -0.01435700 0.09964700 0.05661800
v -0.02600600 0.07611200 -0.00422800
v -0.02600600 0.07611200 -0.00422800
v -0.02600600 0.07611200 -0.00422800
v -0.02600600 0.07611200 -0.00422800
v -0.02600600 0.07611200 -0.00422800
v -0.02600600 0.07611200 -0.00422800
v -0.01590000 0.09923200 0.05582400
v -0.01590000 0.09923200 0.05582400
v -0.01590000 0.09923200 0.05582400
v -0.01590000 0.09923200 0.05582400
v -0.01590000 0.09923200 0.05582400
v -0.01590000 0.09923200 0.05582400
v -0.01590000 0.09923200 0.05582400
v -0.02550500 0.08057700 -0.00319400
v -0.02550500 0.08057700 -0.00319400
v -0.02550500 0.08057700 -0.00319400
v -0.02550500 0.08057700 -0.00319400
v -0.02550500 0.08057700 -0.00319400
v -0.02550500 0.08057700 -0.00319400
v -0.01295900 0.09975900 0.05728300
v -0.01295900 0.09975900 0.05728300
v -0.01295900 0.09975900 0.05728300
v -0.01295900 0.09975900 0.05728300
v -0.01295900 0.09975900 0.05728300
v -0.01727100 0.09405900 0.06018800
v -0.01727100 0.09405900 0.06018800
v -0.01727100 0.09405900 0.06018800
v -0.01727100 0.09405900 0.06018800
v -0.01727100 0.09405900 0.06018800
v -0.01727100 0.09405900 0.06018800
v -0.01727100 0.09405900 0.06018800
v -0.01727100 0.09405900 0.06018800
v -0.01727100 0.09405900 0.06018800
v -0.01696300 0.09851700 0.05528300
v -0.01696300 0.09851700 0.05528300
v -0.01696300 0.09851700 0.05528300
v -0.01696300 0.09851700 0.05528300
v -0.01696300 0.09851700 0.05528300
v -0.01735700 0.08129000 0.06274100
v -0.01735700 0.08129000 0.06274100
v -0.01735700 0.08129000 0.06274100
v -0.01735700 0.08129000 0.06274100
v -0.01735700 0.08129000 0.06274100
v -0.01735700 0.08129000 0.06274100
v -0.01815800 0.09648300 0.05507700
v -0.01815800 0.09648300 0.05507700
v -0.01815800 0.09648300 0.05507700
v -0.01815800 0.09648300 0.05507700
v -0.01815800 0.09648300 0.05507700
v -0.01815800 0.09648300 0.05507700
v -0.01865300 0.09752700 0.05203900
v -0.01865300 0.09752700 0.05203900
v -0.01865300 0.09752700 0.05203900
v -0.01865300 0.09752700 0.05203900
v -0.01865300 0.09752700 0.05203900
v -0.01865300 0.09752700 0.05203900
v -0.01943700 0.09601600 0.04995200
v -0.01943700 0.09601600 0.04995200
v -0.01943700 0.09601600 0.04995200
v -0.01943700 0.09601600 0.04995200
v -0.01943700 0.09601600 0.04995200
v -0.01943700 0.09601600 0.04995200
v -0.01761900 0.09818700 0.05439500
v -0.01761900 0.09818700 0.05439500
v -0.01761900 0.09818700 0.05439500
v -0.01761900 0.09818700 0.05439500
v -0.01761900 0.09818700 0.05439500
v -0.01806900 0.09834300 0.05285600
v -0.01806900 0.09834300 0.05285600
v -0.01806900 0.09834300 0.05285600
v -0.01806900 0.09834300 0.05285600
v -0.01806900 0.09834300 0.05285600
v -0.01806900 0.09834300 0.05285600
v -0.02004300 0.09488800 0.04691500
v -0.02004300 0.09488800 0.04691500
v -0.02004300 0.09488800 0.04691500
v -0.02004300 0.09488800 0.04691500
v -0.02004300 0.09488800 0.04691500
v -0.02004300 0.09488800 0.04691500
v -0.02004300 0.09488800 0.04691500
v -0.01919000 0.09751800 0.04899800
v -0.01919000 0.09751800 0.04899800
v -0.01919000 0.09751800 0.04899800
v -0.01919000 0.09751800 0.04899800
v -0.01919000 0.09751800 0.04899800
v -0.01966100 0.09719000 0.04589500
v -0.01966100 0.09719000 0.04589500
v -0.01966100 0.09719000 0.04589500
v -0.01966100 0.09719000 0.04589500
v -0.01966100 0.09719000 0.04589500
v -0.01966100 0.09719000 0.04589500
v -0.01966100 0.09719000 0.04589500
v -0.02107300 0.09606000 0.03105200
v -0.02107300 0.09606000 0.03105200
v -0.02107300 0.09606000 0.03105200
v -0.02107300 0.09606000 0.03105200
v -0.02107300 0.09606000 0.03105200
v -0.02063600 0.09185100 0.00267500
v -0.02063600 0.09185100 0.00267500
v -0.02063600 0.09185100 0.00267500
v -0.02063600 0.09185100 0.00267500
v -0.02063600 0.09185100 0.00267500
v -0.02063600 0.09185100 0.00267500
v -0.02035900 0.09312300 0.00515900
v -0.02035900 0.09312300 0.00515900
v -0.02035900 0.09312300 0.00515900
v -0.02035900 0.09312300 0.00515900
v -0.02035900 0.09312300 0.00515900
v -0.02035900 0.09312300 0.00515900
v -0.01972100 0.09507000 0.01071700
v -0.01972100 0.09507000 0.01071700
v -0.01972100 0.09507000 0.01071700
v -0.01972100 0.09507000 0.01071700
v -0.01972100 0.09507000 0.01071700
v -0.01972100 0.09507000 0.01071700
v -0.02260000 0.07531000 -0.00785500
v -0.02260000 0.07531000 -0.00785500
v -0.02260000 0.07531000 -0.00785500
v -0.02260000 0.07531000 -0.00785500
v -0.02260000 0.07531000 -0.00785500
v -0.02260000 0.07531000 -0.00785500
v -0.02188100 0.08197900 -0.00617400
v -0.02188100 0.08197900 -0.00617400
v -0.02188100 0.08197900 -0.00617400
v -0.02188100 0.08197900 -0.00617400
v -0.02188100 0.08197900 -0.00617400
v -0.02188100 0.08197900 -0.00617400
v -0.02222700 0.07886200 -0.00721700
v -0.02222700 0.07886200 -0.00721700
v -0.02222700 0.07886200 -0.00721700
v -0.02222700 0.07886200 -0.00721700
v -0.02222700 0.07886200 -0.00721700
v -0.02222700 0.07886200 -0.00721700
v -0.02222700 0.07886200 -0.00721700
v -0.02222700 0.07886200 -0.00721700
v -0.02144200 0.08441900 -0.00497200
v -0.02144200 0.08441900 -0.00497200
v -0.02144200 0.08441900 -0.00497200
v -0.02144200 0.08441900 -0.00497200
v -0.02144200 0.08441900 -0.00497200
v -0.02144200 0.08441900 -0.00497200
v -0.02094700 0.08813400 -0.00215900
v -0.02094700 0.08813400 -0.00215900
v -0.02094700 0.08813400 -0.00215900
v -0.02094700 0.08813400 -0.00215900
v -0.02094700 0.08813400 -0.00215900
v -0.02092300 0.09064500 0.00080700
v -0.02092300 0.09064500 0.00080700
v -0.02092300 0.09064500 0.00080700
v -0.02092300 0.09064500 0.00080700
v -0.02092300 0.09064500 0.00080700
v -0.02092300 0.09064500 0.00080700
v -0.02163100 0.08656100 -0.00348600
v -0.02163100 0.08656100 -0.00348600
v -0.02163100 0.08656100 -0.00348600
v -0.02163100 0.08656100 -0.00348600
v -0.02163100 0.08656100 -0.00348600
v -0.02163100 0.08656100 -0.00348600
v -0.02163100 0.08656100 -0.00348600
v -0.02109400 0.08937000 -0.00083100
v -0.02109400 0.08937000 -0.00083100
v -0.02109400 0.08937000 -0.00083100
v -0.02109400 0.08937000 -0.00083100
v -0.02109400 0.08937000 -0.00083100
v -0.02109400 0.08937000 -0.00083100
v -0.02019300 0.09406800 0.00757300
v -0.02019300 0.09406800 0.00757300
v -0.02019300 0.09406800 0.00757300
v -0.02019300 0.09406800 0.00757300
v -0.02019300 0.09406800 0.00757300
v -0.02019300 0.09406800 0.00757300
v -0.01688400 0.09953500 0.03972000
v -0.01688400 0.09953500 0.03972000
v -0.01688400 0.09953500 0.03972000
v -0.01688400 0.09953500 0.03972000
v -0.01688400 0.09953500 0.03972000
v -0.01688400 0.09953500 0.03972000
v -0.01337900 0.10032500 0.05524300
v -0.01337900 0.10032500 0.05524300
v -0.01337900 0.10032500 0.05524300
v -0.01337900 0.10032500 0.05524300
v -0.01337900 0.10032500 0.05524300
v -0.01337900 0.10032500 0.05524300
v -0.01337900 0.10032500 0.05524300
v -0.01337900 0.10032500 0.05524300
v -0.01772000 0.09880200 0.03267500
v -0.01772000 0.09880200 0.03267500
v -0.01772000 0.09880200 0.03267500
v -0.01772000 0.09880200 0.03267500
v -0.01772000 0.09880200 0.03267500
v -0.01612500 0.10007600 0.04775200
v -0.01612500 0.10007600 0.04775200
v -0.01612500 0.10007600 0.04775200
v -0.01612500 0.10007600 0.04775200
v -0.01612500 0.10007600 0.04775200
v -0.01612500 0.10007600 0.04775200
v -0.01612500 0.10007600 0.04775200
v -0.01848600 0.09779800 0.02521100
v -0.01848600 0.09779800 0.02521100
v -0.01848600 0.09779800 0.02521100
v -0.01848600 0.09779800 0.02521100
v -0.01848600 0.09779800 0.02521100
v -0.01848600 0.09779800 0.02521100
v -0.00826300 0.10043700 0.05679800
v -0.00826300 0.10043700 0.05679800
v -0.00826300 0.10043700 0.05679800
v -0.00826300 0.10043700 0.05679800
v -0.01918000 0.09657600 0.01802000
v -0.01918000 0.09657600 0.01802000
v -0.01918000 0.09657600 0.01802000
v -0.01918000 0.09657600 0.01802000
v -0.01918000 0.09657600 0.01802000
v -0.01918000 0.09657600 0.01802000
v -0.01730400 0.04331300 0.06294300
v -0.01730400 0.04331300 0.06294300
v -0.01730400 0.04331300 0.06294300
v -0.01730400 0.04331300 0.06294300
v -0.01730400 0.04331300 0.06294300
v -0.01730400 0.04331300 0.06294300
v -0.01730400 0.04331300 0.06294300
v -0.01730400 0.04331300 0.06294300
v -0.01392000 -0.09338900 0.00457700
v -0.01392000 -0.09338900 0.00457700
v -0.01392000 -0.09338900 0.00457700
v -0.01392000 -0.09338900 0.00457700
v -0.01392000 -0.09338900 0.00457700
v -0.01392000 -0.09338900 0.00457700
v -0.00400000 -0.09407900 0.00588700
v -0.00400000 -0.09407900 0.00588700
v -0.00400000 -0.09407900 0.00588700
v -0.00400000 -0.09407900 0.00588700
v -0.00400000 -0.09407900 0.00588700
v -0.01383800 -0.08758400 -0.00416700
v -0.01383800 -0.08758400 -0.00416700
v -0.01383800 -0.08758400 -0.00416700
v -0.01383800 -0.08758400 -0.00416700
v -0.01383800 -0.08758400 -0.00416700
v -0.01383800 -0.08758400 -0.00416700
v -0.01383800 -0.08758400 -0.00416700
v -0.00400000 -0.08794600 -0.00413100
v -0.00400000 -0.08794600 -0.00413100
v -0.00400000 -0.08794600 -0.00413100
v -0.00400000 -0.08794600 -0.00413100
v -0.00400000 -0.08644900 -0.00525600
v -0.00400000 -0.08644900 -0.00525600
v -0.00400000 -0.08644900 -0.00525600
v -0.00400000 -0.08644900 -0.00525600
v -0.00400000 -0.08644900 -0.00525600
v -0.01362800 -0.07976900 -0.00764500
v -0.01362800 -0.07976900 -0.00764500
v -0.01362800 -0.07976900 -0.00764500
v -0.01362800 -0.07976900 -0.00764500
v -0.01362800 -0.07976900 -0.00764500
v -0.00400000 -0.08113700 -0.00753000
v -0.00400000 -0.08113700 -0.00753000
v -0.00400000 -0.08113700 -0.00753000
v -0.00400000 -0.08113700 -0.00753000
v -0.00400000 -0.08113700 -0.00753000
v -0.01402900 -0.09442100 0.00776600
v -0.01402900 -0.09442100 0.00776600
v -0.01402900 -0.09442100 0.00776600
v -0.01402900 -0.09442100 0.00776600
v -0.01402900 -0.09442100 0.00776600
v -0.01402900 -0.09442100 0.00776600
v -0.00400000 -0.09553800 0.01137700
v -0.00400000 -0.09553800 0.01137700
v -0.00400000 -0.09553800 0.01137700
v -0.00400000 -0.09553800 0.01137700
v -0.00400000 -0.09553800 0.01137700
v -0.00400000 -0.09553800 0.01137700
v -0.01352400 -0.08885800 -0.00304700
v -0.01352400 -0.08885800 -0.00304700
v -0.01352400 -0.08885800 -0.00304700
v -0.01352400 -0.08885800 -0.00304700
v -0.01352400 -0.08885800 -0.00304700
v -0.00400000 -0.08937200 -0.00277300
v -0.00400000 -0.08937200 -0.00277300
v -0.00400000 -0.08937200 -0.00277300
v -0.00400000 -0.08937200 -0.00277300
v -0.00400000 -0.08937200 -0.00277300
v -0.00400000 -0.08937200 -0.00277300
v -0.00400000 -0.08414600 -0.00650600
v -0.00400000 -0.08414600 -0.00650600
v -0.00400000 -0.08414600 -0.00650600
v -0.00400000 -0.08414600 -0.00650600
v -0.00400000 -0.08414600 -0.00650600
v -0.01382800 -0.08998400 -0.00172800
v -0.01382800 -0.08998400 -0.00172800
v -0.01382800 -0.08998400 -0.00172800
v -0.01382800 -0.08998400 -0.00172800
v -0.01382800 -0.08998400 -0.00172800
v -0.01382800 -0.08998400 -0.00172800
v -0.01375000 -0.08395800 -0.00635500
v -0.01375000 -0.08395800 -0.00635500
v -0.01375000 -0.08395800 -0.00635500
v -0.01375000 -0.08395800 -0.00635500
v -0.00400000 -0.09089800 -0.00084800
v -0.00400000 -0.09089800 -0.00084800
v -0.00400000 -0.09089800 -0.00084800
v -0.00400000 -0.09089800 -0.00084800
v -0.00400000 -0.09089800 -0.00084800
v -0.01397000 -0.07645900 -0.00805600
v -0.01397000 -0.07645900 -0.00805600
v -0.01397000 -0.07645900 -0.00805600
v -0.01397000 -0.07645900 -0.00805600
v -0.01397000 -0.07645900 -0.00805600
v -0.01397000 -0.07645900 -0.00805600
v -0.01397000 -0.07645900 -0.00805600
v -0.00400000 -0.07734700 -0.00818800
v -0.00400000 -0.07734700 -0.00818800
v -0.00400000 -0.07734700 -0.00818800
v -0.00400000 -0.07734700 -0.00818800
v -0.00400000 -0.07734700 -0.00818800
v -0.01374700 -0.09129700 0.00011700
v -0.01374700 -0.09129700 0.00011700
v -0.01374700 -0.09129700 0.00011700
v -0.01374700 -0.09129700 0.00011700
v -0.01374700 -0.09129700 0.00011700
v -0.01374700 -0.09129700 0.00011700
v -0.01374700 -0.09129700 0.00011700
v -0.01360600 -0.08575400 -0.00547600
v -0.01360600 -0.08575400 -0.00547600
v -0.01360600 -0.08575400 -0.00547600
v -0.01360600 -0.08575400 -0.00547600
v -0.01360600 -0.08575400 -0.00547600
v -0.01360600 -0.08575400 -0.00547600
v -0.00400000 -0.09254400 0.00198600
v -0.00400000 -0.09254400 0.00198600
v -0.00400000 -0.09254400 0.00198600
v -0.00400000 -0.09254400 0.00198600
v -0.00400000 -0.09254400 0.00198600
v -0.00400000 -0.09254400 0.00198600
v -0.01359100 -0.09256200 0.00249800
v -0.01359100 -0.09256200 0.00249800
v -0.01359100 -0.09256200 0.00249800
v -0.01359100 -0.09256200 0.00249800
v -0.00396000 -0.10055100 -0.01259500
v -0.00396000 -0.10055100 -0.01259500
v -0.00396000 -0.10055100 -0.01259500
v -0.00396000 -0.10055100 -0.01259500
v -0.00396000 -0.10055100 -0.01259500
v -0.00396000 -0.10055100 -0.01259500
v -0.00399600 -0.09862400 -0.01355700
v -0.00399600 -0.09862400 -0.01355700
v -0.00399600 -0.09862400 -0.01355700
v -0.00399600 -0.09862400 -0.01355700
v -0.00399600 -0.09862400 -0.01355700
v -0.00399600 -0.09862400 -0.01355700
v -0.00399600 -0.09862400 -0.01355700
v -0.00399600 -0.09862400 -0.01355700
v -0.00399600 -0.09862400 -0.01355700
v -0.00398900 -0.10193800 -0.00861100
v -0.00398900 -0.10193800 -0.00861100
v -0.00398900 -0.10193800 -0.00861100
v -0.00398900 -0.10193800 -0.00861100
v -0.00398900 -0.10193800 -0.00861100
v -0.00398900 -0.10193800 -0.00861100
v -0.00398900 -0.10193800 -0.00861100
v -0.00398900 -0.10193800 -0.00861100
v -0.00399600 -0.10183600 0.00762200
v -0.00399600 -0.10183600 0.00762200
v -0.00399600 -0.10183600 0.00762200
v -0.00399600 -0.10183600 0.00762200
v -0.00399600 -0.10183600 0.00762200
v -0.00399600 -0.10183600 0.00762200
v -0.00399600 -0.10183600 0.00762200
v -0.00399600 -0.10183600 0.00762200
v -0.00396600 -0.10062700 0.01159900
v -0.00396600 -0.10062700 0.01159900
v -0.00396600 -0.10062700 0.01159900
v -0.00396600 -0.10062700 0.01159900
v -0.00396600 -0.10062700 0.01159900
v -0.00396600 -0.10062700 0.01159900
v -0.00396600 -0.10062700 0.01159900
v -0.00396600 -0.10062700 0.01159900
v -0.01730500 0.02691900 0.00783500
v -0.01730500 0.02691900 0.00783500
v -0.01730500 0.02691900 0.00783500
v -0.01730500 0.02691900 0.00783500
v -0.01730500 0.02691900 0.00783500
v -0.01730500 0.02691900 0.00783500
v -0.01730500 0.02691900 0.00783500
v -0.01730500 0.02691900 0.00783500
v -0.01730400 0.02691800 -0.00603300
v -0.01730400 0.02691800 -0.00603300
v -0.01730400 0.02691800 -0.00603300
v -0.01730400 0.02691800 -0.00603300
v -0.01730400 0.02691800 -0.00603300
v -0.01693200 0.02717700 -0.00669400
v -0.01693200 0.02717700 -0.00669400
v -0.01693200 0.02717700 -0.00669400
v -0.01693200 0.02717700 -0.00669400
v -0.01693200 0.02717700 -0.00669400
v -0.01693200 0.02717700 -0.00669400
v -0.01693200 0.02717700 -0.00669400
v -0.01693200 0.02717700 -0.00669400
v -0.01693200 0.02717700 -0.00669400
v -0.01693200 0.02717700 -0.00669400
v -0.01693200 0.02717700 -0.00669400
v -0.01693200 0.02717700 -0.00669400
v -0.01658200 0.02736800 0.00809700
v -0.01658200 0.02736800 0.00809700
v -0.01658200 0.02736800 0.00809700
v -0.01658200 0.02736800 0.00809700
v -0.01658200 0.02736800 0.00809700
v -0.01658200 0.02736800 0.00809700
v -0.01613300 0.02763600 0.00844300
v -0.01613300 0.02763600 0.00844300
v -0.01613300 0.02763600 0.00844300
v -0.01571000 0.02787800 0.00890300
v -0.01571000 0.02787800 0.00890300
v -0.01571000 0.02787800 0.00890300
v -0.01571000 0.02787800 0.00890300
v -0.01406300 0.02874900 -0.00675300
v -0.01406300 0.02874900 -0.00675300
v -0.01406300 0.02874900 -0.00675300
v -0.01406300 0.02874900 -0.00675300
v -0.01406300 0.02874900 -0.00675300
v -0.01406300 0.02874900 -0.00675300
v -0.01406300 0.02874900 -0.00675300
v -0.01406300 0.02874900 -0.00675300
v -0.01406300 0.02874900 -0.00675300
v -0.01406300 0.02874900 -0.00675300
v -0.01097600 0.03007700 -0.00680600
v -0.01097600 0.03007700 -0.00680600
v -0.01097600 0.03007700 -0.00680600
v -0.01097600 0.03007700 -0.00680600
v -0.01097600 0.03007700 -0.00680600
v -0.01097600 0.03007700 -0.00680600
v -0.00779200 0.03104200 -0.00686900
v -0.00779200 0.03104200 -0.00686900
v -0.00779200 0.03104200 -0.00686900
v -0.00779200 0.03104200 -0.00686900
v -0.00779200 0.03104200 -0.00686900
v -0.00779200 0.03104200 -0.00686900
v -0.00779200 0.03104200 -0.00686900
v -0.00209600 0.03194200 -0.00697400
v -0.00209600 0.03194200 -0.00697400
v -0.00209600 0.03194200 -0.00697400
v -0.00209600 0.03194200 -0.00697400
v -0.00209600 0.03194200 -0.00697400
v -0.00209600 0.03194200 -0.00697400
v -0.00209600 0.03194200 -0.00697400
v -0.00209600 0.03194200 -0.00697400
v -0.01737500 0.01386000 0.00782700
v -0.01737500 0.01386000 0.00782700
v -0.01737500 0.01386000 0.00782700
v -0.01737500 0.01386000 0.00782700
v -0.01737500 0.01386000 0.00782700
v -0.01737500 0.01386000 0.00782700
v -0.01509300 -0.02822100 -0.00673300
v -0.01509300 -0.02822100 -0.00673300
v -0.01509300 -0.02822100 -0.00673300
v -0.01509300 -0.02822100 -0.00673300
v -0.01509300 -0.02822100 -0.00673300
v -0.01509300 -0.02822100 -0.00673300
v -0.01509300 -0.02822100 -0.00673300
v -0.01509300 -0.02822100 -0.00673300
v -0.01620500 -0.02759400 0.00831600
v -0.01620500 -0.02759400 0.00831600
v -0.01620500 -0.02759400 0.00831600
v -0.01620500 -0.02759400 0.00831600
v -0.01620500 -0.02759400 0.00831600
v -0.01620500 -0.02759400 0.00831600
v -0.01620500 -0.02759400 0.00831600
v -0.01620500 -0.02759400 0.00831600
v -0.01620500 -0.02759400 0.00831600
v -0.00191900 -0.03195500 -0.00698000
v -0.00191900 -0.03195500 -0.00698000
v -0.00191900 -0.03195500 -0.00698000
v -0.00191900 -0.03195500 -0.00698000
v -0.01653700 -0.02739600 -0.00670900
v -0.01653700 -0.02739600 -0.00670900
v -0.01653700 -0.02739600 -0.00670900
v -0.01653700 -0.02739600 -0.00670900
v -0.01653700 -0.02739600 -0.00670900
v -0.01653700 -0.02739600 -0.00670900
v -0.01689600 -0.02717600 -0.00617200
v -0.01689600 -0.02717600 -0.00617200
v -0.01689600 -0.02717600 -0.00617200
v -0.01689600 -0.02717600 -0.00617200
v -0.01689600 -0.02717600 -0.00617200
v -0.01689600 -0.02717600 -0.00617200
v -0.01720700 -0.02698200 0.00785900
v -0.01720700 -0.02698200 0.00785900
v -0.01720700 -0.02698200 0.00785900
v -0.01720700 -0.02698200 0.00785900
v -0.01720700 -0.02698200 0.00785900
v -0.00495300 -0.03162600 -0.00692100
v -0.00495300 -0.03162600 -0.00692100
v -0.00495300 -0.03162600 -0.00692100
v -0.00495300 -0.03162600 -0.00692100
v -0.00495300 -0.03162600 -0.00692100
v -0.00495300 -0.03162600 -0.00692100
v -0.00495300 -0.03162600 -0.00692100
v -0.00811000 -0.03097000 -0.00686200
v -0.00811000 -0.03097000 -0.00686200
v -0.00811000 -0.03097000 -0.00686200
v -0.00811000 -0.03097000 -0.00686200
v -0.00811000 -0.03097000 -0.00686200
v -0.01068300 -0.03016900 -0.00681600
v -0.01068300 -0.03016900 -0.00681600
v -0.01068300 -0.03016900 -0.00681600
v -0.01068300 -0.03016900 -0.00681600
v -0.01068300 -0.03016900 -0.00681600
v -0.01284800 -0.02932000 -0.00677900
v -0.01284800 -0.02932000 -0.00677900
v -0.01284800 -0.02932000 -0.00677900
v -0.01284800 -0.02932000 -0.00677900
v -0.01284800 -0.02932000 -0.00677900
v -0.01284800 -0.02932000 -0.00677900
v -0.01284800 -0.02932000 -0.00677900
v -0.01550900 -0.02799000 0.00917900
v -0.01550900 -0.02799000 0.00917900
v -0.01550900 -0.02799000 0.00917900
v -0.01550900 -0.02799000 0.00917900
v -0.01550900 -0.02799000 0.00917900
v -0.01954200 0.03197100 -0.00733900
v -0.01954200 0.03197100 -0.00733900
v -0.01954200 0.03197100 -0.00733900
v -0.01954200 0.03197100 -0.00733900
v -0.01954200 0.03197100 -0.00733900
v -0.01965500 0.03298000 -0.00779200
v -0.01965500 0.03298000 -0.00779200
v -0.01965500 0.03298000 -0.00779200
v -0.01965500 0.03298000 -0.00779200
v -0.01965500 0.03298000 -0.00779200
v -0.01965500 0.03298000 -0.00779200
v -0.01965500 0.03298000 -0.00779200
v -0.01963500 0.03018600 -0.00521000
v -0.01963500 0.03018600 -0.00521000
v -0.01963500 0.03018600 -0.00521000
v -0.01963500 0.03018600 -0.00521000
v -0.01963500 0.03018600 -0.00521000
v -0.01963500 0.03018600 -0.00521000
v -0.01860300 0.02908100 -0.00537300
v -0.01860300 0.02908100 -0.00537300
v -0.01860300 0.02908100 -0.00537300
v -0.01860300 0.02908100 -0.00537300
v -0.01860300 0.02908100 -0.00537300
v -0.01860300 0.02908100 -0.00537300
v -0.01886300 0.03069300 -0.00688400
v -0.01886300 0.03069300 -0.00688400
v -0.01886300 0.03069300 -0.00688400
v -0.01886300 0.03069300 -0.00688400
v -0.01886300 0.03069300 -0.00688400
v -0.01886300 0.03069300 -0.00688400
v -0.01972900 0.03073400 -0.00603800
v -0.01972900 0.03073400 -0.00603800
v -0.01972900 0.03073400 -0.00603800
v -0.01972900 0.03073400 -0.00603800
v -0.01972900 0.03073400 -0.00603800
v -0.01972900 0.03073400 -0.00603800
v -0.01768300 0.03154400 -0.00790900
v -0.01768300 0.03154400 -0.00790900
v -0.01768300 0.03154400 -0.00790900
v -0.01768300 0.03154400 -0.00790900
v -0.01768300 0.03154400 -0.00790900
v -0.01768300 0.03154400 -0.00790900
v -0.01804300 0.03064500 -0.00739300
v -0.01804300 0.03064500 -0.00739300
v -0.01804300 0.03064500 -0.00739300
v -0.01804300 0.03064500 -0.00739300
v -0.01804300 0.03064500 -0.00739300
v -0.01804300 0.03064500 -0.00739300
v -0.01804300 0.03064500 -0.00739300
v -0.01841200 0.02931800 -0.00609900
v -0.01841200 0.02931800 -0.00609900
v -0.01841200 0.02931800 -0.00609900
v -0.01841200 0.02931800 -0.00609900
v -0.01841200 0.02931800 -0.00609900
v -0.01841200 0.02931800 -0.00609900
v -0.01841200 0.02931800 -0.00609900
v -0.01790900 0.02950800 -0.00685300
v -0.01790900 0.02950800 -0.00685300
v -0.01790900 0.02950800 -0.00685300
v -0.01790900 0.02950800 -0.00685300
v -0.01765700 0.02802900 -0.00610500
v -0.01765700 0.02802900 -0.00610500
v -0.01765700 0.02802900 -0.00610500
v -0.01765700 0.02802900 -0.00610500
v -0.01765700 0.02802900 -0.00610500
v -0.01765700 0.02802900 -0.00610500
v -0.01719500 0.02840200 -0.00694600
v -0.01719500 0.02840200 -0.00694600
v -0.01719500 0.02840200 -0.00694600
v -0.01719500 0.02840200 -0.00694600
v -0.01719500 0.02840200 -0.00694600
v -0.01719500 0.02840200 -0.00694600
v -0.01719500 0.02840200 -0.00694600
v -0.01637800 0.03021100 -0.00799900
v -0.01637800 0.03021100 -0.00799900
v -0.01637800 0.03021100 -0.00799900
v -0.01637800 0.03021100 -0.00799900
v -0.01637800 0.03021100 -0.00799900
v -0.02839900 0.03962500 -0.00544400
v -0.02839900 0.03962500 -0.00544400
v -0.02839900 0.03962500 -0.00544400
v -0.02839900 0.03962500 -0.00544400
v -0.02839900 0.03962500 -0.00544400
v -0.02839900 0.03962500 -0.00544400
v -0.02839900 0.03962500 -0.00544400
v -0.02839900 0.03962500 -0.00544400
v -0.01686900 0.02971800 -0.00768100
v -0.01686900 0.02971800 -0.00768100
v -0.01686900 0.02971800 -0.00768100
v -0.01686900 0.02971800 -0.00768100
v -0.01686900 0.02971800 -0.00768100
v -0.01642000 0.02854300 -0.00763200
v -0.01642000 0.02854300 -0.00763200
v -0.01642000 0.02854300 -0.00763200
v -0.01642000 0.02854300 -0.00763200
v -0.01642000 0.02854300 -0.00763200
v -0.02759800 0.03959300 -0.00676700
v -0.02759800 0.03959300 -0.00676700
v -0.02759800 0.03959300 -0.00676700
v -0.02759800 0.03959300 -0.00676700
v -0.02759800 0.03959300 -0.00676700
v -0.02759800 0.03959300 -0.00676700
v -0.02759800 0.03959300 -0.00676700
v -0.02759800 0.03959300 -0.00676700
v -0.02731500 0.03486500 -0.00511500
v -0.02731500 0.03486500 -0.00511500
v -0.02731500 0.03486500 -0.00511500
v -0.02731500 0.03486500 -0.00511500
v -0.02731500 0.03486500 -0.00511500
v -0.02762400 0.03573500 -0.00561300
v -0.02762400 0.03573500 -0.00561300
v -0.02762400 0.03573500 -0.00561300
v -0.02762400 0.03573500 -0.00561300
v -0.02762400 0.03573500 -0.00561300
v -0.02762400 0.03573500 -0.00561300
v -0.02762400 0.03573500 -0.00561300
v -0.02631800 0.03377500 -0.00512400
v -0.02631800 0.03377500 -0.00512400
v -0.02631800 0.03377500 -0.00512400
v -0.02631800 0.03377500 -0.00512400
v -0.02631800 0.03377500 -0.00512400
v -0.02815300 0.03720900 -0.00543200
v -0.02815300 0.03720900 -0.00543200
v -0.02815300 0.03720900 -0.00543200
v -0.02815300 0.03720900 -0.00543200
v -0.02815300 0.03720900 -0.00543200
v -0.02815300 0.03720900 -0.00543200
v -0.02663400 0.03436800 -0.00572700
v -0.02663400 0.03436800 -0.00572700
v -0.02663400 0.03436800 -0.00572700
v -0.02663400 0.03436800 -0.00572700
v -0.02663400 0.03436800 -0.00572700
v -0.02680400 0.03484300 -0.00612800
v -0.02680400 0.03484300 -0.00612800
v -0.02680400 0.03484300 -0.00612800
v -0.02680400 0.03484300 -0.00612800
v -0.02680400 0.03484300 -0.00612800
v -0.02680400 0.03484300 -0.00612800
v -0.02680400 0.03484300 -0.00612800
v -0.02704800 0.03601000 -0.00664800
v -0.02704800 0.03601000 -0.00664800
v -0.02704800 0.03601000 -0.00664800
v -0.02704800 0.03601000 -0.00664800
v -0.02704800 0.03601000 -0.00664800
v -0.02704800 0.03601000 -0.00664800
v -0.02777200 0.03716600 -0.00621700
v -0.02777200 0.03716600 -0.00621700
v -0.02777200 0.03716600 -0.00621700
v -0.02777200 0.03716600 -0.00621700
v -0.02777200 0.03716600 -0.00621700
v -0.02777200 0.03716600 -0.00621700
v -0.02777200 0.03716600 -0.00621700
v -0.02656600 0.03985000 -0.00758400
v -0.02656600 0.03985000 -0.00758400
v -0.02656600 0.03985000 -0.00758400
v -0.02656600 0.03985000 -0.00758400
v -0.02656600 0.03985000 -0.00758400
v -0.02656600 0.03985000 -0.00758400
v -0.02580300 0.03377300 -0.00591000
v -0.02580300 0.03377300 -0.00591000
v -0.02580300 0.03377300 -0.00591000
v -0.02580300 0.03377300 -0.00591000
v -0.02580300 0.03377300 -0.00591000
v -0.02580300 0.03377300 -0.00591000
v -0.02580300 0.03377300 -0.00591000
v -0.02746700 0.03785800 -0.00673800
v -0.02746700 0.03785800 -0.00673800
v -0.02746700 0.03785800 -0.00673800
v -0.02500800 0.03294800 -0.00519500
v -0.02500800 0.03294800 -0.00519500
v -0.02500800 0.03294800 -0.00519500
v -0.02500800 0.03294800 -0.00519500
v -0.02500800 0.03294800 -0.00519500
v -0.02500800 0.03294800 -0.00519500
v -0.02500800 0.03294800 -0.00519500
v -0.02563200 0.03839400 -0.00793900
v -0.02563200 0.03839400 -0.00793900
v -0.02563200 0.03839400 -0.00793900
v -0.02563200 0.03839400 -0.00793900
v -0.02563200 0.03839400 -0.00793900
v -0.02563200 0.03839400 -0.00793900
v -0.02458400 0.03310200 -0.00597900
v -0.02458400 0.03310200 -0.00597900
v -0.02458400 0.03310200 -0.00597900
v -0.02458400 0.03310200 -0.00597900
v -0.02458400 0.03310200 -0.00597900
v -0.02479200 0.03372400 -0.00668200
v -0.02479200 0.03372400 -0.00668200
v -0.02479200 0.03372400 -0.00668200
v -0.02479200 0.03372400 -0.00668200
v -0.02479200 0.03372400 -0.00668200
v -0.02479200 0.03372400 -0.00668200
v -0.02479200 0.03372400 -0.00668200
v -0.02696500 0.03734300 -0.00715200
v -0.02696500 0.03734300 -0.00715200
v -0.02696500 0.03734300 -0.00715200
v -0.02696500 0.03734300 -0.00715200
v -0.02696500 0.03734300 -0.00715200
v -0.02696500 0.03734300 -0.00715200
v -0.02696500 0.03734300 -0.00715200
v -0.02580700 0.03442200 -0.00668400
v -0.02580700 0.03442200 -0.00668400
v -0.02580700 0.03442200 -0.00668400
v -0.02580700 0.03442200 -0.00668400
v -0.02580700 0.03442200 -0.00668400
v -0.02642600 0.03659900 -0.00738500
v -0.02642600 0.03659900 -0.00738500
v -0.02642600 0.03659900 -0.00738500
v -0.02642600 0.03659900 -0.00738500
v -0.02642600 0.03659900 -0.00738500
v -0.02609600 0.03739600 -0.00769900
v -0.02609600 0.03739600 -0.00769900
v -0.02609600 0.03739600 -0.00769900
v -0.02609600 0.03739600 -0.00769900
v -0.02609600 0.03739600 -0.00769900
v -0.02625800 0.03540900 -0.00707400
v -0.02625800 0.03540900 -0.00707400
v -0.02625800 0.03540900 -0.00707400
v -0.02625800 0.03540900 -0.00707400
v -0.02625800 0.03540900 -0.00707400
v -0.02625800 0.03540900 -0.00707400
v -0.02549300 0.03620800 -0.00776300
v -0.02549300 0.03620800 -0.00776300
v -0.02549300 0.03620800 -0.00776300
v -0.02549300 0.03620800 -0.00776300
v -0.02549300 0.03620800 -0.00776300
v -0.02549300 0.03620800 -0.00776300
v -0.02549300 0.03620800 -0.00776300
v -0.02513100 0.03499900 -0.00746300
v -0.02513100 0.03499900 -0.00746300
v -0.02513100 0.03499900 -0.00746300
v -0.02513100 0.03499900 -0.00746300
v -0.02513100 0.03499900 -0.00746300
v -0.02513100 0.03499900 -0.00746300
v -0.02400500 0.03420200 -0.00738800
v -0.02400500 0.03420200 -0.00738800
v -0.02400500 0.03420200 -0.00738800
v -0.02400500 0.03420200 -0.00738800
v -0.02400500 0.03420200 -0.00738800
v -0.02159300 0.03173600 -0.00571700
v -0.02159300 0.03173600 -0.00571700
v -0.02159300 0.03173600 -0.00571700
v -0.02159300 0.03173600 -0.00571700
v -0.02159300 0.03173600 -0.00571700
v -0.02411300 0.03537500 -0.00789200
v -0.02411300 0.03537500 -0.00789200
v -0.02411300 0.03537500 -0.00789200
v -0.02411300 0.03537500 -0.00789200
v -0.02411300 0.03537500 -0.00789200
v -0.02411300 0.03537500 -0.00789200
v -0.02131600 0.03199200 -0.00636700
v -0.02131600 0.03199200 -0.00636700
v -0.02131600 0.03199200 -0.00636700
v -0.02131600 0.03199200 -0.00636700
v -0.02131600 0.03199200 -0.00636700
v -0.02131600 0.03199200 -0.00636700
v -0.02131600 0.03199200 -0.00636700
v -0.02119100 0.03272000 -0.00717800
v -0.02119100 0.03272000 -0.00717800
v -0.02119100 0.03272000 -0.00717800
v -0.02119100 0.03272000 -0.00717800
v -0.02119100 0.03272000 -0.00717800
v -0.02119100 0.03272000 -0.00717800
v -0.02059300 0.03110800 -0.00554400
v -0.02059300 0.03110800 -0.00554400
v -0.02059300 0.03110800 -0.00554400
v -0.02059300 0.03110800 -0.00554400
v -0.02059300 0.03110800 -0.00554400
v -0.02059300 0.03110800 -0.00554400
v -0.01531300 0.02976500 -0.00819700
v -0.01531300 0.02976500 -0.00819700
v -0.01531300 0.02976500 -0.00819700
v -0.01531300 0.02976500 -0.00819700
v -0.01531300 0.02976500 -0.00819700
v -0.01531300 0.02976500 -0.00819700
v -0.02796800 0.04108800 -0.00617900
v -0.02796800 0.04108800 -0.00617900
v -0.02796800 0.04108800 -0.00617900
v -0.02796800 0.04108800 -0.00617900
v -0.01998200 0.03157400 -0.00680200
v -0.01998200 0.03157400 -0.00680200
v -0.01998200 0.03157400 -0.00680200
v -0.01998200 0.03157400 -0.00680200
v -0.01998200 0.03157400 -0.00680200
v -0.02604000 0.07215000 -0.00573900
v -0.02604000 0.07215000 -0.00573900
v -0.02604000 0.07215000 -0.00573900
v -0.02604000 0.07215000 -0.00573900
v -0.02604000 0.07215000 -0.00573900
v -0.02549100 0.07241700 -0.00660800
v -0.02549100 0.07241700 -0.00660800
v -0.02549100 0.07241700 -0.00660800
v -0.02549100 0.07241700 -0.00660800
v -0.02549100 0.07241700 -0.00660800
v -0.02549100 0.07241700 -0.00660800
v -0.02549100 0.07241700 -0.00660800
v -0.02475500 0.07251000 -0.00730200
v -0.02475500 0.07251000 -0.00730200
v -0.02475500 0.07251000 -0.00730200
v -0.02475500 0.07251000 -0.00730200
v -0.02475500 0.07251000 -0.00730200
v -0.02475500 0.07251000 -0.00730200
v -0.02405300 0.07239100 -0.00772300
v -0.02405300 0.07239100 -0.00772300
v -0.02405300 0.07239100 -0.00772300
v -0.02405300 0.07239100 -0.00772300
v -0.02405300 0.07239100 -0.00772300
v -0.02338000 0.07293200 -0.00795000
v -0.02338000 0.07293200 -0.00795000
v -0.02338000 0.07293200 -0.00795000
v -0.02338000 0.07293200 -0.00795000
v -0.02338000 0.07293200 -0.00795000
v -0.02338000 0.07293200 -0.00795000
v -0.02338000 0.07293200 -0.00795000
v -0.02586500 0.07494800 -0.00541600
v -0.02586500 0.07494800 -0.00541600
v -0.02586500 0.07494800 -0.00541600
v -0.02586500 0.07494800 -0.00541600
v -0.02586500 0.07494800 -0.00541600
v -0.02586500 0.07494800 -0.00541600
v -0.02541500 0.07517100 -0.00617500
v -0.02541500 0.07517100 -0.00617500
v -0.02541500 0.07517100 -0.00617500
v -0.02541500 0.07517100 -0.00617500
v -0.02541500 0.07517100 -0.00617500
v -0.02541500 0.07517100 -0.00617500
v -0.02248100 0.09368500 0.01141000
v -0.02248100 0.09368500 0.01141000
v -0.02248100 0.09368500 0.01141000
v -0.02248100 0.09368500 0.01141000
v -0.02248100 0.09368500 0.01141000
v -0.02248100 0.09368500 0.01141000
v -0.02277700 0.09329600 0.01196500
v -0.02277700 0.09329600 0.01196500
v -0.02277700 0.09329600 0.01196500
v -0.02277700 0.09329600 0.01196500
v -0.02277700 0.09329600 0.01196500
v -0.02188700 0.09422300 0.01111200
v -0.02188700 0.09422300 0.01111200
v -0.02188700 0.09422300 0.01111200
v -0.02188700 0.09422300 0.01111200
v -0.02188700 0.09422300 0.01111200
v -0.02255100 0.09223500 0.00546200
v -0.02255100 0.09223500 0.00546200
v -0.02255100 0.09223500 0.00546200
v -0.02255100 0.09223500 0.00546200
v -0.02255100 0.09223500 0.00546200
v -0.02255100 0.09223500 0.00546200
v -0.02243600 0.09147300 0.00339400
v -0.02243600 0.09147300 0.00339400
v -0.02243600 0.09147300 0.00339400
v -0.02243600 0.09147300 0.00339400
v -0.02243600 0.09147300 0.00339400
v -0.02243600 0.09147300 0.00339400
v -0.02315800 0.09022600 0.00214400
v -0.02315800 0.09022600 0.00214400
v -0.02315800 0.09022600 0.00214400
v -0.02315800 0.09022600 0.00214400
v -0.02315800 0.09022600 0.00214400
v -0.02315800 0.09022600 0.00214400
v -0.02315800 0.09022600 0.00214400
v -0.02133300 0.09235400 0.00396400
v -0.02133300 0.09235400 0.00396400
v -0.02133300 0.09235400 0.00396400
v -0.02133300 0.09235400 0.00396400
v -0.02133300 0.09235400 0.00396400
v -0.02133300 0.09235400 0.00396400
v -0.02109300 0.09487400 0.01171500
v -0.02109300 0.09487400 0.01171500
v -0.02109300 0.09487400 0.01171500
v -0.02109300 0.09487400 0.01171500
v -0.02109300 0.09487400 0.01171500
v -0.02109300 0.09487400 0.01171500
v -0.02255200 0.09015900 0.00112300
v -0.02255200 0.09015900 0.00112300
v -0.02255200 0.09015900 0.00112300
v -0.02255200 0.09015900 0.00112300
v -0.02255200 0.09015900 0.00112300
v -0.02255200 0.09015900 0.00112300
v -0.02328400 0.08847100 -0.00041800
v -0.02328400 0.08847100 -0.00041800
v -0.02328400 0.08847100 -0.00041800
v -0.02328400 0.08847100 -0.00041800
v -0.02328400 0.08847100 -0.00041800
v -0.02328400 0.08847100 -0.00041800
v -0.02176400 0.09108500 0.00190500
v -0.02176400 0.09108500 0.00190500
v -0.02176400 0.09108500 0.00190500
v -0.02176400 0.09108500 0.00190500
v -0.02176400 0.09108500 0.00190500
v -0.02176400 0.09108500 0.00190500
v -0.02189800 0.09000500 0.00031700
v -0.02189800 0.09000500 0.00031700
v -0.02189800 0.09000500 0.00031700
v -0.02189800 0.09000500 0.00031700
v -0.02189800 0.09000500 0.00031700
v -0.02314600 0.08741700 -0.00185300
v -0.02314600 0.08741700 -0.00185300
v -0.02314600 0.08741700 -0.00185300
v -0.02314600 0.08741700 -0.00185300
v -0.02314600 0.08741700 -0.00185300
v -0.02400400 0.08654700 -0.00164200
v -0.02400400 0.08654700 -0.00164200
v -0.02400400 0.08654700 -0.00164200
v -0.02400400 0.08654700 -0.00164200
v -0.02400400 0.08654700 -0.00164200
v -0.02400400 0.08654700 -0.00164200
v -0.02068800 0.09456600 0.00959200
v -0.02068800 0.09456600 0.00959200
v -0.02068800 0.09456600 0.00959200
v -0.02068800 0.09456600 0.00959200
v -0.02068800 0.09456600 0.00959200
v -0.02068800 0.09456600 0.00959200
v -0.02350700 0.08530100 -0.00349700
v -0.02350700 0.08530100 -0.00349700
v -0.02350700 0.08530100 -0.00349700
v -0.02350700 0.08530100 -0.00349700
v -0.02350700 0.08530100 -0.00349700
v -0.02350700 0.08530100 -0.00349700
v -0.02312500 0.09214600 0.00741400
v -0.02312500 0.09214600 0.00741400
v -0.02312500 0.09214600 0.00741400
v -0.02312500 0.09214600 0.00741400
v -0.02312500 0.09214600 0.00741400
v -0.02312500 0.09214600 0.00741400
v -0.02312500 0.09214600 0.00741400
v -0.02007300 0.09565200 0.01381300
v -0.02007300 0.09565200 0.01381300
v -0.02007300 0.09565200 0.01381300
v -0.02007300 0.09565200 0.01381300
v -0.02007300 0.09565200 0.01381300
v -0.02007300 0.09565200 0.01381300
v -0.02433800 0.08399500 -0.00352200
v -0.02433800 0.08399500 -0.00352200
v -0.02433800 0.08399500 -0.00352200
v -0.02433800 0.08399500 -0.00352200
v -0.02433800 0.08399500 -0.00352200
v -0.02433800 0.08399500 -0.00352200
v -0.02369400 0.08299100 -0.00493200
v -0.02369400 0.08299100 -0.00493200
v -0.02369400 0.08299100 -0.00493200
v -0.02369400 0.08299100 -0.00493200
v -0.02369400 0.08299100 -0.00493200
v -0.02369400 0.08299100 -0.00493200
v -0.02464100 0.08106500 -0.00501400
v -0.02464100 0.08106500 -0.00501400
v -0.02464100 0.08106500 -0.00501400
v -0.02464100 0.08106500 -0.00501400
v -0.02464100 0.08106500 -0.00501400
v -0.02464100 0.08106500 -0.00501400
v -0.02216900 0.09344300 0.00846700
v -0.02216900 0.09344300 0.00846700
v -0.02216900 0.09344300 0.00846700
v -0.02216900 0.09344300 0.00846700
v -0.02216900 0.09344300 0.00846700
v -0.02216900 0.09344300 0.00846700
v -0.02371200 0.08099900 -0.00593800
v -0.02371200 0.08099900 -0.00593800
v -0.02371200 0.08099900 -0.00593800
v -0.02371200 0.08099900 -0.00593800
v -0.02371200 0.08099900 -0.00593800
v -0.02371200 0.08099900 -0.00593800
v -0.02438100 0.07891500 -0.00621600
v -0.02438100 0.07891500 -0.00621600
v -0.02438100 0.07891500 -0.00621600
v -0.02438100 0.07891500 -0.00621600
v -0.02438100 0.07891500 -0.00621600
v -0.02505800 0.07865000 -0.00556700
v -0.02505800 0.07865000 -0.00556700
v -0.02505800 0.07865000 -0.00556700
v -0.02505800 0.07865000 -0.00556700
v -0.02505800 0.07865000 -0.00556700
v -0.02505800 0.07865000 -0.00556700
v -0.02467300 0.07662000 -0.00668000
v -0.02467300 0.07662000 -0.00668000
v -0.02467300 0.07662000 -0.00668000
v -0.02467300 0.07662000 -0.00668000
v -0.02467300 0.07662000 -0.00668000
v -0.02467300 0.07662000 -0.00668000
v -0.02351400 0.07814800 -0.00705800
v -0.02351400 0.07814800 -0.00705800
v -0.02351400 0.07814800 -0.00705800
v -0.02351400 0.07814800 -0.00705800
v -0.02351400 0.07814800 -0.00705800
v -0.02351400 0.07814800 -0.00705800
v -0.02351400 0.07814800 -0.00705800
v -0.02153400 0.09387700 0.00843400
v -0.02153400 0.09387700 0.00843400
v -0.02153400 0.09387700 0.00843400
v -0.02153400 0.09387700 0.00843400
v -0.02153400 0.09387700 0.00843400
v -0.02153400 0.09387700 0.00843400
v -0.02493700 0.07486200 -0.00681000
v -0.02493700 0.07486200 -0.00681000
v -0.02493700 0.07486200 -0.00681000
v -0.02493700 0.07486200 -0.00681000
v -0.02493700 0.07486200 -0.00681000
v -0.02313900 0.09151900 0.00521600
v -0.02313900 0.09151900 0.00521600
v -0.02313900 0.09151900 0.00521600
v -0.02313900 0.09151900 0.00521600
v -0.02313900 0.09151900 0.00521600
v -0.02188000 0.09267000 0.00534000
v -0.02188000 0.09267000 0.00534000
v -0.02188000 0.09267000 0.00534000
v -0.02188000 0.09267000 0.00534000
v -0.02188000 0.09267000 0.00534000
v -0.02188000 0.09267000 0.00534000
v -0.02361500 0.08969400 0.00228600
v -0.02361500 0.08969400 0.00228600
v -0.02361500 0.08969400 0.00228600
v -0.02361500 0.08969400 0.00228600
v -0.02397200 0.08957000 0.00362400
v -0.02397200 0.08957000 0.00362400
v -0.02397200 0.08957000 0.00362400
v -0.02397200 0.08957000 0.00362400
v -0.02397200 0.08957000 0.00362400
v -0.02397200 0.08957000 0.00362400
v -0.02397200 0.08957000 0.00362400
v -0.02109300 0.09349400 0.00658800
v -0.02109300 0.09349400 0.00658800
v -0.02109300 0.09349400 0.00658800
v -0.02109300 0.09349400 0.00658800
v -0.02109300 0.09349400 0.00658800
v -0.02109300 0.09349400 0.00658800
v -0.02259300 0.08666900 -0.00302100
v -0.02259300 0.08666900 -0.00302100
v -0.02259300 0.08666900 -0.00302100
v -0.02259300 0.08666900 -0.00302100
v -0.02259300 0.08666900 -0.00302100
v -0.02259300 0.08666900 -0.00302100
v -0.02259300 0.08666900 -0.00302100
v -0.02415200 0.07495200 -0.00737700
v -0.02415200 0.07495200 -0.00737700
v -0.02415200 0.07495200 -0.00737700
v -0.02415200 0.07495200 -0.00737700
v -0.02415200 0.07495200 -0.00737700
v -0.02415200 0.07495200 -0.00737700
v -0.02415200 0.07495200 -0.00737700
v -0.02396600 0.08834400 0.00076800
v -0.02396600 0.08834400 0.00076800
v -0.02396600 0.08834400 0.00076800
v -0.02396600 0.08834400 0.00076800
v -0.02396600 0.08834400 0.00076800
v -0.02396600 0.08834400 0.00076800
v -0.02396600 0.08834400 0.00076800
v -0.02453900 0.08682500 0.00047900
v -0.02453900 0.08682500 0.00047900
v -0.02453900 0.08682500 0.00047900
v -0.02453900 0.08682500 0.00047900
v -0.02453900 0.08682500 0.00047900
v -0.02283100 0.08467400 -0.00441800
v -0.02283100 0.08467400 -0.00441800
v -0.02283100 0.08467400 -0.00441800
v -0.02283100 0.08467400 -0.00441800
v -0.02283100 0.08467400 -0.00441800
v -0.02242400 0.08326500 -0.00545700
v -0.02242400 0.08326500 -0.00545700
v -0.02242400 0.08326500 -0.00545700
v -0.02242400 0.08326500 -0.00545700
v -0.02242400 0.08326500 -0.00545700
v -0.02242400 0.08326500 -0.00545700
v -0.02242400 0.08326500 -0.00545700
v -0.02288800 0.08102100 -0.00633400
v -0.02288800 0.08102100 -0.00633400
v -0.02288800 0.08102100 -0.00633400
v -0.02288800 0.08102100 -0.00633400
v -0.02288800 0.08102100 -0.00633400
v -0.02324600 0.07647400 -0.00752700
v -0.02324600 0.07647400 -0.00752700
v -0.02324600 0.07647400 -0.00752700
v -0.02324600 0.07647400 -0.00752700
v -0.02324600 0.07647400 -0.00752700
v -0.02453600 0.08579200 -0.00130900
v -0.02453600 0.08579200 -0.00130900
v -0.02453600 0.08579200 -0.00130900
v -0.02453600 0.08579200 -0.00130900
v -0.02453600 0.08579200 -0.00130900
v -0.02453600 0.08579200 -0.00130900
v -0.02230000 0.08890800 -0.00087700
v -0.02230000 0.08890800 -0.00087700
v -0.02230000 0.08890800 -0.00087700
v -0.02230000 0.08890800 -0.00087700
v -0.02230000 0.08890800 -0.00087700
v -0.02230000 0.08890800 -0.00087700
v -0.02230000 0.08890800 -0.00087700
v -0.02205600 0.08533000 -0.00428300
v -0.02205600 0.08533000 -0.00428300
v -0.02205600 0.08533000 -0.00428300
v -0.02205600 0.08533000 -0.00428300
v -0.02205600 0.08533000 -0.00428300
v -0.02159600 0.09499800 0.01486800
v -0.02159600 0.09499800 0.01486800
v -0.02159600 0.09499800 0.01486800
v -0.02159600 0.09499800 0.01486800
v -0.02159600 0.09499800 0.01486800
v -0.02159600 0.09499800 0.01486800
v -0.02173100 0.08788700 -0.00225300
v -0.02173100 0.08788700 -0.00225300
v -0.02173100 0.08788700 -0.00225300
v -0.02173100 0.08788700 -0.00225300
v -0.02173100 0.08788700 -0.00225300
v -0.02498700 0.08216900 -0.00370400
v -0.02498700 0.08216900 -0.00370400
v -0.02498700 0.08216900 -0.00370400
v -0.02498700 0.08216900 -0.00370400
v -0.02498700 0.08216900 -0.00370400
v -0.02498700 0.08216900 -0.00370400
v -0.02498700 0.08216900 -0.00370400
v -0.02554500 0.07820200 -0.00484500
v -0.02554500 0.07820200 -0.00484500
v -0.02554500 0.07820200 -0.00484500
v -0.02554500 0.07820200 -0.00484500
v -0.02554500 0.07820200 -0.00484500
v -0.02554500 0.07820200 -0.00484500
v -0.01963700 0.09717500 0.02291700
v -0.01963700 0.09717500 0.02291700
v -0.01963700 0.09717500 0.02291700
v -0.01963700 0.09717500 0.02291700
v -0.01963700 0.09717500 0.02291700
v -0.01963700 0.09717500 0.02291700
v -0.02058800 0.09696200 0.03028000
v -0.02058800 0.09696200 0.03028000
v -0.02058800 0.09696200 0.03028000
v -0.02058800 0.09696200 0.03028000
v -0.02058800 0.09696200 0.03028000
v -0.02058800 0.09696200 0.03028000
v -0.02058800 0.09696200 0.03028000
v -0.02058800 0.09696200 0.03028000
v -0.02059400 0.09658700 0.02244100
v -0.02059400 0.09658700 0.02244100
v -0.02059400 0.09658700 0.02244100
v -0.02059400 0.09658700 0.02244100
v -0.02059400 0.09658700 0.02244100
v -0.02059400 0.09658700 0.02244100
v -0.02059400 0.09658700 0.02244100
v -0.02001600 0.09754800 0.03028100
v -0.02001600 0.09754800 0.03028100
v -0.02001600 0.09754800 0.03028100
v -0.02001600 0.09754800 0.03028100
v -0.01908500 0.09816000 0.03020800
v -0.01908500 0.09816000 0.03020800
v -0.01908500 0.09816000 0.03020800
v -0.01908500 0.09816000 0.03020800
v -0.01908500 0.09816000 0.03020800
v -0.01908500 0.09816000 0.03020800
v -0.01908500 0.09816000 0.03020800
v -0.01570600 0.10012100 0.05293600
v -0.01570600 0.10012100 0.05293600
v -0.01570600 0.10012100 0.05293600
v -0.01570600 0.10012100 0.05293600
v -0.01570600 0.10012100 0.05293600
v -0.01570600 0.10012100 0.05293600
v -0.01917900 0.09846800 0.03785400
v -0.01917900 0.09846800 0.03785400
v -0.01917900 0.09846800 0.03785400
v -0.01917900 0.09846800 0.03785400
v -0.01917900 0.09846800 0.03785400
v -0.01917900 0.09846800 0.03785400
v -0.01917900 0.09846800 0.03785400
v -0.01917900 0.09846800 0.03785400
v -0.01839100 0.09889900 0.03620800
v -0.01839100 0.09889900 0.03620800
v -0.01839100 0.09889900 0.03620800
v -0.01839100 0.09889900 0.03620800
v -0.01839100 0.09889900 0.03620800
v -0.02024500 0.09719800 0.03687500
v -0.02024500 0.09719800 0.03687500
v -0.02024500 0.09719800 0.03687500
v -0.02024500 0.09719800 0.03687500
v -0.02024500 0.09719800 0.03687500
v -0.01081300 0.10024900 0.05711300
v -0.01081300 0.10024900 0.05711300
v -0.01081300 0.10024900 0.05711300
v -0.01081300 0.10024900 0.05711300
v -0.01081300 0.10024900 0.05711300
v -0.01081300 0.10024900 0.05711300
v -0.01081300 0.10024900 0.05711300
v -0.01948000 0.09812700 0.04026000
v -0.01948000 0.09812700 0.04026000
v -0.01948000 0.09812700 0.04026000
v -0.01948000 0.09812700 0.04026000
v -0.01948000 0.09812700 0.04026000
v -0.02079200 0.09573600 0.01629700
v -0.02079200 0.09573600 0.01629700
v -0.02079200 0.09573600 0.01629700
v -0.02079200 0.09573600 0.01629700
v -0.02079200 0.09573600 0.01629700
v -0.01773500 0.09944900 0.04233700
v -0.01773500 0.09944900 0.04233700
v -0.01773500 0.09944900 0.04233700
v -0.01773500 0.09944900 0.04233700
v -0.01773500 0.09944900 0.04233700
v -0.01773500 0.09944900 0.04233700
v -0.02166300 0.09534400 0.02069300
v -0.02166300 0.09534400 0.02069300
v -0.02166300 0.09534400 0.02069300
v -0.02166300 0.09534400 0.02069300
v -0.02166300 0.09534400 0.02069300
v -0.02166300 0.09534400 0.02069300
v -0.02166300 0.09534400 0.02069300
v -0.01817700 0.09923100 0.04537500
v -0.01817700 0.09923100 0.04537500
v -0.01817700 0.09923100 0.04537500
v -0.01817700 0.09923100 0.04537500
v -0.01817700 0.09923100 0.04537500
v -0.01846200 0.09890700 0.04776000
v -0.01846200 0.09890700 0.04776000
v -0.01846200 0.09890700 0.04776000
v -0.01846200 0.09890700 0.04776000
v -0.01846200 0.09890700 0.04776000
v -0.01846200 0.09890700 0.04776000
v -0.01846200 0.09890700 0.04776000
v -0.01920200 0.09804600 0.04670300
v -0.01920200 0.09804600 0.04670300
v -0.01920200 0.09804600 0.04670300
v -0.01920200 0.09804600 0.04670300
v -0.01920200 0.09804600 0.04670300
v -0.01920200 0.09804600 0.04670300
v -0.01717600 0.09976500 0.04760000
v -0.01717600 0.09976500 0.04760000
v -0.01717600 0.09976500 0.04760000
v -0.01717600 0.09976500 0.04760000
v -0.01717600 0.09976500 0.04760000
v -0.01641700 0.09958600 0.05406800
v -0.01641700 0.09958600 0.05406800
v -0.01641700 0.09958600 0.05406800
v -0.01641700 0.09958600 0.05406800
v -0.01641700 0.09958600 0.05406800
v -0.01641700 0.09958600 0.05406800
v -0.01516700 0.09998100 0.05495400
v -0.01516700 0.09998100 0.05495400
v -0.01516700 0.09998100 0.05495400
v -0.01516700 0.09998100 0.05495400
v -0.01516700 0.09998100 0.05495400
v -0.01516700 0.09998100 0.05495400
v -0.01384400 0.10003800 0.05609200
v -0.01384400 0.10003800 0.05609200
v -0.01384400 0.10003800 0.05609200
v -0.01384400 0.10003800 0.05609200
v -0.01384400 0.10003800 0.05609200
v -0.01713500 0.09966900 0.05082100
v -0.01713500 0.09966900 0.05082100
v -0.01713500 0.09966900 0.05082100
v -0.01713500 0.09966900 0.05082100
v -0.01713500 0.09966900 0.05082100
v -0.01713500 0.09966900 0.05082100
v -0.00518500 0.10030500 0.05800700
v -0.00518500 0.10030500 0.05800700
v -0.00518500 0.10030500 0.05800700
v -0.00518500 0.10030500 0.05800700
v -0.00518500 0.10030500 0.05800700
v -0.01863700 0.09828900 0.05021000
v -0.01863700 0.09828900 0.05021000
v -0.01863700 0.09828900 0.05021000
v -0.01863700 0.09828900 0.05021000
v -0.01863700 0.09828900 0.05021000
v -0.01863700 0.09828900 0.05021000
v -0.01753800 0.09919000 0.05206300
v -0.01753800 0.09919000 0.05206300
v -0.01753800 0.09919000 0.05206300
v -0.01753800 0.09919000 0.05206300
v -0.01753800 0.09919000 0.05206300
v -0.01753800 0.09919000 0.05206300
v -0.01697000 0.09910000 0.05424100
v -0.01697000 0.09910000 0.05424100
v -0.01697000 0.09910000 0.05424100
v -0.01697000 0.09910000 0.05424100
v -0.01697000 0.09910000 0.05424100
v -0.01697000 0.09910000 0.05424100
v -0.01471200 0.08861200 0.06562500
v -0.01471200 0.08861200 0.06562500
v -0.01471200 0.08861200 0.06562500
v -0.01471200 0.08861200 0.06562500
v -0.01471200 0.08861200 0.06562500
v -0.01505500 0.09158600 0.06520700
v -0.01505500 0.09158600 0.06520700
v -0.01505500 0.09158600 0.06520700
v -0.01505500 0.09158600 0.06520700
v -0.01505500 0.09158600 0.06520700
v -0.01505500 0.09158600 0.06520700
v -0.01505500 0.09158600 0.06520700
v -0.01265300 0.09369200 0.06495900
v -0.01265300 0.09369200 0.06495900
v -0.01265300 0.09369200 0.06495900
v -0.01265300 0.09369200 0.06495900
v -0.01265300 0.09369200 0.06495900
v -0.01265300 0.09369200 0.06495900
v -0.01265300 0.09369200 0.06495900
v -0.01405500 0.09249200 0.06529800
v -0.01405500 0.09249200 0.06529800
v -0.01405500 0.09249200 0.06529800
v -0.01405500 0.09249200 0.06529800
v -0.01405500 0.09249200 0.06529800
v -0.01405500 0.09249200 0.06529800
v -0.01033200 0.09321100 0.06550500
v -0.01033200 0.09321100 0.06550500
v -0.01033200 0.09321100 0.06550500
v -0.01033200 0.09321100 0.06550500
v -0.01033200 0.09321100 0.06550500
v -0.01033200 0.09321100 0.06550500
v -0.01287400 0.09240200 0.06558000
v -0.01287400 0.09240200 0.06558000
v -0.01287400 0.09240200 0.06558000
v -0.01287400 0.09240200 0.06558000
v -0.01287400 0.09240200 0.06558000
v -0.01699000 0.08179000 0.06372000
v -0.01699000 0.08179000 0.06372000
v -0.01699000 0.08179000 0.06372000
v -0.01699000 0.08179000 0.06372000
v -0.01699000 0.08179000 0.06372000
v -0.01699000 0.08179000 0.06372000
v -0.01638800 0.08193800 0.06451600
v -0.01638800 0.08193800 0.06451600
v -0.01638800 0.08193800 0.06451600
v -0.01638800 0.08193800 0.06451600
v -0.01638800 0.08193800 0.06451600
v -0.01638800 0.08193800 0.06451600
v -0.01591100 0.08146900 0.06495200
v -0.01591100 0.08146900 0.06495200
v -0.01591100 0.08146900 0.06495200
v -0.01591100 0.08146900 0.06495200
v -0.01591100 0.08146900 0.06495200
v -0.01591100 0.08146900 0.06495200
v -0.01591100 0.08146900 0.06495200
v -0.01505000 0.08267300 0.06545800
v -0.01505000 0.08267300 0.06545800
v -0.01505000 0.08267300 0.06545800
v -0.01505000 0.08267300 0.06545800
v -0.01505000 0.08267300 0.06545800
v -0.01505000 0.08267300 0.06545800
v -0.01657000 0.09088800 0.06410000
v -0.01657000 0.09088800 0.06410000
v -0.01657000 0.09088800 0.06410000
v -0.01657000 0.09088800 0.06410000
v -0.01657000 0.09088800 0.06410000
v -0.01692500 0.08577700 0.06404500
v -0.01692500 0.08577700 0.06404500
v -0.01692500 0.08577700 0.06404500
v -0.01692500 0.08577700 0.06404500
v -0.01692500 0.08577700 0.06404500
v -0.01589400 0.09050500 0.06490900
v -0.01589400 0.09050500 0.06490900
v -0.01589400 0.09050500 0.06490900
v -0.01589400 0.09050500 0.06490900
v -0.01589400 0.09050500 0.06490900
v -0.01589400 0.09050500 0.06490900
v -0.01589400 0.09050500 0.06490900
v -0.01566300 0.08772200 0.06523300
v -0.01566300 0.08772200 0.06523300
v -0.01566300 0.08772200 0.06523300
v -0.01566300 0.08772200 0.06523300
v -0.01566300 0.08772200 0.06523300
v -0.01566300 0.08772200 0.06523300
v -0.01532500 0.08994200 0.06532700
v -0.01532500 0.08994200 0.06532700
v -0.01532500 0.08994200 0.06532700
v -0.01532500 0.08994200 0.06532700
v -0.01532500 0.08994200 0.06532700
v -0.01639900 0.08798800 0.06469200
v -0.01639900 0.08798800 0.06469200
v -0.01639900 0.08798800 0.06469200
v -0.01639900 0.08798800 0.06469200
v -0.01639900 0.08798800 0.06469200
v -0.01639900 0.08798800 0.06469200
v -0.01587100 0.09167500 0.06457900
v -0.01587100 0.09167500 0.06457900
v -0.01587100 0.09167500 0.06457900
v -0.01587100 0.09167500 0.06457900
v -0.01587100 0.09167500 0.06457900
v -0.01466900 0.09270200 0.06490900
v -0.01466900 0.09270200 0.06490900
v -0.01466900 0.09270200 0.06490900
v -0.01466900 0.09270200 0.06490900
v -0.01466900 0.09270200 0.06490900
v -0.01686400 0.08931900 0.06406500
v -0.01686400 0.08931900 0.06406500
v -0.01686400 0.08931900 0.06406500
v -0.01686400 0.08931900 0.06406500
v -0.01686400 0.08931900 0.06406500
v -0.01686400 0.08931900 0.06406500
v -0.01631000 -0.03331000 0.06460200
v -0.01631000 -0.03331000 0.06460200
v -0.01631000 -0.03331000 0.06460200
v -0.01631000 -0.03331000 0.06460200
v -0.01631000 -0.03331000 0.06460200
v -0.01631000 -0.03331000 0.06460200
v -0.01458300 -0.03430300 0.06561400
v -0.01458300 -0.03430300 0.06561400
v -0.01458300 -0.03430300 0.06561400
v -0.01458300 -0.03430300 0.06561400
v -0.01458300 -0.03430300 0.06561400
v -0.01538300 -0.02485300 0.06529000
v -0.01538300 -0.02485300 0.06529000
v -0.01538300 -0.02485300 0.06529000
v -0.01538300 -0.02485300 0.06529000
v -0.01538300 -0.02485300 0.06529000
v -0.01538300 -0.02485300 0.06529000
v -0.01696300 -0.01812700 0.06375700
v -0.01696300 -0.01812700 0.06375700
v -0.01696300 -0.01812700 0.06375700
v -0.01696300 -0.01812700 0.06375700
v -0.01696300 -0.01812700 0.06375700
v -0.01696300 -0.01812700 0.06375700
v -0.01696300 -0.01812700 0.06375700
v -0.01696300 -0.01812700 0.06375700
v -0.01696300 -0.01812700 0.06375700
v -0.01731500 -0.02000000 0.06288200
v -0.01731500 -0.02000000 0.06288200
v -0.01731500 -0.02000000 0.06288200
v -0.01731500 -0.02000000 0.06288200
v -0.01458100 0.06712400 0.06562500
v -0.01458100 0.06712400 0.06562500
v -0.01458100 0.06712400 0.06562500
v -0.01458100 0.06712400 0.06562500
v -0.01458100 0.06712400 0.06562500
v -0.01533100 0.06196200 0.06531600
v -0.01533100 0.06196200 0.06531600
v -0.01533100 0.06196200 0.06531600
v -0.01533100 0.06196200 0.06531600
v -0.01533100 0.06196200 0.06531600
v -0.01585300 -0.03474600 0.06499200
v -0.01585300 -0.03474600 0.06499200
v -0.01585300 -0.03474600 0.06499200
v -0.01585300 -0.03474600 0.06499200
v -0.01585300 -0.03474600 0.06499200
v -0.01714800 0.05355500 0.06336700
v -0.01714800 0.05355500 0.06336700
v -0.01714800 0.05355500 0.06336700
v -0.01714800 0.05355500 0.06336700
v -0.01512800 -0.06701500 0.06541500
v -0.01512800 -0.06701500 0.06541500
v -0.01512800 -0.06701500 0.06541500
v -0.01512800 -0.06701500 0.06541500
v -0.01512800 -0.06701500 0.06541500
v -0.01512800 -0.06701500 0.06541500
v -0.01680200 0.04728100 0.06399700
v -0.01680200 0.04728100 0.06399700
v -0.01680200 0.04728100 0.06399700
v -0.01680200 0.04728100 0.06399700
v -0.01680200 0.04728100 0.06399700
v -0.01680200 0.04728100 0.06399700
v -0.01680200 0.04728100 0.06399700
v -0.01618500 0.04449700 0.06471600
v -0.01618500 0.04449700 0.06471600
v -0.01618500 0.04449700 0.06471600
v -0.01618500 0.04449700 0.06471600
v -0.01618500 0.04449700 0.06471600
v -0.01618500 0.04449700 0.06471600
v -0.01618500 0.04449700 0.06471600
v -0.01651000 -0.06627200 0.06437300
v -0.01651000 -0.06627200 0.06437300
v -0.01651000 -0.06627200 0.06437300
v -0.01651000 -0.06627200 0.06437300
v -0.01651000 -0.06627200 0.06437300
v -0.01651000 -0.06627200 0.06437300
v -0.01550300 0.04270100 0.06522000
v -0.01550300 0.04270100 0.06522000
v -0.01550300 0.04270100 0.06522000
v -0.01550300 0.04270100 0.06522000
v -0.01550300 0.04270100 0.06522000
v -0.01550300 0.04270100 0.06522000
v -0.01685900 -0.07556700 0.06390700
v -0.01685900 -0.07556700 0.06390700
v -0.01685900 -0.07556700 0.06390700
v -0.01685900 -0.07556700 0.06390700
v -0.01685900 -0.07556700 0.06390700
v -0.01467500 0.04364600 0.06559000
v -0.01467500 0.04364600 0.06559000
v -0.01467500 0.04364600 0.06559000
v -0.01467500 0.04364600 0.06559000
v -0.01586300 -0.06804800 0.06498600
v -0.01586300 -0.06804800 0.06498600
v -0.01586300 -0.06804800 0.06498600
v -0.01586300 -0.06804800 0.06498600
v -0.01586300 -0.06804800 0.06498600
v -0.01586300 -0.06804800 0.06498600
v -0.01716300 -0.08074500 0.06332000
v -0.01716300 -0.08074500 0.06332000
v -0.01716300 -0.08074500 0.06332000
v -0.01716300 -0.08074500 0.06332000
v -0.01716300 -0.08074500 0.06332000
v -0.01465500 0.01112100 0.06560600
v -0.01465500 0.01112100 0.06560600
v -0.01465500 0.01112100 0.06560600
v -0.01465500 0.01112100 0.06560600
v -0.01465500 0.01112100 0.06560600
v -0.01465500 0.01112100 0.06560600
v -0.01465500 0.01112100 0.06560600
v -0.01465500 0.01112100 0.06560600
v -0.01666100 0.02990300 0.06419900
v -0.01666100 0.02990300 0.06419900
v -0.01666100 0.02990300 0.06419900
v -0.01666100 0.02990300 0.06419900
v -0.01666100 0.02990300 0.06419900
v -0.01710300 0.03484500 0.06347000
v -0.01710300 0.03484500 0.06347000
v -0.01710300 0.03484500 0.06347000
v -0.01710300 0.03484500 0.06347000
v -0.01710300 0.03484500 0.06347000
v -0.01532400 -0.08206600 0.06533400
v -0.01532400 -0.08206600 0.06533400
v -0.01532400 -0.08206600 0.06533400
v -0.01532400 -0.08206600 0.06533400
v -0.01532400 -0.08206600 0.06533400
v -0.01532400 -0.08206600 0.06533400
v -0.01625300 -0.08013200 0.06465400
v -0.01625300 -0.08013200 0.06465400
v -0.01625300 -0.08013200 0.06465400
v -0.01625300 -0.08013200 0.06465400
v -0.01625300 -0.08013200 0.06465400
v -0.01612500 -0.08367400 0.06480600
v -0.01612500 -0.08367400 0.06480600
v -0.01612500 -0.08367400 0.06480600
v -0.01612500 -0.08367400 0.06480600
v -0.01612500 -0.08367400 0.06480600
v -0.01612500 -0.08367400 0.06480600
v -0.01612500 -0.08367400 0.06480600
v -0.01670300 -0.08151400 0.06415000
v -0.01670300 -0.08151400 0.06415000
v -0.01670300 -0.08151400 0.06415000
v -0.01670300 -0.08151400 0.06415000
v -0.01670300 -0.08151400 0.06415000
v -0.01670300 -0.08151400 0.06415000
v -0.01554900 0.01232900 0.06519200
v -0.01554900 0.01232900 0.06519200
v -0.01554900 0.01232900 0.06519200
v -0.01554900 0.01232900 0.06519200
v -0.01554900 0.01232900 0.06519200
v -0.01554900 0.01232900 0.06519200
v -0.01629700 -0.00743700 0.06460400
v -0.01629700 -0.00743700 0.06460400
v -0.01629700 -0.00743700 0.06460400
v -0.01629700 -0.00743700 0.06460400
v -0.01629700 -0.00743700 0.06460400
v -0.01629700 -0.00743700 0.06460400
v -0.01495500 -0.00374300 0.06548800
v -0.01495500 -0.00374300 0.06548800
v -0.01495500 -0.00374300 0.06548800
v -0.01495500 -0.00374300 0.06548800
v -0.01495500 -0.00374300 0.06548800
v -0.01578900 -0.00754000 0.06504100
v -0.01578900 -0.00754000 0.06504100
v -0.01578900 -0.00754000 0.06504100
v -0.01578900 -0.00754000 0.06504100
v -0.01578900 -0.00754000 0.06504100
v -0.01494900 -0.08867600 0.06550300
v -0.01494900 -0.08867600 0.06550300
v -0.01494900 -0.08867600 0.06550300
v -0.01494900 -0.08867600 0.06550300
v -0.01494900 -0.08867600 0.06550300
v -0.01494900 -0.08867600 0.06550300
v -0.01676600 -0.08659200 0.06417500
v -0.01676600 -0.08659200 0.06417500
v -0.01676600 -0.08659200 0.06417500
v -0.01676600 -0.08659200 0.06417500
v -0.01676600 -0.08659200 0.06417500
v -0.01731800 -0.08612400 0.06321300
v -0.01731800 -0.08612400 0.06321300
v -0.01731800 -0.08612400 0.06321300
v -0.01731800 -0.08612400 0.06321300
v -0.01731800 -0.08612400 0.06321300
v -0.01731800 -0.08612400 0.06321300
v -0.01731800 -0.08612400 0.06321300
v -0.01731800 -0.08612400 0.06321300
v -0.01575300 -0.08683900 0.06512300
v -0.01575300 -0.08683900 0.06512300
v -0.01575300 -0.08683900 0.06512300
v -0.01575300 -0.08683900 0.06512300
v -0.01575300 -0.08683900 0.06512300
v -0.01623800 -0.08888700 0.06466300
v -0.01623800 -0.08888700 0.06466300
v -0.01623800 -0.08888700 0.06466300
v -0.01623800 -0.08888700 0.06466300
v -0.01623800 -0.08888700 0.06466300
v -0.01623800 -0.08888700 0.06466300
v -0.01690800 -0.08884000 0.06382000
v -0.01690800 -0.08884000 0.06382000
v -0.01690800 -0.08884000 0.06382000
v -0.01690800 -0.08884000 0.06382000
v -0.01690800 -0.08884000 0.06382000
v -0.01690800 -0.08884000 0.06382000
v -0.01558000 -0.09015800 0.06506700
v -0.01558000 -0.09015800 0.06506700
v -0.01558000 -0.09015800 0.06506700
v -0.01558000 -0.09015800 0.06506700
v -0.01558000 -0.09015800 0.06506700
v -0.01558000 -0.09015800 0.06506700
v -0.01380300 -0.09166900 0.06558000
v -0.01380300 -0.09166900 0.06558000
v -0.01380300 -0.09166900 0.06558000
v -0.01380300 -0.09166900 0.06558000
v -0.01380300 -0.09166900 0.06558000
v -0.01485000 -0.09138500 0.06527700
v -0.01485000 -0.09138500 0.06527700
v -0.01485000 -0.09138500 0.06527700
v -0.01485000 -0.09138500 0.06527700
v -0.01485000 -0.09138500 0.06527700
v -0.01485000 -0.09138500 0.06527700
v -0.01485000 -0.09138500 0.06527700
v -0.01243200 -0.09284000 0.06544700
v -0.01243200 -0.09284000 0.06544700
v -0.01243200 -0.09284000 0.06544700
v -0.01243200 -0.09284000 0.06544700
v -0.01243200 -0.09284000 0.06544700
v -0.01243200 -0.09284000 0.06544700
v -0.01243200 -0.09284000 0.06544700
v -0.01421800 -0.09237000 0.06521900
v -0.01421800 -0.09237000 0.06521900
v -0.01421800 -0.09237000 0.06521900
v -0.01421800 -0.09237000 0.06521900
v -0.01421800 -0.09237000 0.06521900
v -0.01421800 -0.09237000 0.06521900
v -0.01575300 -0.09148100 0.06460400
v -0.01575300 -0.09148100 0.06460400
v -0.01575300 -0.09148100 0.06460400
v -0.01575300 -0.09148100 0.06460400
v -0.01575300 -0.09148100 0.06460400
v -0.01575300 -0.09148100 0.06460400
v -0.01508100 -0.09226900 0.06480400
v -0.01508100 -0.09226900 0.06480400
v -0.01508100 -0.09226900 0.06480400
v -0.01508100 -0.09226900 0.06480400
v -0.01508100 -0.09226900 0.06480400
v -0.00971400 -0.09273400 0.06567200
v -0.00971400 -0.09273400 0.06567200
v -0.00971400 -0.09273400 0.06567200
v -0.00971400 -0.09273400 0.06567200
v -0.00971400 -0.09273400 0.06567200
v -0.01642900 -0.09007800 0.06428600
v -0.01642900 -0.09007800 0.06428600
v -0.01642900 -0.09007800 0.06428600
v -0.01642900 -0.09007800 0.06428600
v -0.01642900 -0.09007800 0.06428600
v -0.01642900 -0.09007800 0.06428600
v -0.01665000 -0.07374700 -0.00652900
v -0.01665000 -0.07374700 -0.00652900
v -0.01665000 -0.07374700 -0.00652900
v -0.01665000 -0.07374700 -0.00652900
v -0.01665000 -0.07374700 -0.00652900
v -0.01665000 -0.07374700 -0.00652900
v -0.01665000 -0.07374700 -0.00652900
v -0.01665000 -0.07374700 -0.00652900
v -0.01600000 -0.02838800 -0.00730100
v -0.01600000 -0.02838800 -0.00730100
v -0.01600000 -0.02838800 -0.00730100
v -0.01600000 -0.02838800 -0.00730100
v -0.01600000 -0.02838800 -0.00730100
v -0.01578400 -0.07313800 -0.00744800
v -0.01578400 -0.07313800 -0.00744800
v -0.01578400 -0.07313800 -0.00744800
v -0.01578400 -0.07313800 -0.00744800
v -0.01578400 -0.07313800 -0.00744800
v -0.01578400 -0.07313800 -0.00744800
v -0.01490000 -0.02972500 -0.00798100
v -0.01490000 -0.02972500 -0.00798100
v -0.01490000 -0.02972500 -0.00798100
v -0.01490000 -0.02972500 -0.00798100
v -0.01490000 -0.02972500 -0.00798100
v -0.01490000 -0.02972500 -0.00798100
v -0.01490000 -0.02972500 -0.00798100
v -0.01493900 -0.07361100 -0.00792400
v -0.01493900 -0.07361100 -0.00792400
v -0.01493900 -0.07361100 -0.00792400
v -0.01493900 -0.07361100 -0.00792400
v -0.01493900 -0.07361100 -0.00792400
v -0.01379200 -0.03052800 -0.00825100
v -0.01379200 -0.03052800 -0.00825100
v -0.01379200 -0.03052800 -0.00825100
v -0.01379200 -0.03052800 -0.00825100
v -0.01379200 -0.03052800 -0.00825100
v -0.01497500 -0.07693200 -0.00766500
v -0.01497500 -0.07693200 -0.00766500
v -0.01497500 -0.07693200 -0.00766500
v -0.01497500 -0.07693200 -0.00766500
v -0.01497500 -0.07693200 -0.00766500
v -0.01497500 -0.07693200 -0.00766500
v -0.01514300 -0.07947500 -0.00721900
v -0.01514300 -0.07947500 -0.00721900
v -0.01514300 -0.07947500 -0.00721900
v -0.01514300 -0.07947500 -0.00721900
v -0.01514300 -0.07947500 -0.00721900
v -0.01665400 -0.08196700 -0.00494400
v -0.01665400 -0.08196700 -0.00494400
v -0.01665400 -0.08196700 -0.00494400
v -0.01665400 -0.08196700 -0.00494400
v -0.01665400 -0.08196700 -0.00494400
v -0.01665400 -0.08196700 -0.00494400
v -0.01665400 -0.08196700 -0.00494400
v -0.01670700 -0.07841000 -0.00582600
v -0.01670700 -0.07841000 -0.00582600
v -0.01670700 -0.07841000 -0.00582600
v -0.01670700 -0.07841000 -0.00582600
v -0.01670700 -0.07841000 -0.00582600
v -0.01670700 -0.07841000 -0.00582600
v -0.01601000 -0.08008600 -0.00643600
v -0.01601000 -0.08008600 -0.00643600
v -0.01601000 -0.08008600 -0.00643600
v -0.01601000 -0.08008600 -0.00643600
v -0.01601000 -0.08008600 -0.00643600
v -0.01601000 -0.08008600 -0.00643600
v -0.01601000 -0.08008600 -0.00643600
v -0.01601000 -0.08008600 -0.00643600
v -0.01576500 -0.07676800 -0.00719900
v -0.01576500 -0.07676800 -0.00719900
v -0.01576500 -0.07676800 -0.00719900
v -0.01576500 -0.07676800 -0.00719900
v -0.01576500 -0.07676800 -0.00719900
v -0.01576500 -0.07676800 -0.00719900
v -0.01636800 -0.07686100 -0.00657100
v -0.01636800 -0.07686100 -0.00657100
v -0.01636800 -0.07686100 -0.00657100
v -0.01636800 -0.07686100 -0.00657100
v -0.01496000 -0.09428900 0.00839600
v -0.01496000 -0.09428900 0.00839600
v -0.01496000 -0.09428900 0.00839600
v -0.01496000 -0.09428900 0.00839600
v -0.01496000 -0.09428900 0.00839600
v -0.01496000 -0.09428900 0.00839600
v -0.01496000 -0.09428900 0.00839600
v -0.01538600 -0.09530800 0.01359100
v -0.01538600 -0.09530800 0.01359100
v -0.01538600 -0.09530800 0.01359100
v -0.01538600 -0.09530800 0.01359100
v -0.01538600 -0.09530800 0.01359100
v -0.01538600 -0.09530800 0.01359100
v -0.01539600 -0.09435200 0.00960400
v -0.01539600 -0.09435200 0.00960400
v -0.01539600 -0.09435200 0.00960400
v -0.01539600 -0.09435200 0.00960400
v -0.01632000 -0.09446600 0.01311200
v -0.01632000 -0.09446600 0.01311200
v -0.01632000 -0.09446600 0.01311200
v -0.01632000 -0.09446600 0.01311200
v -0.01632000 -0.09446600 0.01311200
v -0.01632000 -0.09446600 0.01311200
v -0.01632000 -0.09446600 0.01311200
v -0.01672000 -0.09273000 0.00860400
v -0.01672000 -0.09273000 0.00860400
v -0.01672000 -0.09273000 0.00860400
v -0.01672000 -0.09273000 0.00860400
v -0.01672000 -0.09273000 0.00860400
v -0.01672000 -0.09273000 0.00860400
v -0.01593800 -0.09345200 0.00782200
v -0.01593800 -0.09345200 0.00782200
v -0.01593800 -0.09345200 0.00782200
v -0.01593800 -0.09345200 0.00782200
v -0.01593800 -0.09345200 0.00782200
v -0.01593800 -0.09345200 0.00782200
v -0.01453100 -0.09241300 0.00268200
v -0.01453100 -0.09241300 0.00268200
v -0.01453100 -0.09241300 0.00268200
v -0.01453100 -0.09241300 0.00268200
v -0.01453100 -0.09241300 0.00268200
v -0.01453100 -0.09241300 0.00268200
v -0.01485500 -0.09150600 0.00119600
v -0.01485500 -0.09150600 0.00119600
v -0.01485500 -0.09150600 0.00119600
v -0.01485500 -0.09150600 0.00119600
v -0.01485500 -0.09150600 0.00119600
v -0.01475700 -0.09051200 -0.00052600
v -0.01475700 -0.09051200 -0.00052600
v -0.01475700 -0.09051200 -0.00052600
v -0.01475700 -0.09051200 -0.00052600
v -0.01475700 -0.09051200 -0.00052600
v -0.01475700 -0.09051200 -0.00052600
v -0.01459500 -0.08903900 -0.00248100
v -0.01459500 -0.08903900 -0.00248100
v -0.01459500 -0.08903900 -0.00248100
v -0.01459500 -0.08903900 -0.00248100
v -0.01459500 -0.08903900 -0.00248100
v -0.01459500 -0.08903900 -0.00248100
v -0.01459500 -0.08903900 -0.00248100
v -0.01518700 -0.08800300 -0.00308000
v -0.01518700 -0.08800300 -0.00308000
v -0.01518700 -0.08800300 -0.00308000
v -0.01518700 -0.08800300 -0.00308000
v -0.01518700 -0.08800300 -0.00308000
v -0.01499000 -0.08713900 -0.00398500
v -0.01499000 -0.08713900 -0.00398500
v -0.01499000 -0.08713900 -0.00398500
v -0.01499000 -0.08713900 -0.00398500
v -0.01499000 -0.08713900 -0.00398500
v -0.01499000 -0.08713900 -0.00398500
v -0.01490300 -0.09322600 0.00508500
v -0.01490300 -0.09322600 0.00508500
v -0.01490300 -0.09322600 0.00508500
v -0.01490300 -0.09322600 0.00508500
v -0.01490300 -0.09322600 0.00508500
v -0.01490300 -0.09322600 0.00508500
v -0.01453100 -0.08592400 -0.00508500
v -0.01453100 -0.08592400 -0.00508500
v -0.01453100 -0.08592400 -0.00508500
v -0.01453100 -0.08592400 -0.00508500
v -0.01453100 -0.08592400 -0.00508500
v -0.01532600 -0.08516100 -0.00504800
v -0.01532600 -0.08516100 -0.00504800
v -0.01532600 -0.08516100 -0.00504800
v -0.01532600 -0.08516100 -0.00504800
v -0.01532600 -0.08516100 -0.00504800
v -0.01569100 -0.09281100 0.00531700
v -0.01569100 -0.09281100 0.00531700
v -0.01569100 -0.09281100 0.00531700
v -0.01569100 -0.09281100 0.00531700
v -0.01569100 -0.09281100 0.00531700
v -0.01487500 -0.08401000 -0.00596000
v -0.01487500 -0.08401000 -0.00596000
v -0.01487500 -0.08401000 -0.00596000
v -0.01487500 -0.08401000 -0.00596000
v -0.01487500 -0.08401000 -0.00596000
v -0.01487500 -0.08401000 -0.00596000
v -0.01487500 -0.08401000 -0.00596000
v -0.01583700 -0.08595100 -0.00408300
v -0.01583700 -0.08595100 -0.00408300
v -0.01583700 -0.08595100 -0.00408300
v -0.01583700 -0.08595100 -0.00408300
v -0.01583700 -0.08595100 -0.00408300
v -0.01583700 -0.08595100 -0.00408300
v -0.01632000 -0.08510800 -0.00400800
v -0.01632000 -0.08510800 -0.00400800
v -0.01632000 -0.08510800 -0.00400800
v -0.01632000 -0.08510800 -0.00400800
v -0.01632000 -0.08510800 -0.00400800
v -0.01632000 -0.08510800 -0.00400800
v -0.01632000 -0.08510800 -0.00400800
v -0.01391500 -0.08247600 -0.00690400
v -0.01391500 -0.08247600 -0.00690400
v -0.01391500 -0.08247600 -0.00690400
v -0.01391500 -0.08247600 -0.00690400
v -0.01391500 -0.08247600 -0.00690400
v -0.01391500 -0.08247600 -0.00690400
v -0.01391500 -0.08247600 -0.00690400
v -0.01576700 -0.08319300 -0.00566000
v -0.01576700 -0.08319300 -0.00566000
v -0.01576700 -0.08319300 -0.00566000
v -0.01576700 -0.08319300 -0.00566000
v -0.01576700 -0.08319300 -0.00566000
v -0.01576700 -0.08319300 -0.00566000
v -0.01576700 -0.08319300 -0.00566000
v -0.01606800 -0.09196300 0.00408700
v -0.01606800 -0.09196300 0.00408700
v -0.01606800 -0.09196300 0.00408700
v -0.01606800 -0.09196300 0.00408700
v -0.01606800 -0.09196300 0.00408700
v -0.01606800 -0.09196300 0.00408700
v -0.01606800 -0.09196300 0.00408700
v -0.01668800 -0.08475900 -0.00344600
v -0.01668800 -0.08475900 -0.00344600
v -0.01668800 -0.08475900 -0.00344600
v -0.01668800 -0.08475900 -0.00344600
v -0.01668800 -0.08475900 -0.00344600
v -0.01489200 -0.08163200 -0.00681000
v -0.01489200 -0.08163200 -0.00681000
v -0.01489200 -0.08163200 -0.00681000
v -0.01489200 -0.08163200 -0.00681000
v -0.01489200 -0.08163200 -0.00681000
v -0.01489200 -0.08163200 -0.00681000
v -0.01423500 -0.07974400 -0.00753500
v -0.01423500 -0.07974400 -0.00753500
v -0.01423500 -0.07974400 -0.00753500
v -0.01423500 -0.07974400 -0.00753500
v -0.01423500 -0.07974400 -0.00753500
v -0.01423500 -0.07974400 -0.00753500
v -0.01662700 -0.09114300 0.00403600
v -0.01662700 -0.09114300 0.00403600
v -0.01662700 -0.09114300 0.00403600
v -0.01662700 -0.09114300 0.00403600
v -0.01662700 -0.09114300 0.00403600
v -0.01662700 -0.09114300 0.00403600
v -0.01662700 -0.09114300 0.00403600
v -0.01524700 -0.09226200 0.00320100
v -0.01524700 -0.09226200 0.00320100
v -0.01524700 -0.09226200 0.00320100
v -0.01524700 -0.09226200 0.00320100
v -0.01524700 -0.09226200 0.00320100
v -0.01524700 -0.09226200 0.00320100
v -0.01499600 -0.09638500 0.01807000
v -0.01499600 -0.09638500 0.01807000
v -0.01499600 -0.09638500 0.01807000
v -0.01499600 -0.09638500 0.01807000
v -0.01499600 -0.09638500 0.01807000
v -0.01499600 -0.09638500 0.01807000
v -0.01561900 -0.09069100 0.00072400
v -0.01561900 -0.09069100 0.00072400
v -0.01561900 -0.09069100 0.00072400
v -0.01561900 -0.09069100 0.00072400
v -0.01561900 -0.09069100 0.00072400
v -0.01561900 -0.09069100 0.00072400
v -0.01561900 -0.09069100 0.00072400
v -0.01613700 -0.09032000 0.00107300
v -0.01613700 -0.09032000 0.00107300
v -0.01613700 -0.09032000 0.00107300
v -0.01613700 -0.09032000 0.00107300
v -0.01613700 -0.09032000 0.00107300
v -0.01626900 -0.08234400 -0.00538700
v -0.01626900 -0.08234400 -0.00538700
v -0.01626900 -0.08234400 -0.00538700
v -0.01626900 -0.08234400 -0.00538700
v -0.01659900 -0.08928600 0.00068900
v -0.01659900 -0.08928600 0.00068900
v -0.01659900 -0.08928600 0.00068900
v -0.01659900 -0.08928600 0.00068900
v -0.01659900 -0.08928600 0.00068900
v -0.01659900 -0.08928600 0.00068900
v -0.01554200 -0.08895100 -0.00173900
v -0.01554200 -0.08895100 -0.00173900
v -0.01554200 -0.08895100 -0.00173900
v -0.01554200 -0.08895100 -0.00173900
v -0.01554200 -0.08895100 -0.00173900
v -0.01554200 -0.08895100 -0.00173900
v -0.01611500 -0.08858700 -0.00133800
v -0.01611500 -0.08858700 -0.00133800
v -0.01611500 -0.08858700 -0.00133800
v -0.01611500 -0.08858700 -0.00133800
v -0.01611500 -0.08858700 -0.00133800
v -0.01611500 -0.08858700 -0.00133800
v -0.01660900 -0.08713100 -0.00183300
v -0.01660900 -0.08713100 -0.00183300
v -0.01660900 -0.08713100 -0.00183300
v -0.01660900 -0.08713100 -0.00183300
v -0.01660900 -0.08713100 -0.00183300
v -0.01660900 -0.08713100 -0.00183300
v -0.01602800 -0.08746800 -0.00263100
v -0.01602800 -0.08746800 -0.00263100
v -0.01602800 -0.08746800 -0.00263100
v -0.01602800 -0.08746800 -0.00263100
v -0.01602800 -0.08746800 -0.00263100
v -0.01602800 -0.08746800 -0.00263100
v -0.01656600 -0.09581200 0.02144700
v -0.01656600 -0.09581200 0.02144700
v -0.01656600 -0.09581200 0.02144700
v -0.01656600 -0.09581200 0.02144700
v -0.01656600 -0.09581200 0.02144700
v -0.01656600 -0.09581200 0.02144700
v -0.01698600 -0.09515800 0.02162800
v -0.01698600 -0.09515800 0.02162800
v -0.01698600 -0.09515800 0.02162800
v -0.01698600 -0.09515800 0.02162800
v -0.01538300 -0.09762300 0.02645700
v -0.01538300 -0.09762300 0.02645700
v -0.01538300 -0.09762300 0.02645700
v -0.01538300 -0.09762300 0.02645700
v -0.01538300 -0.09762300 0.02645700
v -0.01538300 -0.09762300 0.02645700
v -0.01590500 -0.09639900 0.02111600
v -0.01590500 -0.09639900 0.02111600
v -0.01590500 -0.09639900 0.02111600
v -0.01590500 -0.09639900 0.02111600
v -0.01590500 -0.09639900 0.02111600
v -0.01590500 -0.09639900 0.02111600
v -0.01686400 -0.09701000 0.03179200
v -0.01686400 -0.09701000 0.03179200
v -0.01686400 -0.09701000 0.03179200
v -0.01686400 -0.09701000 0.03179200
v -0.01686400 -0.09701000 0.03179200
v -0.01686400 -0.09701000 0.03179200
v -0.01471600 -0.09760900 0.02458200
v -0.01471600 -0.09760900 0.02458200
v -0.01471600 -0.09760900 0.02458200
v -0.01471600 -0.09760900 0.02458200
v -0.01471600 -0.09760900 0.02458200
v -0.01616900 -0.09758800 0.03019700
v -0.01616900 -0.09758800 0.03019700
v -0.01616900 -0.09758800 0.03019700
v -0.01616900 -0.09758800 0.03019700
v -0.01616900 -0.09758800 0.03019700
v -0.01616900 -0.09758800 0.03019700
v -0.01472600 -0.09857300 0.03138500
v -0.01472600 -0.09857300 0.03138500
v -0.01472600 -0.09857300 0.03138500
v -0.01472600 -0.09857300 0.03138500
v -0.01472600 -0.09857300 0.03138500
v -0.01674400 -0.09872800 0.05221800
v -0.01674400 -0.09872800 0.05221800
v -0.01674400 -0.09872800 0.05221800
v -0.01674400 -0.09872800 0.05221800
v -0.01674400 -0.09872800 0.05221800
v -0.01674400 -0.09872800 0.05221800
v -0.01639500 -0.09815900 0.03639100
v -0.01639500 -0.09815900 0.03639100
v -0.01639500 -0.09815900 0.03639100
v -0.01639500 -0.09815900 0.03639100
v -0.01639500 -0.09815900 0.03639100
v -0.01639500 -0.09815900 0.03639100
v -0.01451700 -0.10017500 0.05252100
v -0.01451700 -0.10017500 0.05252100
v -0.01451700 -0.10017500 0.05252100
v -0.01451700 -0.10017500 0.05252100
v -0.01451700 -0.10017500 0.05252100
v -0.01529000 -0.09878100 0.03501100
v -0.01529000 -0.09878100 0.03501100
v -0.01529000 -0.09878100 0.03501100
v -0.01529000 -0.09878100 0.03501100
v -0.01529000 -0.09878100 0.03501100
v -0.01529000 -0.09878100 0.03501100
v -0.01529000 -0.09878100 0.03501100
v -0.01703900 -0.09789100 0.04178800
v -0.01703900 -0.09789100 0.04178800
v -0.01703900 -0.09789100 0.04178800
v -0.01703900 -0.09789100 0.04178800
v -0.01703900 -0.09789100 0.04178800
v -0.01703900 -0.09789100 0.04178800
v -0.01562100 -0.09923900 0.04171700
v -0.01562100 -0.09923900 0.04171700
v -0.01562100 -0.09923900 0.04171700
v -0.01562100 -0.09923900 0.04171700
v -0.01562100 -0.09923900 0.04171700
v -0.01631300 -0.09898700 0.04460700
v -0.01631300 -0.09898700 0.04460700
v -0.01631300 -0.09898700 0.04460700
v -0.01631300 -0.09898700 0.04460700
v -0.01631300 -0.09898700 0.04460700
v -0.01631300 -0.09898700 0.04460700
v -0.01452700 -0.09970300 0.04198500
v -0.01452700 -0.09970300 0.04198500
v -0.01452700 -0.09970300 0.04198500
v -0.01452700 -0.09970300 0.04198500
v -0.01452700 -0.09970300 0.04198500
v -0.01452700 -0.09970300 0.04198500
v -0.01452700 -0.09970300 0.04198500
v -0.01712800 -0.09832100 0.04919200
v -0.01712800 -0.09832100 0.04919200
v -0.01712800 -0.09832100 0.04919200
v -0.01712800 -0.09832100 0.04919200
v -0.01712800 -0.09832100 0.04919200
v -0.01712800 -0.09832100 0.04919200
v -0.01712800 -0.09832100 0.04919200
v -0.01596600 -0.09946500 0.05287100
v -0.01596600 -0.09946500 0.05287100
v -0.01596600 -0.09946500 0.05287100
v -0.01596600 -0.09946500 0.05287100
v -0.01596600 -0.09946500 0.05287100
v -0.01596600 -0.09946500 0.05287100
v -0.01527800 -0.09991800 0.05254600
v -0.01527800 -0.09991800 0.05254600
v -0.01527800 -0.09991800 0.05254600
v -0.01527800 -0.09991800 0.05254600
v -0.01527800 -0.09991800 0.05254600
v -0.01527800 -0.09991800 0.05254600
v -0.01626100 -0.09903200 0.05392800
v -0.01626100 -0.09903200 0.05392800
v -0.01626100 -0.09903200 0.05392800
v -0.01626100 -0.09903200 0.05392800
v -0.01626100 -0.09903200 0.05392800
v -0.01534700 -0.09957100 0.05494000
v -0.01534700 -0.09957100 0.05494000
v -0.01534700 -0.09957100 0.05494000
v -0.01534700 -0.09957100 0.05494000
v -0.01534700 -0.09957100 0.05494000
v -0.01534700 -0.09957100 0.05494000
v -0.01576900 -0.09962100 0.04860100
v -0.01576900 -0.09962100 0.04860100
v -0.01576900 -0.09962100 0.04860100
v -0.01576900 -0.09962100 0.04860100
v -0.01576900 -0.09962100 0.04860100
v -0.01576900 -0.09962100 0.04860100
v -0.01576900 -0.09962100 0.04860100
v -0.01471300 -0.10005000 0.04882200
v -0.01471300 -0.10005000 0.04882200
v -0.01471300 -0.10005000 0.04882200
v -0.01471300 -0.10005000 0.04882200
v -0.01471300 -0.10005000 0.04882200
v -0.01662200 -0.09895300 0.05023400
v -0.01662200 -0.09895300 0.05023400
v -0.01662200 -0.09895300 0.05023400
v -0.01662200 -0.09895300 0.05023400
v -0.01662200 -0.09895300 0.05023400
v -0.01254300 -0.10005200 0.05682700
v -0.01254300 -0.10005200 0.05682700
v -0.01254300 -0.10005200 0.05682700
v -0.01254300 -0.10005200 0.05682700
v -0.01254300 -0.10005200 0.05682700
v -0.01254300 -0.10005200 0.05682700
v -0.01298100 -0.10026500 0.05575100
v -0.01298100 -0.10026500 0.05575100
v -0.01298100 -0.10026500 0.05575100
v -0.01298100 -0.10026500 0.05575100
v -0.01298100 -0.10026500 0.05575100
v -0.00577900 -0.10024200 0.05816100
v -0.00577900 -0.10024200 0.05816100
v -0.00577900 -0.10024200 0.05816100
v -0.00577900 -0.10024200 0.05816100
v -0.00577900 -0.10024200 0.05816100
v -0.01448700 -0.10003500 0.05489200
v -0.01448700 -0.10003500 0.05489200
v -0.01448700 -0.10003500 0.05489200
v -0.01448700 -0.10003500 0.05489200
v -0.01448700 -0.10003500 0.05489200
v -0.01448700 -0.10003500 0.05489200
v -0.01448700 -0.10003500 0.05489200
v -0.01394400 -0.09985600 0.05620800
v -0.01394400 -0.09985600 0.05620800
v -0.01394400 -0.09985600 0.05620800
v -0.01394400 -0.09985600 0.05620800
v -0.01394400 -0.09985600 0.05620800
v -0.01525500 -0.07075300 0.01761800
v -0.01525500 -0.07075300 0.01761800
v -0.01525500 -0.07075300 0.01761800
v -0.01736600 -0.07195100 0.02173100
v -0.01736600 -0.07195100 0.02173100
v -0.01736600 -0.07195100 0.02173100
v -0.01736600 -0.07195100 0.02173100
v -0.01736600 -0.07195100 0.02173100
v -0.01736600 -0.07195100 0.02173100
v -0.00153400 -0.09950400 0.01012200
v -0.00153400 -0.09950400 0.01012200
v -0.00153400 -0.09950400 0.01012200
v -0.00153400 -0.09950400 0.01012200
v -0.00153400 -0.09950400 0.01012200
v -0.00153400 -0.09950400 0.01012200
v -0.00102600 -0.09884000 0.01056600
v -0.00102600 -0.09884000 0.01056600
v -0.00102600 -0.09884000 0.01056600
v -0.00102600 -0.09884000 0.01056600
v -0.00102600 -0.09884000 0.01056600
v -0.00102600 -0.09884000 0.01056600
v -0.00059300 -0.09863500 0.01050200
v -0.00059300 -0.09863500 0.01050200
v -0.00059300 -0.09863500 0.01050200
v -0.00059300 -0.09863500 0.01050200
v -0.00183300 -0.10032500 0.00944900
v -0.00183300 -0.10032500 0.00944900
v -0.00183300 -0.10032500 0.00944900
v -0.00183300 -0.10032500 0.00944900
v -0.00183300 -0.10032500 0.00944900
v -0.00183300 -0.10032500 0.00944900
v -0.00183300 -0.10032500 0.00944900
v -0.00197500 -0.09983000 0.01168000
v -0.00197500 -0.09983000 0.01168000
v -0.00197500 -0.09983000 0.01168000
v -0.00197500 -0.09983000 0.01168000
v -0.00197500 -0.09983000 0.01168000
v -0.00197500 -0.09983000 0.01168000
v -0.00051800 -0.09765200 0.01208100
v -0.00051800 -0.09765200 0.01208100
v -0.00051800 -0.09765200 0.01208100
v -0.00051800 -0.09765200 0.01208100
v -0.00051800 -0.09765200 0.01208100
v -0.00051800 -0.09765200 0.01208100
v -0.00051800 -0.09765200 0.01208100
v -0.00176700 -0.09879000 0.01216800
v -0.00176700 -0.09879000 0.01216800
v -0.00176700 -0.09879000 0.01216800
v -0.00176700 -0.09879000 0.01216800
v -0.00176700 -0.09879000 0.01216800
v -0.00176700 -0.09879000 0.01216800
v -0.00176700 -0.09879000 0.01216800
v -0.00118700 -0.09792000 0.01224900
v -0.00118700 -0.09792000 0.01224900
v -0.00118700 -0.09792000 0.01224900
v -0.00118700 -0.09792000 0.01224900
v -0.00118700 -0.09792000 0.01224900
v -0.00118700 -0.09792000 0.01224900
v 0.00000000 -0.10003000 0.00537500
v 0.00000000 -0.10003000 0.00537500
v 0.00000000 -0.10003000 0.00537500
v 0.00000000 -0.10003000 0.00537500
v 0.00000000 -0.10003000 0.00537500
v 0.00000000 -0.10003000 0.00537500
v 0.00000000 -0.10003000 0.00537500
v 0.00000000 -0.10003000 0.00537500
v 0.00000000 -0.10003000 0.00537500
v -0.00103600 -0.10026300 0.00540100
v -0.00103600 -0.10026300 0.00540100
v -0.00103600 -0.10026300 0.00540100
v -0.00103600 -0.10026300 0.00540100
v -0.00146300 -0.10056400 0.00609600
v -0.00146300 -0.10056400 0.00609600
v -0.00146300 -0.10056400 0.00609600
v -0.00146300 -0.10056400 0.00609600
v -0.00146300 -0.10056400 0.00609600
v -0.00146300 -0.10056400 0.00609600
v -0.00146300 -0.10056400 0.00609600
v 0.00000000 -0.09625600 0.01372500
v 0.00000000 -0.09625600 0.01372500
v 0.00000000 -0.09625600 0.01372500
v 0.00000000 -0.09625600 0.01372500
v 0.00000000 -0.09625600 0.01372500
v 0.00000000 -0.09625600 0.01372500
v 0.00000000 -0.09625600 0.01372500
v 0.00000000 -0.09625600 0.01372500
v 0.00000000 -0.09625600 0.01372500
v 0.00000000 -0.09983000 0.00688900
v 0.00000000 -0.09983000 0.00688900
v 0.00000000 -0.09983000 0.00688900
v 0.00000000 -0.09983000 0.00688900
v 0.00000000 -0.09983000 0.00688900
v 0.00000000 -0.09983000 0.00688900
v 0.00000000 -0.09983000 0.00688900
v 0.00000000 -0.09983000 0.00688900
v 0.00000000 -0.09983000 0.00688900
v -0.00177700 -0.10100300 0.00617700
v -0.00177700 -0.10100300 0.00617700
v -0.00177700 -0.10100300 0.00617700
v -0.00177700 -0.10100300 0.00617700
v -0.00177700 -0.10100300 0.00617700
v -0.00102000 -0.10005400 0.00694300
v -0.00102000 -0.10005400 0.00694300
v -0.00102000 -0.10005400 0.00694300
v -0.00102000 -0.10005400 0.00694300
v -0.00102000 -0.10005400 0.00694300
v -0.00102000 -0.10005400 0.00694300
v -0.00099900 -0.09639000 0.01389900
v -0.00099900 -0.09639000 0.01389900
v -0.00099900 -0.09639000 0.01389900
v -0.00099900 -0.09639000 0.01389900
v -0.00099900 -0.09639000 0.01389900
v -0.00099900 -0.09639000 0.01389900
v -0.00099900 -0.09639000 0.01389900
v -0.00145300 -0.09654800 0.01425500
v -0.00145300 -0.09654800 0.01425500
v -0.00145300 -0.09654800 0.01425500
v -0.00145300 -0.09654800 0.01425500
v -0.00145300 -0.09654800 0.01425500
v -0.00145300 -0.09654800 0.01425500
v -0.00145300 -0.09654800 0.01425500
v -0.00052300 -0.09938200 0.00871000
v -0.00052300 -0.09938200 0.00871000
v -0.00052300 -0.09938200 0.00871000
v -0.00052300 -0.09938200 0.00871000
v -0.00052300 -0.09938200 0.00871000
v -0.00052300 -0.09938200 0.00871000
v -0.00177700 -0.09684700 0.01460500
v -0.00177700 -0.09684700 0.01460500
v -0.00177700 -0.09684700 0.01460500
v -0.00177700 -0.09684700 0.01460500
v -0.00177700 -0.09684700 0.01460500
v -0.00177700 -0.09684700 0.01460500
v -0.00102000 -0.09967500 0.00847700
v -0.00102000 -0.09967500 0.00847700
v -0.00102000 -0.09967500 0.00847700
v -0.00102000 -0.09967500 0.00847700
v -0.00102000 -0.09967500 0.00847700
v -0.00102000 -0.09967500 0.00847700
v -0.00145100 -0.10004300 0.00842500
v -0.00145100 -0.10004300 0.00842500
v -0.00145100 -0.10004300 0.00842500
v -0.00145100 -0.10004300 0.00842500
v -0.00145100 -0.10004300 0.00842500
v -0.01604000 0.00674200 0.00847300
v -0.01604000 0.00674200 0.00847300
v -0.01604000 0.00674200 0.00847300
v -0.01604000 0.00674200 0.00847300
v -0.01609300 0.01873900 0.00842000
v -0.01609300 0.01873900 0.00842000
v -0.01609300 0.01873900 0.00842000
v -0.01609300 0.01873900 0.00842000
v -0.01609300 0.01873900 0.00842000
v -0.01609300 0.01873900 0.00842000
v -0.01531100 0.02153600 0.00967400
v -0.01531100 0.02153600 0.00967400
v -0.01531100 0.02153600 0.00967400
v -0.01531100 0.02153600 0.00967400
v -0.01531100 0.02153600 0.00967400
v -0.01662900 0.01279500 0.00806000
v -0.01662900 0.01279500 0.00806000
v -0.01662900 0.01279500 0.00806000
v -0.01662900 0.01279500 0.00806000
v -0.01662900 0.01279500 0.00806000
v -0.01662900 0.01279500 0.00806000
v -0.01662900 0.01279500 0.00806000
v -0.01563100 0.00816600 0.00898300
v -0.01563100 0.00816600 0.00898300
v -0.01563100 0.00816600 0.00898300
v -0.01563100 0.00816600 0.00898300
v -0.01563100 0.00816600 0.00898300
v -0.01563100 0.00816600 0.00898300
v -0.01563100 0.00816600 0.00898300
v -0.01563100 0.00816600 0.00898300
v -0.01684500 -0.00338400 0.00797100
v -0.01684500 -0.00338400 0.00797100
v -0.01684500 -0.00338400 0.00797100
v -0.01684500 -0.00338400 0.00797100
v -0.01684500 -0.00338400 0.00797100
v -0.01614200 -0.00299400 0.00837900
v -0.01614200 -0.00299400 0.00837900
v -0.01614200 -0.00299400 0.00837900
v -0.01614200 -0.00299400 0.00837900
v -0.01614200 -0.00299400 0.00837900
v -0.01614200 -0.00299400 0.00837900
v -0.01545400 -0.01094600 0.00931000
v -0.01545400 -0.01094600 0.00931000
v -0.01545400 -0.01094600 0.00931000
v -0.01545400 -0.01094600 0.00931000
v -0.01545400 -0.01094600 0.00931000
v -0.01633100 -0.01369300 0.00823600
v -0.01633100 -0.01369300 0.00823600
v -0.01633100 -0.01369300 0.00823600
v -0.01633100 -0.01369300 0.00823600
v -0.01633100 -0.01369300 0.00823600
v -0.01580000 -0.01718700 0.00874300
v -0.01580000 -0.01718700 0.00874300
v -0.01580000 -0.01718700 0.00874300
v -0.01580000 -0.01718700 0.00874300
v -0.01580000 -0.01718700 0.00874300
v -0.01580000 -0.01718700 0.00874300
v -0.01580000 -0.01718700 0.00874300
v -0.01698200 -0.01318700 0.00791200
v -0.01698200 -0.01318700 0.00791200
v -0.01698200 -0.01318700 0.00791200
v -0.01698200 -0.01318700 0.00791200
v -0.01698200 -0.01318700 0.00791200
v -0.01698200 -0.01318700 0.00791200
v -0.01626300 -0.02141400 0.00829400
v -0.01626300 -0.02141400 0.00829400
v -0.01626300 -0.02141400 0.00829400
v -0.01626300 -0.02141400 0.00829400
v -0.01626300 -0.02141400 0.00829400
v -0.01701700 -0.02209900 0.00789500
v -0.01701700 -0.02209900 0.00789500
v -0.01701700 -0.02209900 0.00789500
v -0.01701700 -0.02209900 0.00789500
v -0.01701700 -0.02209900 0.00789500
v -0.00515900 0.03159200 -0.00691500
v -0.00515900 0.03159200 -0.00691500
v -0.00515900 0.03159200 -0.00691500
v -0.00515900 0.03159200 -0.00691500
v -0.00515900 0.03159200 -0.00691500
v -0.00515900 0.03159200 -0.00691500
v -0.00515900 0.03159200 -0.00691500
v -0.00515900 0.03159200 -0.00691500
v -0.01742700 -0.06941700 0.01333600
v -0.01742700 -0.06941700 0.01333600
v -0.01742700 -0.06941700 0.01333600
v -0.01742700 -0.06941700 0.01333600
v -0.01743700 -0.06881500 0.01238300
v -0.01743700 -0.06881500 0.01238300
v -0.01743700 -0.06881500 0.01238300
v -0.01743700 -0.06881500 0.01238300
v -0.01743700 -0.06881500 0.01238300
v -0.01743700 -0.06881500 0.01238300
v -0.01743700 -0.06881500 0.01238300
v -0.01739000 -0.06804900 0.01169800
v -0.01739000 -0.06804900 0.01169800
v -0.01739000 -0.06804900 0.01169800
v -0.01739000 -0.06804900 0.01169800
v -0.01739000 -0.06804900 0.01169800
v -0.01744300 -0.06700000 0.01116900
v -0.01744300 -0.06700000 0.01116900
v -0.01744300 -0.06700000 0.01116900
v -0.01744300 -0.06700000 0.01116900
v -0.01744300 -0.06700000 0.01116900
v -0.01744300 -0.06700000 0.01116900
v -0.01744300 -0.06700000 0.01116900
v -0.01744400 -0.06594500 0.01097700
v -0.01744400 -0.06594500 0.01097700
v -0.01744400 -0.06594500 0.01097700
v -0.01744400 -0.06594500 0.01097700
v -0.01744400 -0.06594500 0.01097700
v -0.01746400 -0.07075200 0.01735600
v -0.01746400 -0.07075200 0.01735600
v -0.01746400 -0.07075200 0.01735600
v -0.01746400 -0.07075200 0.01735600
v -0.01746400 -0.07075200 0.01735600
v -0.01746400 -0.07075200 0.01735600
v -0.01746400 -0.07075200 0.01735600
v -0.01738800 -0.07152200 0.02443700
v -0.01738800 -0.07152200 0.02443700
v -0.01738800 -0.07152200 0.02443700
v -0.01738800 -0.07152200 0.02443700
v -0.01745500 -0.07190900 0.02348400
v -0.01745500 -0.07190900 0.02348400
v -0.01745500 -0.07190900 0.02348400
v -0.01745500 -0.07190900 0.02348400
v -0.01745500 -0.07190900 0.02348400
v -0.01745500 -0.07190900 0.02348400
v -0.01745500 -0.07190900 0.02348400
v -0.01734200 -0.07199600 0.02276600
v -0.01734200 -0.07199600 0.02276600
v -0.01734200 -0.07199600 0.02276600
v -0.01734200 -0.07199600 0.02276600
v -0.01741000 -0.06840200 0.02650900
v -0.01741000 -0.06840200 0.02650900
v -0.01741000 -0.06840200 0.02650900
v -0.01741000 -0.06840200 0.02650900
v -0.01741000 -0.06840200 0.02650900
v -0.01741000 -0.06840200 0.02650900
v -0.01741000 -0.06840200 0.02650900
v -0.01741000 -0.06840200 0.02650900
v -0.01739200 -0.06939400 0.02626100
v -0.01739200 -0.06939400 0.02626100
v -0.01739200 -0.06939400 0.02626100
v -0.01739200 -0.06939400 0.02626100
v -0.01747200 -0.07031300 0.02581400
v -0.01747200 -0.07031300 0.02581400
v -0.01747200 -0.07031300 0.02581400
v -0.01747200 -0.07031300 0.02581400
v -0.01747200 -0.07031300 0.02581400
v -0.01747200 -0.07031300 0.02581400
v -0.01747200 -0.07031300 0.02581400
v -0.01743300 -0.07097400 0.02520800
v -0.01743300 -0.07097400 0.02520800
v -0.01743300 -0.07097400 0.02520800
v -0.01743300 -0.07097400 0.02520800
v -0.01743300 -0.07097400 0.02520800
v -0.01745300 0.07020500 0.02588200
v -0.01745300 0.07020500 0.02588200
v -0.01745300 0.07020500 0.02588200
v -0.01745300 0.07020500 0.02588200
v -0.01745300 0.07020500 0.02588200
v -0.01745300 0.07020500 0.02588200
v -0.01745300 0.07020500 0.02588200
v -0.01748400 0.06900200 0.02641500
v -0.01748400 0.06900200 0.02641500
v -0.01748400 0.06900200 0.02641500
v -0.01748400 0.06900200 0.02641500
v -0.01748400 0.06900200 0.02641500
v -0.01748400 0.06900200 0.02641500
v -0.01747600 0.07196000 0.02169600
v -0.01747600 0.07196000 0.02169600
v -0.01747600 0.07196000 0.02169600
v -0.01747600 0.07196000 0.02169600
v -0.01747600 0.07196000 0.02169600
v -0.01746100 0.07203000 0.02248600
v -0.01746100 0.07203000 0.02248600
v -0.01746100 0.07203000 0.02248600
v -0.01746100 0.07203000 0.02248600
v -0.01748700 0.07198700 0.02311500
v -0.01748700 0.07198700 0.02311500
v -0.01748700 0.07198700 0.02311500
v -0.01748700 0.07198700 0.02311500
v -0.01748700 0.07198700 0.02311500
v -0.01748700 0.07198700 0.02311500
v -0.01748700 0.07198700 0.02311500
v -0.01745200 0.07170300 0.02413100
v -0.01745200 0.07170300 0.02413100
v -0.01745200 0.07170300 0.02413100
v -0.01745200 0.07170300 0.02413100
v -0.01745200 0.07170300 0.02413100
v -0.01745700 0.07102600 0.02516500
v -0.01745700 0.07102600 0.02516500
v -0.01745700 0.07102600 0.02516500
v -0.01745700 0.07102600 0.02516500
v -0.01745700 0.07102600 0.02516500
v -0.01745700 0.07102600 0.02516500
v -0.01749200 0.06933200 0.01310900
v -0.01749200 0.06933200 0.01310900
v -0.01749200 0.06933200 0.01310900
v -0.01749200 0.06933200 0.01310900
v -0.01749200 0.06933200 0.01310900
v -0.01749200 0.06933200 0.01310900
v -0.01749500 0.07079700 0.01747400
v -0.01749500 0.07079700 0.01747400
v -0.01749500 0.07079700 0.01747400
v -0.01749500 0.07079700 0.01747400
v -0.01749500 0.07079700 0.01747400
v -0.01749500 0.07079700 0.01747400
v -0.01754800 0.06598600 0.01096100
v -0.01754800 0.06598600 0.01096100
v -0.01754800 0.06598600 0.01096100
v -0.01754800 0.06598600 0.01096100
v -0.01754800 0.06598600 0.01096100
v -0.01751600 0.06672000 0.01108700
v -0.01751600 0.06672000 0.01108700
v -0.01751600 0.06672000 0.01108700
v -0.01751600 0.06672000 0.01108700
v -0.01751600 0.06672000 0.01108700
v -0.01752300 0.06751300 0.01136600
v -0.01752300 0.06751300 0.01136600
v -0.01752300 0.06751300 0.01136600
v -0.01752300 0.06751300 0.01136600
v -0.01744700 0.06845900 0.01201100
v -0.01744700 0.06845900 0.01201100
v -0.01744700 0.06845900 0.01201100
v -0.01744700 0.06845900 0.01201100
v -0.01744700 0.06845900 0.01201100
v -0.01744700 0.06845900 0.01201100
v -0.01753800 0.04110900 0.01096300
v -0.01753800 0.04110900 0.01096300
v -0.01753800 0.04110900 0.01096300
v -0.01753800 0.04110900 0.01096300
v -0.01753800 0.04110900 0.01096300
v -0.01744300 0.02310300 0.01097700
v -0.01744300 0.02310300 0.01097700
v -0.01744300 0.02310300 0.01097700
v -0.01744300 0.02310300 0.01097700
v -0.01744300 0.02310300 0.01097700
v -0.01744300 0.02310300 0.01097700
v -0.01744300 0.02310300 0.01097700
v -0.01760300 -0.05609300 0.02661900
v -0.01760300 -0.05609300 0.02661900
v -0.01760300 -0.05609300 0.02661900
v -0.01760300 -0.05609300 0.02661900
v -0.01751400 0.06807900 0.02655300
v -0.01751400 0.06807900 0.02655300
v -0.01751400 0.06807900 0.02655300
v -0.01751400 0.06807900 0.02655300
v -0.01751400 0.06807900 0.02655300
v -0.01762400 -0.06951300 0.02638400
v -0.01762400 -0.06951300 0.02638400
v -0.01762400 -0.06951300 0.02638400
v -0.01762400 -0.06951300 0.02638400
v -0.01762400 -0.06951300 0.02638400
v -0.01762400 -0.06951300 0.02638400
v -0.01767900 0.07083900 0.02565100
v -0.01767900 0.07083900 0.02565100
v -0.01767900 0.07083900 0.02565100
v -0.01767900 0.07083900 0.02565100
v -0.01767900 0.07083900 0.02565100
v -0.01759800 -0.07153400 0.02470000
v -0.01759800 -0.07153400 0.02470000
v -0.01759800 -0.07153400 0.02470000
v -0.01759800 -0.07153400 0.02470000
v -0.01759800 -0.07153400 0.02470000
v -0.01759800 -0.07153400 0.02470000
v -0.01759800 -0.07153400 0.02470000
v -0.01756400 -0.07210600 0.02209800
v -0.01756400 -0.07210600 0.02209800
v -0.01756400 -0.07210600 0.02209800
v -0.01756400 -0.07210600 0.02209800
v -0.01756400 -0.07210600 0.02209800
v -0.01756400 -0.07210600 0.02209800
v -0.01756400 -0.07210600 0.02209800
v -0.01767300 -0.06961200 0.01328700
v -0.01767300 -0.06961200 0.01328700
v -0.01767300 -0.06961200 0.01328700
v -0.01767300 -0.06961200 0.01328700
v -0.01767300 -0.06961200 0.01328700
v -0.01767300 -0.06961200 0.01328700
v -0.01762700 -0.06796400 0.01147600
v -0.01762700 -0.06796400 0.01147600
v -0.01762700 -0.06796400 0.01147600
v -0.01762700 -0.06796400 0.01147600
v -0.01762700 -0.06796400 0.01147600
v -0.01761100 -0.01517200 0.01086500
v -0.01761100 -0.01517200 0.01086500
v -0.01761100 -0.01517200 0.01086500
v -0.01761100 -0.01517200 0.01086500
v -0.00321500 -0.09815900 -0.01448400
v -0.00321500 -0.09815900 -0.01448400
v -0.00321500 -0.09815900 -0.01448400
v -0.00321500 -0.09815900 -0.01448400
v -0.00321500 -0.09815900 -0.01448400
v -0.00361700 -0.09879900 -0.01423700
v -0.00361700 -0.09879900 -0.01423700
v -0.00361700 -0.09879900 -0.01423700
v -0.00361700 -0.09879900 -0.01423700
v -0.00361700 -0.09879900 -0.01423700
v -0.00361700 -0.09879900 -0.01423700
v -0.00361700 -0.09879900 -0.01423700
v -0.00390000 -0.09870000 -0.01390000
v -0.00390000 -0.09870000 -0.01390000
v -0.00390000 -0.09870000 -0.01390000
v -0.00390000 -0.09870000 -0.01390000
v -0.00390000 -0.09870000 -0.01390000
v -0.00390000 -0.09870000 -0.01390000
v -0.00323900 -0.10144100 -0.01234900
v -0.00323900 -0.10144100 -0.01234900
v -0.00323900 -0.10144100 -0.01234900
v -0.00323900 -0.10144100 -0.01234900
v -0.00323900 -0.10144100 -0.01234900
v -0.00323900 -0.10144100 -0.01234900
v -0.00327600 -0.10011800 -0.01381400
v -0.00327600 -0.10011800 -0.01381400
v -0.00327600 -0.10011800 -0.01381400
v -0.00327600 -0.10011800 -0.01381400
v -0.00327600 -0.10011800 -0.01381400
v -0.00327600 -0.10011800 -0.01381400
v -0.00327600 -0.10011800 -0.01381400
v -0.00388200 -0.09989400 -0.01338100
v -0.00388200 -0.09989400 -0.01338100
v -0.00388200 -0.09989400 -0.01338100
v -0.00388200 -0.09989400 -0.01338100
v -0.00362100 -0.10096900 -0.01281000
v -0.00362100 -0.10096900 -0.01281000
v -0.00362100 -0.10096900 -0.01281000
v -0.00362100 -0.10096900 -0.01281000
v -0.00362100 -0.10096900 -0.01281000
v -0.00362100 -0.10096900 -0.01281000
v -0.00362100 -0.10096900 -0.01281000
v -0.00362100 -0.10096900 -0.01281000
v -0.00314300 -0.10091100 -0.01315100
v -0.00314300 -0.10091100 -0.01315100
v -0.00314300 -0.10091100 -0.01315100
v -0.00314300 -0.10091100 -0.01315100
v -0.00314300 -0.10091100 -0.01315100
v -0.00363600 -0.09998700 -0.01367500
v -0.00363600 -0.09998700 -0.01367500
v -0.00363600 -0.09998700 -0.01367500
v -0.00363600 -0.09998700 -0.01367500
v -0.00363600 -0.09998700 -0.01367500
v -0.00314400 -0.09918700 -0.01429800
v -0.00314400 -0.09918700 -0.01429800
v -0.00314400 -0.09918700 -0.01429800
v -0.00314400 -0.09918700 -0.01429800
v -0.00314400 -0.09918700 -0.01429800
v -0.00388400 -0.10149300 -0.01095000
v -0.00388400 -0.10149300 -0.01095000
v -0.00388400 -0.10149300 -0.01095000
v -0.00388400 -0.10149300 -0.01095000
v -0.00388400 -0.10149300 -0.01095000
v -0.00330700 -0.10256100 -0.00913800
v -0.00330700 -0.10256100 -0.00913800
v -0.00330700 -0.10256100 -0.00913800
v -0.00330700 -0.10256100 -0.00913800
v -0.00330700 -0.10256100 -0.00913800
v -0.00330700 -0.10256100 -0.00913800
v -0.00330700 -0.10256100 -0.00913800
v -0.00320100 -0.10295700 -0.00673200
v -0.00320100 -0.10295700 -0.00673200
v -0.00320100 -0.10295700 -0.00673200
v -0.00320100 -0.10295700 -0.00673200
v -0.00320100 -0.10295700 -0.00673200
v -0.00320100 -0.10295700 -0.00673200
v -0.00320100 -0.10295700 -0.00673200
v -0.00393400 -0.10237800 -0.00639900
v -0.00393400 -0.10237800 -0.00639900
v -0.00393400 -0.10237800 -0.00639900
v -0.00393400 -0.10237800 -0.00639900
v -0.00393400 -0.10237800 -0.00639900
v -0.00359700 -0.10278500 -0.00671000
v -0.00359700 -0.10278500 -0.00671000
v -0.00359700 -0.10278500 -0.00671000
v -0.00359700 -0.10278500 -0.00671000
v -0.00359700 -0.10278500 -0.00671000
v -0.00359700 -0.10278500 -0.00671000
v -0.00379700 -0.10223500 -0.00901900
v -0.00379700 -0.10223500 -0.00901900
v -0.00379700 -0.10223500 -0.00901900
v -0.00379700 -0.10223500 -0.00901900
v -0.00379700 -0.10223500 -0.00901900
v -0.00379700 -0.10223500 -0.00901900
v -0.00312700 -0.10199500 -0.01107600
v -0.00312700 -0.10199500 -0.01107600
v -0.00312700 -0.10199500 -0.01107600
v -0.00312700 -0.10199500 -0.01107600
v -0.00354100 -0.10191800 -0.01090200
v -0.00354100 -0.10191800 -0.01090200
v -0.00354100 -0.10191800 -0.01090200
v -0.00354100 -0.10191800 -0.01090200
v -0.00354100 -0.10191800 -0.01090200
v -0.00354100 -0.10191800 -0.01090200
v -0.00316100 -0.10294800 0.00585300
v -0.00316100 -0.10294800 0.00585300
v -0.00316100 -0.10294800 0.00585300
v -0.00316100 -0.10294800 0.00585300
v -0.00316100 -0.10294800 0.00585300
v -0.00316100 -0.10294800 0.00585300
v -0.00351100 -0.10285700 0.00540300
v -0.00351100 -0.10285700 0.00540300
v -0.00351100 -0.10285700 0.00540300
v -0.00351100 -0.10285700 0.00540300
v -0.00351100 -0.10285700 0.00540300
v -0.00320900 -0.10159200 0.01105000
v -0.00320900 -0.10159200 0.01105000
v -0.00320900 -0.10159200 0.01105000
v -0.00320900 -0.10159200 0.01105000
v -0.00320900 -0.10159200 0.01105000
v -0.00320900 -0.10159200 0.01105000
v -0.00358900 -0.10116200 0.01161500
v -0.00358900 -0.10116200 0.01161500
v -0.00358900 -0.10116200 0.01161500
v -0.00358900 -0.10116200 0.01161500
v -0.00358900 -0.10116200 0.01161500
v -0.00358900 -0.10116200 0.01161500
v -0.00313300 -0.10072700 0.01272900
v -0.00313300 -0.10072700 0.01272900
v -0.00313300 -0.10072700 0.01272900
v -0.00313300 -0.10072700 0.01272900
v -0.00313300 -0.10072700 0.01272900
v -0.00388500 -0.09967900 0.01338400
v -0.00388500 -0.09967900 0.01338400
v -0.00388500 -0.09967900 0.01338400
v -0.00388500 -0.09967900 0.01338400
v -0.00329200 -0.09772800 0.01634800
v -0.00329200 -0.09772800 0.01634800
v -0.00329200 -0.09772800 0.01634800
v -0.00329200 -0.09772800 0.01634800
v -0.00329200 -0.09772800 0.01634800
v -0.00329200 -0.09772800 0.01634800
v -0.00329200 -0.09772800 0.01634800
v -0.00358100 -0.09997200 0.01359500
v -0.00358100 -0.09997200 0.01359500
v -0.00358100 -0.09997200 0.01359500
v -0.00358100 -0.09997200 0.01359500
v -0.00358100 -0.09997200 0.01359500
v -0.00358100 -0.09997200 0.01359500
v -0.00313300 -0.10222000 0.00943100
v -0.00313300 -0.10222000 0.00943100
v -0.00313300 -0.10222000 0.00943100
v -0.00313300 -0.10222000 0.00943100
v -0.00313300 -0.10222000 0.00943100
v -0.00354000 -0.10213200 0.00928300
v -0.00354000 -0.10213200 0.00928300
v -0.00354000 -0.10213200 0.00928300
v -0.00354000 -0.10213200 0.00928300
v -0.00354000 -0.10213200 0.00928300
v -0.00354000 -0.10213200 0.00928300
v -0.00376700 -0.09815400 0.01552400
v -0.00376700 -0.09815400 0.01552400
v -0.00376700 -0.09815400 0.01552400
v -0.00376700 -0.09815400 0.01552400
v -0.00376700 -0.09815400 0.01552400
v -0.00376700 -0.09815400 0.01552400
v -0.00376700 -0.09815400 0.01552400
v -0.00388500 -0.10180600 0.00904700
v -0.00388500 -0.10180600 0.00904700
v -0.00388500 -0.10180600 0.00904700
v -0.00388500 -0.10180600 0.00904700
v -0.00388500 -0.10180600 0.00904700
v -0.00388500 -0.10180600 0.00904700
v -0.00313300 -0.10262700 0.00792700
v -0.00313300 -0.10262700 0.00792700
v -0.00313300 -0.10262700 0.00792700
v -0.00313300 -0.10262700 0.00792700
v -0.00313300 -0.10262700 0.00792700
v -0.00313300 -0.10262700 0.00792700
v -0.00325300 -0.09930800 0.01473000
v -0.00325300 -0.09930800 0.01473000
v -0.00325300 -0.09930800 0.01473000
v -0.00325300 -0.09930800 0.01473000
v -0.00325300 -0.09930800 0.01473000
v -0.00325300 -0.09930800 0.01473000
v -0.00360300 -0.10260200 0.00720200
v -0.00360300 -0.10260200 0.00720200
v -0.00360300 -0.10260200 0.00720200
v -0.00360300 -0.10260200 0.00720200
v -0.00360300 -0.10260200 0.00720200
v -0.00360300 -0.10260200 0.00720200
v -0.00396000 -0.09809100 0.01507300
v -0.00396000 -0.09809100 0.01507300
v -0.00396000 -0.09809100 0.01507300
v -0.00396000 -0.09809100 0.01507300
v -0.00389900 -0.10240400 0.00614800
v -0.00389900 -0.10240400 0.00614800
v -0.00389900 -0.10240400 0.00614800
v -0.00389900 -0.10240400 0.00614800
v -0.00389900 -0.10240400 0.00614800
v -0.00389900 -0.10240400 0.00614800
v -0.00140900 -0.09697800 -0.01446200
v -0.00140900 -0.09697800 -0.01446200
v -0.00140900 -0.09697800 -0.01446200
v -0.00140900 -0.09697800 -0.01446200
v -0.00140900 -0.09697800 -0.01446200
v -0.00228300 -0.09864800 -0.01443400
v -0.00228300 -0.09864800 -0.01443400
v -0.00228300 -0.09864800 -0.01443400
v -0.00228300 -0.09864800 -0.01443400
v -0.00228300 -0.09864800 -0.01443400
v -0.00228300 -0.09864800 -0.01443400
v -0.00221300 -0.09724200 0.01674700
v -0.00221300 -0.09724200 0.01674700
v -0.00221300 -0.09724200 0.01674700
v -0.00221300 -0.09724200 0.01674700
v -0.00221300 -0.09724200 0.01674700
v -0.00221300 -0.09724200 0.01674700
v -0.00225000 -0.09901100 0.01505300
v -0.00225000 -0.09901100 0.01505300
v -0.00225000 -0.09901100 0.01505300
v -0.00225000 -0.09901100 0.01505300
v -0.00225000 -0.09901100 0.01505300
v -0.00222500 -0.10087000 0.01246400
v -0.00222500 -0.10087000 0.01246400
v -0.00222500 -0.10087000 0.01246400
v -0.00222500 -0.10087000 0.01246400
v -0.00222500 -0.10087000 0.01246400
v -0.00222500 -0.10087000 0.01246400
v -0.00222500 -0.10087000 0.01246400
v -0.00226100 -0.10206300 0.00985600
v -0.00226100 -0.10206300 0.00985600
v -0.00226100 -0.10206300 0.00985600
v -0.00226100 -0.10206300 0.00985600
v -0.00226100 -0.10206300 0.00985600
v -0.00221100 -0.10256400 0.00805300
v -0.00221100 -0.10256400 0.00805300
v -0.00221100 -0.10256400 0.00805300
v -0.00221100 -0.10256400 0.00805300
v -0.00221100 -0.10256400 0.00805300
v -0.00221100 -0.10256400 0.00805300
v -0.00224100 -0.10284100 0.00651900
v -0.00224100 -0.10284100 0.00651900
v -0.00224100 -0.10284100 0.00651900
v -0.00224100 -0.10284100 0.00651900
v -0.00224100 -0.10284100 0.00651900
v -0.00220200 -0.10295200 0.00494600
v -0.00220200 -0.10295200 0.00494600
v -0.00220200 -0.10295200 0.00494600
v -0.00220200 -0.10295200 0.00494600
v -0.00220200 -0.10295200 0.00494600
v -0.00220200 -0.10295200 0.00494600
v -0.00224800 -0.10296200 -0.00608800
v -0.00224800 -0.10296200 -0.00608800
v -0.00224800 -0.10296200 -0.00608800
v -0.00224800 -0.10296200 -0.00608800
v -0.00231200 -0.10282500 -0.00783300
v -0.00231200 -0.10282500 -0.00783300
v -0.00231200 -0.10282500 -0.00783300
v -0.00231200 -0.10282500 -0.00783300
v -0.00231200 -0.10282500 -0.00783300
v -0.00231200 -0.10282500 -0.00783300
v -0.00229500 -0.10221800 -0.01045800
v -0.00229500 -0.10221800 -0.01045800
v -0.00229500 -0.10221800 -0.01045800
v -0.00229500 -0.10221800 -0.01045800
v -0.00229500 -0.10221800 -0.01045800
v -0.00229500 -0.10221800 -0.01045800
v -0.00229500 -0.10221800 -0.01045800
v -0.00223200 -0.10122800 -0.01269700
v -0.00223200 -0.10122800 -0.01269700
v -0.00223200 -0.10122800 -0.01269700
v -0.00223200 -0.10122800 -0.01269700
v -0.00223200 -0.10122800 -0.01269700
v -0.00223200 -0.10122800 -0.01269700
v -0.00225000 -0.10039900 -0.01360600
v -0.00225000 -0.10039900 -0.01360600
v -0.00225000 -0.10039900 -0.01360600
v -0.00225000 -0.10039900 -0.01360600
v -0.00225000 -0.10039900 -0.01360600
v -0.00225000 -0.10039900 -0.01360600
v -0.00219700 -0.09962200 -0.01407000
v -0.00219700 -0.09962200 -0.01407000
v -0.00219700 -0.09962200 -0.01407000
v -0.00219700 -0.09962200 -0.01407000
v -0.00219700 -0.09962200 -0.01407000
v -0.00219700 -0.09962200 -0.01407000
v -0.00219700 -0.09962200 -0.01407000
v -0.00204400 -0.10274500 -0.00697700
v -0.00204400 -0.10274500 -0.00697700
v -0.00204400 -0.10274500 -0.00697700
v -0.00204400 -0.10274500 -0.00697700
v -0.00204400 -0.10274500 -0.00697700
v -0.00204400 -0.10274500 -0.00697700
v -0.00204400 -0.10274500 -0.00697700
v -0.00211000 -0.10253400 -0.00881100
v -0.00211000 -0.10253400 -0.00881100
v -0.00211000 -0.10253400 -0.00881100
v -0.00211000 -0.10253400 -0.00881100
v -0.00202500 -0.10199200 -0.01044600
v -0.00202500 -0.10199200 -0.01044600
v -0.00202500 -0.10199200 -0.01044600
v -0.00202500 -0.10199200 -0.01044600
v -0.00202500 -0.10199200 -0.01044600
v -0.00202500 -0.10199200 -0.01044600
v -0.00202500 -0.10199200 -0.01044600
v 0.00000000 -0.09581200 0.01405600
v -0.00216200 -0.09663500 0.01718100
v -0.00216200 -0.09663500 0.01718100
v 0.00000000 -0.09704500 0.01943200
v 0.00000000 -0.09704500 0.01943200
v 0.00000000 -0.09704500 0.01943200
v -0.00199600 -0.09631700 0.01582700
v -0.00199600 -0.09631700 0.01582700
v -0.00199100 -0.09637100 0.01606700
v -0.00199100 -0.09637100 0.01606700
v -0.00199200 -0.09647000 0.01649600
v -0.00199200 -0.09647000 0.01649600
v -0.00200200 -0.09655100 0.01684900
v -0.00200200 -0.09655100 0.01684900
v -0.00200200 -0.09655100 0.01684900
v -0.00212700 -0.09662000 0.01712200
v -0.00212700 -0.09662000 0.01712200
v -0.00212700 -0.09662000 0.01712200
v 0.00000000 -0.09707400 0.01959300
v 0.00000000 -0.09703900 0.01944000
v 0.00000000 -0.09583700 0.01407900
v 0.00000000 -0.09583700 0.01407900
v 0.00000000 -0.09583700 0.01407900
v -0.00062700 -0.09585700 0.01412900
v -0.00062700 -0.09585700 0.01412900
v -0.00062700 -0.09585700 0.01412900
v 0.00000000 -0.09580600 0.01404700
v -0.00098100 -0.09591000 0.01428200
v -0.00098100 -0.09591000 0.01428200
v -0.00143900 -0.09602200 0.01466400
v -0.00143900 -0.09602200 0.01466400
v -0.00113300 -0.09594500 0.01439900
v -0.00113300 -0.09594500 0.01439900
v -0.00113300 -0.09594500 0.01439900
v -0.00177400 -0.09614800 0.01514000
v -0.00177400 -0.09614800 0.01514000
v -0.00186000 -0.09621800 0.01542700
v -0.00186000 -0.09621800 0.01542700
v -0.00186000 -0.09621800 0.01542700
v -0.00155200 -0.09606100 0.01480800
v -0.00155200 -0.09606100 0.01480800
v -0.00155200 -0.09606100 0.01480800
v 0.01055800 0.06674400 0.05841600
v 0.01055800 0.06674400 0.05841600
v 0.01055800 0.06674400 0.05841600
v 0.01055800 0.06674400 0.05841600
v 0.00000000 0.06700000 0.05860000
v 0.00000000 0.06700000 0.05860000
v 0.00000000 0.06700000 0.05860000
v 0.00000000 0.06700000 0.05860000
v 0.00000000 0.06700000 0.05860000
v 0.01023000 -0.06681400 0.05842100
v 0.01023000 -0.06681400 0.05842100
v 0.01023000 -0.06681400 0.05842100
v 0.01023000 -0.06681400 0.05842100
v 0.00000000 -0.06700000 0.05860000
v 0.00000000 -0.06700000 0.05860000
v 0.00000000 -0.06700000 0.05860000
v 0.00000000 -0.06700000 0.05860000
v 0.00000000 -0.06700000 0.05860000
v -0.01023000 -0.06681400 0.05842100
v -0.01023000 -0.06681400 0.05842100
v -0.01023000 -0.06681400 0.05842100
v -0.01023000 -0.06681400 0.05842100
v 0.01128300 0.06613300 0.05840300
v 0.01128300 0.06613300 0.05840300
v 0.01128300 0.06613300 0.05840300
v 0.01149000 0.06554100 0.05839900
v 0.01149000 0.06554100 0.05839900
v 0.01149000 0.06554100 0.05839900
v 0.01149000 0.06554100 0.05839900
v 0.01149000 0.06554100 0.05839900
v 0.01149000 0.06554100 0.05839900
v 0.01083100 -0.06659400 0.05841100
v 0.01083100 -0.06659400 0.05841100
v 0.01083100 -0.06659400 0.05841100
v -0.01055800 0.06674400 0.05841600
v -0.01055800 0.06674400 0.05841600
v -0.01055800 0.06674400 0.05841600
v -0.01055800 0.06674400 0.05841600
v -0.01128300 0.06613300 0.05840300
v -0.01128300 0.06613300 0.05840300
v -0.01128300 0.06613300 0.05840300
v -0.01149000 0.06554100 0.05839900
v -0.01149000 0.06554100 0.05839900
v -0.01149000 0.06554100 0.05839900
v -0.01149000 0.06554100 0.05839900
v -0.01149000 0.06554100 0.05839900
v -0.01149000 0.06554100 0.05839900
v -0.01083100 -0.06659400 0.05841100
v -0.01083100 -0.06659400 0.05841100
v -0.01083100 -0.06659400 0.05841100
v -0.01145200 -0.06581300 0.05840000
v -0.01145200 -0.06581300 0.05840000
v -0.01145200 -0.06581300 0.05840000
v -0.01145200 -0.06581300 0.05840000
v -0.01145200 -0.06581300 0.05840000
v -0.01145200 -0.06581300 0.05840000
v 0.01145200 -0.06581300 0.05840000
v 0.01145200 -0.06581300 0.05840000
v 0.01145200 -0.06581300 0.05840000
v 0.01145200 -0.06581300 0.05840000
v 0.01145200 -0.06581300 0.05840000
v 0.01145200 -0.06581300 0.05840000
v -0.00122000 -0.03436300 0.00100700
v 0.00839400 -0.03436200 0.00100400
v 0.00839400 -0.03436200 0.00100400
v 0.00839400 -0.03436200 0.00100400
v 0.01256400 -0.03580100 0.00100700
v 0.01256400 -0.03580100 0.00100700
v 0.01083800 -0.03395100 0.00100200
v 0.01083800 -0.03395100 0.00100200
v 0.00958400 -0.03421700 0.00100400
v 0.00958400 -0.03421700 0.00100400
v -0.00281500 -0.03436300 0.00100700
v -0.00678300 -0.03436300 0.00100600
v -0.00839500 -0.03436300 0.00100600
v -0.00839500 -0.03436300 0.00100600
v -0.00839500 -0.03436300 0.00100600
v -0.00958500 -0.03421700 0.00100500
v -0.00958500 -0.03421700 0.00100500
v -0.01083800 -0.03395100 0.00100400
v -0.01083800 -0.03395100 0.00100400
v -0.01265000 -0.03589200 0.00100900
v -0.01265000 -0.03589200 0.00100900
v -0.01265000 -0.03589200 0.00100900
v -0.01259800 -0.03600000 0.00575000
v -0.01260000 -0.03595900 0.00563000
v -0.01260000 -0.03595900 0.00563000
v -0.01260000 -0.03594400 0.00558700
v -0.01260000 -0.03594400 0.00558700
v -0.01260100 -0.03591600 0.00552700
v -0.01260100 -0.03591600 0.00552700
v -0.01260300 -0.03584200 0.00538500
v -0.01260300 -0.03584200 0.00538500
v 0.01259100 -0.03600000 0.00575000
v 0.01259000 -0.03594000 0.00557500
v 0.01259000 -0.03594000 0.00557500
v 0.01256700 -0.03580400 0.00139700
v 0.01256700 -0.03580400 0.00139700
v 0.01256700 -0.03580400 0.00139700
v 0.01258900 -0.03582800 0.00535100
v 0.01258900 -0.03582800 0.00535100
v 0.01259000 -0.03591000 0.00551000
v 0.01259000 -0.03591000 0.00551000
v 0.01524100 0.02800000 0.00722500
v 0.01524100 0.02800000 0.00722500
v 0.01530200 0.02793300 0.00859000
v 0.01530200 0.02793300 0.00859000
v 0.01518000 0.02784500 0.00900100
v 0.01518000 0.02784500 0.00900100
v 0.01516100 0.02771600 0.00930900
v -0.00183500 0.03193700 0.00100000
v -0.00183500 0.03193700 0.00100000
v -0.00439000 0.03171500 0.00100000
v -0.00439000 0.03171500 0.00100000
v -0.00439000 0.03171500 0.00100000
v -0.00445800 0.03170700 0.00100000
v -0.00445800 0.03170700 0.00100000
v -0.00560000 0.03147400 0.00100000
v -0.00560000 0.03147400 0.00100000
v -0.00835800 0.03091000 0.00100000
v -0.00835800 0.03091000 0.00100000
v -0.00835800 0.03091000 0.00100000
v -0.00843900 0.03089300 0.00100000
v -0.00843900 0.03089300 0.00100000
v -0.00853800 0.03086300 0.00100000
v -0.00853800 0.03086300 0.00100000
v -0.00853800 0.03086300 0.00100000
v -0.01218500 0.02960000 0.00100000
v -0.01218500 0.02960000 0.00100000
v -0.01230600 0.02954800 0.00100000
v -0.01230600 0.02954800 0.00100000
v -0.01230600 0.02954800 0.00100000
v -0.01239200 0.02950900 0.00100000
v -0.01239200 0.02950900 0.00100000
v 0.00939200 0.03056700 0.00100000
v 0.01186600 0.02971100 0.00100000
v 0.01186600 0.02971100 0.00100000
v -0.01306200 0.02919800 0.00100000
v -0.01306200 0.02919800 0.00100000
v 0.00843900 0.03089300 0.00100000
v 0.00843900 0.03089300 0.00100000
v 0.00853800 0.03086300 0.00100000
v 0.00853800 0.03086300 0.00100000
v 0.00853800 0.03086300 0.00100000
v 0.00445900 0.03169800 0.00100000
v 0.00445900 0.03169800 0.00100000
v 0.00835800 0.03091000 0.00100000
v 0.00835800 0.03091000 0.00100000
v 0.00835800 0.03091000 0.00100000
v 0.01218500 0.02960000 0.00100000
v 0.01218500 0.02960000 0.00100000
v 0.01230600 0.02954800 0.00100000
v 0.01230600 0.02954800 0.00100000
v 0.01518700 0.02816000 0.00100200
v 0.01518700 0.02816000 0.00100200
v 0.01518700 0.02816000 0.00100200
v 0.01518700 0.02816000 0.00100200
v 0.01493500 0.02830400 0.00100200
v 0.01493500 0.02830400 0.00100200
v 0.01445700 0.02855100 0.00100200
v 0.01445700 0.02855100 0.00100200
v -0.01526200 0.02812400 0.00100000
v -0.01526200 0.02812400 0.00100000
v -0.01526200 0.02812400 0.00100000
v -0.01519100 0.02816300 0.00100000
v -0.01519100 0.02816300 0.00100000
v -0.01519100 0.02816300 0.00100000
v -0.01493500 0.02830400 0.00100000
v -0.01493500 0.02830400 0.00100000
v -0.01445700 0.02855100 0.00100000
v -0.01445700 0.02855100 0.00100000
v -0.01520800 0.02815700 0.00205400
v -0.01520800 0.02815700 0.00205400
v -0.01543200 0.02780300 0.00756200
v -0.01543200 0.02780300 0.00756200
v -0.01543200 0.02780300 0.00756200
v -0.01543200 0.02780300 0.00756200
v -0.01544400 0.02778400 0.00796100
v 0.01520100 0.02806800 0.00565000
v 0.01520100 0.02806800 0.00565000
v 0.01520100 0.02806800 0.00565000
v 0.01514300 0.02819300 0.00195100
v 0.01514300 0.02819300 0.00195100
v -0.01545200 0.02777400 0.00818000
v -0.01545200 0.02777400 0.00818000
v -0.01545200 0.02777400 0.00818000
v -0.01545200 0.02777400 0.00818000
v -0.01516100 0.02772200 0.00927400
v -0.01515600 0.02772000 0.00932000
v -0.01515600 0.02772000 0.00932000
v 0.00200600 0.03192200 0.00100100
v 0.00225600 0.03190000 0.00100100
v 0.00141700 0.03197300 0.00100100
v 0.00141700 0.03197300 0.00100100
v 0.00138400 0.03197400 0.00100100
v 0.00138400 0.03197400 0.00100100
v 0.00138400 0.03197400 0.00100100
v -0.00128700 0.03202200 0.00100000
v -0.00128700 0.03202200 0.00100000
v -0.00128700 0.03202200 0.00100000
v -0.00138400 0.03197400 0.00100000
v -0.00138400 0.03197400 0.00100000
v -0.00138400 0.03197400 0.00100000
v 0.00128700 0.03202200 0.00100100
v 0.00128700 0.03202200 0.00100100
v 0.00128700 0.03202200 0.00100100
v 0.00130000 0.03202200 0.00100100
v -0.00141700 0.03197300 0.00100000
v -0.00141700 0.03197300 0.00100000
v -0.00130000 0.03202200 0.00100000
v 0.00439000 0.03171500 0.00100000
v 0.00439000 0.03171500 0.00100000
v 0.00439000 0.03171500 0.00100000
v 0.02017800 0.01584800 0.00007200
v 0.02017800 0.01584800 0.00007200
v 0.02017800 0.01584800 0.00007200
v 0.02017800 0.01584800 0.00007200
v 0.02017800 0.01584800 0.00007200
v 0.02017800 0.01584800 0.00007200
v 0.02017800 0.01584800 0.00007200
v 0.01838700 0.02086800 0.00000100
v 0.01838700 0.02086800 0.00000100
v 0.01838700 0.02086800 0.00000100
v 0.01838700 0.02086800 0.00000100
v 0.01838700 0.02086800 0.00000100
v 0.01781700 0.02069700 0.00020400
v 0.01781700 0.02069700 0.00020400
v 0.01781700 0.02069700 0.00020400
v 0.01781700 0.02069700 0.00020400
v 0.01781700 0.02069700 0.00020400
v 0.01781700 0.02069700 0.00020400
v 0.01916700 0.01478300 0.00000000
v 0.01916700 0.01478300 0.00000000
v 0.01916700 0.01478300 0.00000000
v 0.01916700 0.01478300 0.00000000
v 0.01916700 0.01478300 0.00000000
v 0.01916700 0.01478300 0.00000000
v 0.01887500 0.01490200 0.00020000
v 0.01887500 0.01490200 0.00020000
v 0.01887500 0.01490200 0.00020000
v 0.01887500 0.01490200 0.00020000
v 0.01912000 0.02033400 0.00020100
v 0.01912000 0.02033400 0.00020100
v 0.01912000 0.02033400 0.00020100
v 0.01912000 0.02033400 0.00020100
v 0.01912000 0.02033400 0.00020100
v 0.01739300 0.01458700 0.00006000
v 0.01739300 0.01458700 0.00006000
v 0.01739300 0.01458700 0.00006000
v 0.01739300 0.01458700 0.00006000
v 0.01739300 0.01458700 0.00006000
v 0.01739300 0.01458700 0.00006000
v 0.01739300 0.01458700 0.00006000
v 0.01739300 0.01458700 0.00006000
v 0.02006300 0.01964500 0.00007700
v 0.02006300 0.01964500 0.00007700
v 0.02006300 0.01964500 0.00007700
v 0.02006300 0.01964500 0.00007700
v 0.02006300 0.01964500 0.00007700
v 0.02006300 0.01964500 0.00007700
v 0.02095700 0.01803800 0.00000200
v 0.02095700 0.01803800 0.00000200
v 0.02095700 0.01803800 0.00000200
v 0.02095700 0.01803800 0.00000200
v 0.02095700 0.01803800 0.00000200
v 0.02095700 0.01803800 0.00000200
v 0.02065300 0.01821500 0.00020000
v 0.02065300 0.01821500 0.00020000
v 0.02065300 0.01821500 0.00020000
v 0.02065300 0.01821500 0.00020000
v 0.02065300 0.01821500 0.00020000
v 0.02059200 0.01687500 0.00020000
v 0.02059200 0.01687500 0.00020000
v 0.02059200 0.01687500 0.00020000
v 0.02059200 0.01687500 0.00020000
v 0.02059200 0.01687500 0.00020000
v -0.00262900 0.01455300 -0.00250000
v -0.00262900 0.01455300 -0.00250000
v -0.00262900 0.01455300 -0.00250000
v -0.00262900 0.01455300 -0.00250000
v -0.00262900 0.01455300 -0.00250000
v -0.00262900 0.01455300 -0.00250000
v -0.00161200 0.01574500 -0.00150500
v -0.00161200 0.01574500 -0.00150500
v -0.00161200 0.01574500 -0.00150500
v -0.00161200 0.01574500 -0.00150500
v -0.00161200 0.01574500 -0.00150500
v -0.00161200 0.01574500 -0.00150500
v -0.00611300 0.01455700 -0.00151500
v -0.00611300 0.01455700 -0.00151500
v -0.00611300 0.01455700 -0.00151500
v -0.00611300 0.01455700 -0.00151500
v -0.00611300 0.01455700 -0.00151500
v -0.00611300 0.01455700 -0.00151500
v -0.00718300 0.01294800 -0.00250000
v -0.00718300 0.01294800 -0.00250000
v -0.00718300 0.01294800 -0.00250000
v -0.00718300 0.01294800 -0.00250000
v -0.00718300 0.01294800 -0.00250000
v -0.00960600 0.01252900 -0.00149000
v -0.00960600 0.01252900 -0.00149000
v -0.00960600 0.01252900 -0.00149000
v -0.00960600 0.01252900 -0.00149000
v -0.00960600 0.01252900 -0.00149000
v -0.00960600 0.01252900 -0.00149000
v -0.01021000 0.01067600 -0.00250000
v -0.01021000 0.01067600 -0.00250000
v -0.01021000 0.01067600 -0.00250000
v -0.01021000 0.01067600 -0.00250000
v -0.01240200 0.00977000 -0.00148900
v -0.01240200 0.00977000 -0.00148900
v -0.01240200 0.00977000 -0.00148900
v -0.01240200 0.00977000 -0.00148900
v -0.01240200 0.00977000 -0.00148900
v -0.01284800 0.00739700 -0.00250000
v -0.01284800 0.00739700 -0.00250000
v -0.01284800 0.00739700 -0.00250000
v -0.01284800 0.00739700 -0.00250000
v -0.01284800 0.00739700 -0.00250000
v -0.01284800 0.00739700 -0.00250000
v -0.01284800 0.00739700 -0.00250000
v -0.01421500 0.00683800 -0.00150900
v -0.01421500 0.00683800 -0.00150900
v -0.01421500 0.00683800 -0.00150900
v -0.01421500 0.00683800 -0.00150900
v -0.01421500 0.00683800 -0.00150900
v -0.01451300 0.00291500 -0.00250000
v -0.01451300 0.00291500 -0.00250000
v -0.01451300 0.00291500 -0.00250000
v -0.01451300 0.00291500 -0.00250000
v -0.01538800 0.00353600 -0.00150000
v -0.01538800 0.00353600 -0.00150000
v -0.01538800 0.00353600 -0.00150000
v -0.01538800 0.00353600 -0.00150000
v -0.01538800 0.00353600 -0.00150000
v -0.01538800 0.00353600 -0.00150000
v -0.01577300 -0.00007700 -0.00150000
v -0.01577300 -0.00007700 -0.00150000
v -0.01577300 -0.00007700 -0.00150000
v -0.01577300 -0.00007700 -0.00150000
v -0.01577300 -0.00007700 -0.00150000
v -0.01475800 -0.00081300 -0.00250000
v -0.01475800 -0.00081300 -0.00250000
v -0.01475800 -0.00081300 -0.00250000
v -0.01475800 -0.00081300 -0.00250000
v -0.01535900 -0.00365500 -0.00150000
v -0.01535900 -0.00365500 -0.00150000
v -0.01535900 -0.00365500 -0.00150000
v -0.01535900 -0.00365500 -0.00150000
v -0.01535900 -0.00365500 -0.00150000
v -0.01535900 -0.00365500 -0.00150000
v -0.01380200 -0.00539200 -0.00250000
v -0.01380200 -0.00539200 -0.00250000
v -0.01380200 -0.00539200 -0.00250000
v -0.01380200 -0.00539200 -0.00250000
v -0.01380200 -0.00539200 -0.00250000
v -0.01380200 -0.00539200 -0.00250000
v -0.01380200 -0.00539200 -0.00250000
v -0.01359900 -0.00809700 -0.00149300
v -0.01359900 -0.00809700 -0.00149300
v -0.01359900 -0.00809700 -0.00149300
v -0.01359900 -0.00809700 -0.00149300
v -0.01359900 -0.00809700 -0.00149300
v -0.01359900 -0.00809700 -0.00149300
v -0.01136200 -0.00947900 -0.00250000
v -0.01136200 -0.00947900 -0.00250000
v -0.01136200 -0.00947900 -0.00250000
v -0.01136200 -0.00947900 -0.00250000
v -0.01067000 -0.01163600 -0.00149100
v -0.01067000 -0.01163600 -0.00149100
v -0.01067000 -0.01163600 -0.00149100
v -0.01067000 -0.01163600 -0.00149100
v -0.01067000 -0.01163600 -0.00149100
v -0.01067000 -0.01163600 -0.00149100
v -0.01067000 -0.01163600 -0.00149100
v -0.00758500 -0.01274500 -0.00250000
v -0.00758500 -0.01274500 -0.00250000
v -0.00758500 -0.01274500 -0.00250000
v -0.00758500 -0.01274500 -0.00250000
v -0.00758500 -0.01274500 -0.00250000
v -0.00758500 -0.01274500 -0.00250000
v -0.00746800 -0.01391000 -0.00148900
v -0.00746800 -0.01391000 -0.00148900
v -0.00746800 -0.01391000 -0.00148900
v -0.00746800 -0.01391000 -0.00148900
v -0.00353100 -0.01540700 -0.00150500
v -0.00353100 -0.01540700 -0.00150500
v -0.00353100 -0.01540700 -0.00150500
v -0.00353100 -0.01540700 -0.00150500
v -0.00353100 -0.01540700 -0.00150500
v -0.00353100 -0.01540700 -0.00150500
v -0.00353100 -0.01540700 -0.00150500
v -0.00237600 -0.01461600 -0.00250000
v -0.00237600 -0.01461600 -0.00250000
v -0.00237600 -0.01461600 -0.00250000
v -0.00237600 -0.01461600 -0.00250000
v -0.00237600 -0.01461600 -0.00250000
v -0.00237600 -0.01461600 -0.00250000
v 0.00005500 -0.01576200 -0.00149700
v 0.00005500 -0.01576200 -0.00149700
v 0.00005500 -0.01576200 -0.00149700
v 0.00005500 -0.01576200 -0.00149700
v 0.00005500 -0.01576200 -0.00149700
v -0.00469700 0.03124700 0.00100000
v -0.00469700 0.03124700 0.00100000
v -0.00469700 0.03124700 0.00100000
v -0.00469700 0.03124700 0.00100000
v -0.00469700 0.03124700 0.00100000
v -0.00921400 0.02917900 -0.00000000
v -0.00921400 0.02917900 -0.00000000
v -0.00921400 0.02917900 -0.00000000
v -0.00921400 0.02917900 -0.00000000
v -0.01236800 0.02904400 0.00100000
v -0.01236800 0.02904400 0.00100000
v -0.01236800 0.02904400 0.00100000
v -0.01236800 0.02904400 0.00100000
v -0.01236800 0.02904400 0.00100000
v -0.01573800 0.02617600 0.00000000
v -0.01573800 0.02617600 0.00000000
v -0.01573800 0.02617600 0.00000000
v -0.01573800 0.02617600 0.00000000
v -0.01635600 0.02698400 0.00100100
v -0.01635600 0.02698400 0.00100100
v -0.01635600 0.02698400 0.00100100
v -0.01635600 0.02698400 0.00100100
v -0.01635600 0.02698400 0.00100100
v -0.01635600 0.02698400 0.00100100
v -0.01635600 0.02698400 0.00100100
v -0.01635600 0.02698400 0.00100100
v -0.01983700 0.02320000 0.00000000
v -0.01983700 0.02320000 0.00000000
v -0.01983700 0.02320000 0.00000000
v -0.01983700 0.02320000 0.00000000
v -0.02109500 0.02342600 0.00100000
v -0.02109500 0.02342600 0.00100000
v -0.02109500 0.02342600 0.00100000
v -0.02109500 0.02342600 0.00100000
v -0.02109500 0.02342600 0.00100000
v -0.02441300 0.01845300 -0.00000000
v -0.02441300 0.01845300 -0.00000000
v -0.02441300 0.01845300 -0.00000000
v -0.02441300 0.01845300 -0.00000000
v -0.02441300 0.01845300 -0.00000000
v -0.02421000 0.02019100 0.00100000
v -0.02421000 0.02019100 0.00100000
v -0.02421000 0.02019100 0.00100000
v -0.02421000 0.02019100 0.00100000
v -0.02421000 0.02019100 0.00100000
v -0.02683400 0.01654600 0.00100000
v -0.02683400 0.01654600 0.00100000
v -0.02683400 0.01654600 0.00100000
v -0.02683400 0.01654600 0.00100000
v -0.02683400 0.01654600 0.00100000
v -0.02683400 0.01654600 0.00100000
v -0.02864600 0.01076900 -0.00000000
v -0.02864600 0.01076900 -0.00000000
v -0.02864600 0.01076900 -0.00000000
v -0.02864600 0.01076900 -0.00000000
v -0.02864600 0.01076900 -0.00000000
v -0.02891200 0.01256400 0.00100000
v -0.02891200 0.01256400 0.00100000
v -0.02891200 0.01256400 0.00100000
v -0.02891200 0.01256400 0.00100000
v -0.02891200 0.01256400 0.00100000
v -0.03040400 0.00832800 0.00100000
v -0.03040400 0.00832800 0.00100000
v -0.03040400 0.00832800 0.00100000
v -0.03040400 0.00832800 0.00100000
v -0.03040400 0.00832800 0.00100000
v -0.03040400 0.00832800 0.00100000
v -0.03052400 0.00219900 -0.00000000
v -0.03052400 0.00219900 -0.00000000
v -0.03052400 0.00219900 -0.00000000
v -0.03052400 0.00219900 -0.00000000
v -0.03052400 0.00219900 -0.00000000
v -0.03052400 0.00219900 -0.00000000
v -0.03127900 0.00392300 0.00100000
v -0.03127900 0.00392300 0.00100000
v -0.03127900 0.00392300 0.00100000
v -0.03127900 0.00392300 0.00100000
v -0.03127900 0.00392300 0.00100000
v -0.03152000 -0.00056200 0.00100000
v -0.03152000 -0.00056200 0.00100000
v -0.03152000 -0.00056200 0.00100000
v -0.03152000 -0.00056200 0.00100000
v -0.03152000 -0.00056200 0.00100000
v -0.03152000 -0.00056200 0.00100000
v -0.02989300 -0.00655100 -0.00000000
v -0.02989300 -0.00655100 -0.00000000
v -0.02989300 -0.00655100 -0.00000000
v -0.02989300 -0.00655100 -0.00000000
v -0.02989300 -0.00655100 -0.00000000
v -0.02989300 -0.00655100 -0.00000000
v -0.03112000 -0.00503500 0.00100000
v -0.03112000 -0.00503500 0.00100000
v -0.03112000 -0.00503500 0.00100000
v -0.03112000 -0.00503500 0.00100000
v -0.03112000 -0.00503500 0.00100000
v -0.03008800 -0.00940700 0.00100000
v -0.03008800 -0.00940700 0.00100000
v -0.03008800 -0.00940700 0.00100000
v -0.03008800 -0.00940700 0.00100000
v -0.03008800 -0.00940700 0.00100000
v -0.03008800 -0.00940700 0.00100000
v -0.02680600 -0.01476400 -0.00000000
v -0.02680600 -0.01476400 -0.00000000
v -0.02680600 -0.01476400 -0.00000000
v -0.02680600 -0.01476400 -0.00000000
v -0.02680600 -0.01476400 -0.00000000
v -0.02844600 -0.01358700 0.00100000
v -0.02844600 -0.01358700 0.00100000
v -0.02844600 -0.01358700 0.00100000
v -0.02844600 -0.01358700 0.00100000
v -0.02844600 -0.01358700 0.00100000
v -0.02622700 -0.01749100 0.00100000
v -0.02622700 -0.01749100 0.00100000
v -0.02622700 -0.01749100 0.00100000
v -0.02622700 -0.01749100 0.00100000
v -0.02622700 -0.01749100 0.00100000
v -0.02622700 -0.01749100 0.00100000
v -0.02151500 -0.02176200 -0.00000000
v -0.02151500 -0.02176200 -0.00000000
v -0.02151500 -0.02176200 -0.00000000
v -0.02151500 -0.02176200 -0.00000000
v -0.02151500 -0.02176200 -0.00000000
v -0.02347500 -0.02104100 0.00100000
v -0.02347500 -0.02104100 0.00100000
v -0.02347500 -0.02104100 0.00100000
v -0.02347500 -0.02104100 0.00100000
v -0.02347500 -0.02104100 0.00100000
v -0.01979400 -0.02455800 0.00100100
v -0.01979400 -0.02455800 0.00100100
v -0.01979400 -0.02455800 0.00100100
v -0.01979400 -0.02455800 0.00100100
v -0.01979400 -0.02455800 0.00100100
v -0.01979400 -0.02455800 0.00100100
v -0.01573800 -0.02617600 0.00000000
v -0.01573800 -0.02617600 0.00000000
v -0.01573800 -0.02617600 0.00000000
v -0.01573800 -0.02617600 0.00000000
v -0.01603800 -0.02718700 0.00100500
v -0.01603800 -0.02718700 0.00100500
v -0.01603800 -0.02718700 0.00100500
v -0.01603800 -0.02718700 0.00100500
v -0.01603800 -0.02718700 0.00100500
v -0.01603800 -0.02718700 0.00100500
v -0.01603800 -0.02718700 0.00100500
v -0.01603800 -0.02718700 0.00100500
v -0.01603800 -0.02718700 0.00100500
v -0.00921400 -0.02917900 -0.00000000
v -0.00921400 -0.02917900 -0.00000000
v -0.00921400 -0.02917900 -0.00000000
v -0.00921400 -0.02917900 -0.00000000
v -0.00895400 -0.03030300 0.00100000
v -0.00895400 -0.03030300 0.00100000
v -0.00895400 -0.03030300 0.00100000
v -0.00895400 -0.03030300 0.00100000
v -0.00895400 -0.03030300 0.00100000
v -0.00895400 -0.03030300 0.00100000
v -0.00215000 -0.03046700 0.00000000
v -0.00215000 -0.03046700 0.00000000
v -0.00215000 -0.03046700 0.00000000
v -0.00215000 -0.03046700 0.00000000
v -0.00215000 -0.03046700 0.00000000
v -0.00215500 -0.03145800 0.00100000
v -0.00215500 -0.03145800 0.00100000
v -0.00215500 -0.03145800 0.00100000
v -0.00215500 -0.03145800 0.00100000
v -0.00215500 -0.03145800 0.00100000
v -0.00215500 -0.03145800 0.00100000
v -0.00215500 -0.03145800 0.00100000
v 0.02011500 0.01588900 0.00650000
v 0.02011500 0.01588900 0.00650000
v 0.02011500 0.01588900 0.00650000
v 0.02011500 0.01588900 0.00650000
v 0.01738900 0.02070100 0.00650000
v 0.01738900 0.02070100 0.00650000
v 0.01738900 0.02070100 0.00650000
v 0.01738900 0.02070100 0.00650000
v 0.01879700 0.01483600 0.00650000
v 0.01879700 0.01483600 0.00650000
v 0.01879700 0.01483600 0.00650000
v 0.01879700 0.01483600 0.00650000
v 0.01879700 0.01483600 0.00650000
v 0.01887900 0.02045200 0.00650000
v 0.01887900 0.02045200 0.00650000
v 0.01887900 0.02045200 0.00650000
v 0.01887900 0.02045200 0.00650000
v 0.02008400 0.01953100 0.00650000
v 0.02008400 0.01953100 0.00650000
v 0.02008400 0.01953100 0.00650000
v 0.02008400 0.01953100 0.00650000
v 0.02008400 0.01953100 0.00650000
v 0.01661100 0.01479400 0.00650000
v 0.01661100 0.01479400 0.00650000
v 0.01661100 0.01479400 0.00650000
v 0.01661100 0.01479400 0.00650000
v 0.01661100 0.01479400 0.00650000
v 0.02075200 0.01762300 0.00650000
v 0.02075200 0.01762300 0.00650000
v 0.02075200 0.01762300 0.00650000
v 0.02075200 0.01762300 0.00650000
v -0.00145100 0.01576100 0.00000000
v -0.00145100 0.01576100 0.00000000
v -0.00145100 0.01576100 0.00000000
v -0.00145100 0.01576100 0.00000000
v -0.00565900 0.01472400 0.00000000
v -0.00565900 0.01472400 0.00000000
v -0.00565900 0.01472400 0.00000000
v -0.00565900 0.01472400 0.00000000
v -0.00879600 0.01311100 0.00000000
v -0.00879600 0.01311100 0.00000000
v -0.00879600 0.01311100 0.00000000
v -0.00879600 0.01311100 0.00000000
v -0.01229600 0.00996600 0.00000000
v -0.01229600 0.00996600 0.00000000
v -0.01229600 0.00996600 0.00000000
v -0.01229600 0.00996600 0.00000000
v -0.01229600 0.00996600 0.00000000
v -0.01510900 0.00479300 0.00000000
v -0.01510900 0.00479300 0.00000000
v -0.01510900 0.00479300 0.00000000
v -0.01510900 0.00479300 0.00000000
v -0.01578600 -0.00027500 0.00000000
v -0.01578600 -0.00027500 0.00000000
v -0.01578600 -0.00027500 0.00000000
v -0.01578600 -0.00027500 0.00000000
v -0.01578600 -0.00027500 0.00000000
v -0.01504200 -0.00492200 0.00000000
v -0.01504200 -0.00492200 0.00000000
v -0.01504200 -0.00492200 0.00000000
v -0.01504200 -0.00492200 0.00000000
v -0.01288700 -0.00912000 0.00000000
v -0.01288700 -0.00912000 0.00000000
v -0.01288700 -0.00912000 0.00000000
v -0.01288700 -0.00912000 0.00000000
v -0.01052000 -0.01175300 0.00000000
v -0.01052000 -0.01175300 0.00000000
v -0.01052000 -0.01175300 0.00000000
v -0.00697900 -0.01420600 0.00000000
v -0.00697900 -0.01420600 0.00000000
v -0.00697900 -0.01420600 0.00000000
v -0.00697900 -0.01420600 0.00000000
v -0.00697900 -0.01420600 0.00000000
v -0.00284800 -0.01551400 0.00000000
v -0.00284800 -0.01551400 0.00000000
v -0.00284800 -0.01551400 0.00000000
v -0.01944300 -0.00007300 0.00750000
v -0.01944300 -0.00007300 0.00750000
v -0.01944300 -0.00007300 0.00750000
v -0.01944300 -0.00007300 0.00750000
v -0.01944300 -0.00007300 0.00750000
v -0.01944300 -0.00007300 0.00750000
v -0.01944300 0.00007300 0.00400000
v -0.01944300 0.00007300 0.00400000
v -0.01944300 0.00007300 0.00400000
v -0.01944300 0.00007300 0.00400000
v -0.02367200 -0.00537800 0.00750000
v -0.02367200 -0.00537800 0.00750000
v -0.02367200 -0.00537800 0.00750000
v -0.02405300 -0.00550500 0.00400000
v -0.02405300 -0.00550500 0.00400000
v -0.02405300 -0.00550500 0.00400000
v -0.02405300 -0.00550500 0.00400000
v -0.02405300 -0.00550500 0.00400000
v -0.02002200 0.00243000 0.00750000
v -0.02002200 0.00243000 0.00750000
v -0.02002200 0.00243000 0.00750000
v -0.02002200 0.00243000 0.00750000
v -0.02002200 0.00243000 0.00750000
v -0.02008600 0.00255700 0.00400000
v -0.02008600 0.00255700 0.00400000
v -0.02008600 0.00255700 0.00400000
v -0.02008600 0.00255700 0.00400000
v -0.02157500 -0.00435400 0.00750000
v -0.02157500 -0.00435400 0.00750000
v -0.02157500 -0.00435400 0.00750000
v -0.02157500 -0.00435400 0.00750000
v -0.02157500 -0.00435400 0.00750000
v -0.02157500 -0.00435400 0.00750000
v -0.02146500 -0.00426500 0.00400000
v -0.02146500 -0.00426500 0.00400000
v -0.02146500 -0.00426500 0.00400000
v -0.02146500 -0.00426500 0.00400000
v -0.02146500 0.00426500 0.00750000
v -0.02146500 0.00426500 0.00750000
v -0.02146500 0.00426500 0.00750000
v -0.02146500 0.00426500 0.00750000
v -0.02146500 0.00426500 0.00750000
v -0.02146500 0.00426500 0.00750000
v -0.02157500 0.00435400 0.00400000
v -0.02157500 0.00435400 0.00400000
v -0.02157500 0.00435400 0.00400000
v -0.02157500 0.00435400 0.00400000
v -0.02008600 -0.00255700 0.00750000
v -0.02008600 -0.00255700 0.00750000
v -0.02008600 -0.00255700 0.00750000
v -0.02008600 -0.00255700 0.00750000
v -0.02008600 -0.00255700 0.00750000
v -0.02002200 -0.00243000 0.00400000
v -0.02002200 -0.00243000 0.00400000
v -0.02002200 -0.00243000 0.00400000
v -0.02002200 -0.00243000 0.00400000
v -0.02310800 0.00517800 0.00750000
v -0.02310800 0.00517800 0.00750000
v -0.02310800 0.00517800 0.00750000
v -0.02310800 0.00517800 0.00750000
v -0.02367200 0.00537800 0.00400000
v -0.02367200 0.00537800 0.00400000
v -0.02367200 0.00537800 0.00400000
v -0.02367200 0.00537800 0.00400000
v -0.02491800 0.00553800 0.00750000
v -0.02491800 0.00553800 0.00750000
v -0.02491800 0.00553800 0.00750000
v -0.02491800 0.00553800 0.00750000
v -0.02491800 0.00553800 0.00750000
v -0.02669600 0.00533800 0.00400000
v -0.02669600 0.00533800 0.00400000
v -0.02669600 0.00533800 0.00400000
v -0.02669600 0.00533800 0.00400000
v -0.02669600 0.00533800 0.00400000
v 0.03055000 -0.00047900 0.00749500
v 0.03055000 -0.00047900 0.00749500
v 0.03055000 -0.00047900 0.00749500
v 0.03055000 -0.00047900 0.00749500
v 0.03055000 -0.00047900 0.00749500
v 0.03055000 -0.00047900 0.00749500
v 0.03055000 -0.00047900 0.00749500
v 0.03055000 -0.00047900 0.00749500
v 0.02669700 -0.00533800 0.00400000
v 0.02669700 -0.00533800 0.00400000
v 0.02669700 -0.00533800 0.00400000
v 0.02669700 -0.00533800 0.00400000
v 0.02669700 -0.00533800 0.00400000
v 0.02979700 0.00289000 0.00750000
v 0.02979700 0.00289000 0.00750000
v 0.02979700 0.00289000 0.00750000
v 0.02979700 0.00289000 0.00750000
v 0.02979700 0.00289000 0.00750000
v 0.02906900 0.00385000 0.00400000
v 0.02906900 0.00385000 0.00400000
v 0.02906900 0.00385000 0.00400000
v 0.02906900 0.00385000 0.00400000
v 0.02695900 -0.00516500 0.00750000
v 0.02695900 -0.00516500 0.00750000
v 0.02695900 -0.00516500 0.00750000
v 0.02695900 -0.00516500 0.00750000
v 0.02925100 -0.00364600 0.00750000
v 0.02925100 -0.00364600 0.00750000
v 0.02925100 -0.00364600 0.00750000
v 0.02925100 -0.00364600 0.00750000
v 0.02925100 -0.00364600 0.00750000
v 0.02965700 -0.00311400 0.00400000
v 0.02965700 -0.00311400 0.00400000
v 0.02965700 -0.00311400 0.00400000
v 0.02965700 -0.00311400 0.00400000
v 0.02778800 0.00476800 0.00750000
v 0.02778800 0.00476800 0.00750000
v 0.02778800 0.00476800 0.00750000
v 0.02778800 0.00476800 0.00750000
v 0.02778800 0.00476800 0.00750000
v 0.02616000 0.00544000 0.00400000
v 0.02616000 0.00544000 0.00400000
v 0.02616000 0.00544000 0.00400000
v 0.02616000 0.00544000 0.00400000
v 0.02616000 0.00544000 0.00400000
v 0.02591400 0.00545700 0.00750000
v 0.02591400 0.00545700 0.00750000
v 0.02591400 0.00545700 0.00750000
v 0.02591400 0.00545700 0.00750000
v 0.03058200 0.00047100 0.00400000
v 0.03058200 0.00047100 0.00400000
v 0.03058200 0.00047100 0.00400000
v 0.03058200 0.00047100 0.00400000
v 0.02690000 0.00270400 0.00000000
v 0.02690000 0.00270400 0.00000000
v 0.02690000 0.00270400 0.00000000
v 0.02690000 0.00270400 0.00000000
v 0.02680900 0.00276600 0.00400000
v 0.02680900 0.00276600 0.00400000
v 0.02680900 0.00276600 0.00400000
v 0.02680900 0.00276600 0.00400000
v 0.02583100 -0.00319900 0.00400000
v 0.02583100 -0.00319900 0.00400000
v 0.02583100 -0.00319900 0.00400000
v 0.02583100 -0.00319900 0.00400000
v 0.02451600 -0.00331300 0.00000000
v 0.02451600 -0.00331300 0.00000000
v 0.02451600 -0.00331300 0.00000000
v 0.02451600 -0.00331300 0.00000000
v 0.02690000 -0.00270400 0.00000000
v 0.02690000 -0.00270400 0.00000000
v 0.02690000 -0.00270400 0.00000000
v 0.02690000 -0.00270400 0.00000000
v 0.02440100 0.00329500 0.00400000
v 0.02440100 0.00329500 0.00400000
v 0.02440100 0.00329500 0.00400000
v 0.02440100 0.00329500 0.00400000
v 0.02747100 -0.00216900 0.00400000
v 0.02747100 -0.00216900 0.00400000
v 0.02747100 -0.00216900 0.00400000
v 0.02747100 -0.00216900 0.00400000
v 0.02804900 -0.00121500 0.00000000
v 0.02804900 -0.00121500 0.00000000
v 0.02804900 -0.00121500 0.00000000
v 0.02804900 -0.00121500 0.00000000
v 0.02814600 -0.00087400 0.00400000
v 0.02814600 -0.00087400 0.00400000
v 0.02814600 -0.00087400 0.00400000
v 0.02814600 -0.00087400 0.00400000
v 0.02821900 0.00083400 0.00000000
v 0.02821900 0.00083400 0.00000000
v 0.02821900 0.00083400 0.00000000
v 0.02821900 0.00083400 0.00000000
v 0.02818900 0.00094500 0.00400000
v 0.02818900 0.00094500 0.00400000
v 0.02818900 0.00094500 0.00400000
v 0.02818900 0.00094500 0.00400000
v -0.02250300 0.00219600 0.00400000
v -0.02250300 0.00219600 0.00400000
v -0.02250300 0.00219600 0.00400000
v -0.02250300 0.00219600 0.00400000
v -0.02309900 0.00270400 0.00000000
v -0.02309900 0.00270400 0.00000000
v -0.02309900 0.00270400 0.00000000
v -0.02309900 0.00270400 0.00000000
v -0.02429400 -0.00320600 0.00400000
v -0.02429400 -0.00320600 0.00400000
v -0.02429400 -0.00320600 0.00400000
v -0.02429400 -0.00320600 0.00400000
v -0.02600700 -0.00316900 0.00000000
v -0.02600700 -0.00316900 0.00000000
v -0.02600700 -0.00316900 0.00000000
v -0.02600700 -0.00316900 0.00000000
v -0.02407500 -0.00314000 0.00000000
v -0.02407500 -0.00314000 0.00000000
v -0.02407500 -0.00314000 0.00000000
v -0.02407500 -0.00314000 0.00000000
v -0.02469700 0.00331100 0.00400000
v -0.02469700 0.00331100 0.00400000
v -0.02469700 0.00331100 0.00400000
v -0.02469700 0.00331100 0.00400000
v -0.02469700 0.00331100 0.00400000
v -0.02477200 0.00326500 0.00000000
v -0.02477200 0.00326500 0.00000000
v -0.02477200 0.00326500 0.00000000
v -0.02291900 -0.00252700 0.00400000
v -0.02291900 -0.00252700 0.00400000
v -0.02291900 -0.00252700 0.00400000
v -0.02291900 -0.00252700 0.00400000
v -0.02247100 -0.00214800 0.00000000
v -0.02247100 -0.00214800 0.00000000
v -0.02247100 -0.00214800 0.00000000
v -0.02247100 -0.00214800 0.00000000
v -0.02194100 -0.00121900 0.00400000
v -0.02194100 -0.00121900 0.00400000
v -0.02194100 -0.00121900 0.00400000
v -0.02194100 -0.00121900 0.00400000
v -0.02175100 -0.00040400 0.00000000
v -0.02175100 -0.00040400 0.00000000
v -0.02175100 -0.00040400 0.00000000
v -0.02175100 -0.00040400 0.00000000
v -0.02175100 0.00040400 0.00400000
v -0.02175100 0.00040400 0.00400000
v -0.02175100 0.00040400 0.00400000
v -0.02175100 0.00040400 0.00400000
v -0.02192600 0.00116700 0.00000000
v -0.02192600 0.00116700 0.00000000
v -0.02192600 0.00116700 0.00000000
v -0.02192600 0.00116700 0.00000000
v -0.01502900 0.02783800 0.01002700
v -0.01502900 0.02783800 0.01002700
v -0.01500100 0.02825500 0.00908500
v -0.01500100 0.02825500 0.00908500
v -0.01500100 0.02825500 0.00908500
v -0.01484300 0.02843200 0.00753900
v -0.01484300 0.02843200 0.00753900
v -0.01484300 0.02843200 0.00753900
v -0.01484300 0.02843200 0.00753900
v -0.01502300 -0.02784800 0.01011500
v -0.01502300 -0.02784800 0.01011500
v -0.01502300 -0.02784800 0.01011500
v -0.01499100 -0.02824400 0.00911300
v -0.01499100 -0.02824400 0.00911300
v -0.01499100 -0.02824400 0.00911300
v -0.01499100 -0.02824400 0.00911300
v -0.01499100 -0.02824400 0.00911300
v 0.00509100 -0.05396600 0.00105900
v 0.00509100 -0.05396600 0.00105900
v -0.01483900 -0.02843700 0.00753200
v -0.01483900 -0.02843700 0.00753200
v -0.01483900 -0.02843700 0.00753200
v -0.01483900 -0.02843700 0.00753200
v -0.00741300 -0.03200500 0.00100000
v -0.00741300 -0.03200500 0.00100000
v -0.00726900 -0.05396500 0.00105800
v -0.00726900 -0.05396500 0.00105800
v 0.01606100 0.02719600 0.00100400
v 0.01606100 0.02719600 0.00100400
v 0.01606100 0.02719600 0.00100400
v 0.01606100 0.02719600 0.00100400
v 0.01606100 0.02719600 0.00100400
v 0.01606100 0.02719600 0.00100400
v 0.01606100 0.02719600 0.00100400
v 0.01606100 0.02719600 0.00100400
v 0.01606100 0.02719600 0.00100400
v 0.01606100 0.02719600 0.00100400
v 0.01606100 0.02719600 0.00100400
v 0.01751900 0.02619000 0.00661100
v 0.01751900 0.02619000 0.00661100
v 0.01751900 0.02619000 0.00661100
v 0.01751900 0.02619000 0.00661100
v 0.01751900 0.02619000 0.00661100
v 0.02072600 0.02375400 0.00650000
v 0.02072600 0.02375400 0.00650000
v 0.02072600 0.02375400 0.00650000
v 0.02072600 0.02375400 0.00650000
v 0.02072600 0.02375400 0.00650000
v 0.02072600 0.02375400 0.00650000
v 0.02109600 0.02342600 0.00100000
v 0.02109600 0.02342600 0.00100000
v 0.02109600 0.02342600 0.00100000
v 0.02109600 0.02342600 0.00100000
v 0.02109600 0.02342600 0.00100000
v 0.02388400 0.02057600 0.00650000
v 0.02388400 0.02057600 0.00650000
v 0.02388400 0.02057600 0.00650000
v 0.02388400 0.02057600 0.00650000
v 0.02388400 0.02057600 0.00650000
v 0.02421100 0.02019100 0.00100000
v 0.02421100 0.02019100 0.00100000
v 0.02421100 0.02019100 0.00100000
v 0.02421100 0.02019100 0.00100000
v 0.02421100 0.02019100 0.00100000
v 0.02421100 0.02019100 0.00100000
v 0.02655900 0.01698300 0.00650000
v 0.02655900 0.01698300 0.00650000
v 0.02655900 0.01698300 0.00650000
v 0.02655900 0.01698300 0.00650000
v 0.02655900 0.01698300 0.00650000
v 0.02655900 0.01698300 0.00650000
v 0.02683400 0.01654600 0.00100000
v 0.02683400 0.01654600 0.00100000
v 0.02683400 0.01654600 0.00100000
v 0.02683400 0.01654600 0.00100000
v 0.02683400 0.01654600 0.00100000
v 0.02869900 0.01304700 0.00650000
v 0.02869900 0.01304700 0.00650000
v 0.02869900 0.01304700 0.00650000
v 0.02869900 0.01304700 0.00650000
v 0.02869900 0.01304700 0.00650000
v 0.02891300 0.01256400 0.00100000
v 0.02891300 0.01256400 0.00100000
v 0.02891300 0.01256400 0.00100000
v 0.02891300 0.01256400 0.00100000
v 0.02891300 0.01256400 0.00100000
v 0.02891300 0.01256400 0.00100000
v 0.03025800 0.00884700 0.00650000
v 0.03025800 0.00884700 0.00650000
v 0.03025800 0.00884700 0.00650000
v 0.03025800 0.00884700 0.00650000
v 0.03025800 0.00884700 0.00650000
v 0.03025800 0.00884700 0.00650000
v 0.03040500 0.00832800 0.00100000
v 0.03040500 0.00832800 0.00100000
v 0.03040500 0.00832800 0.00100000
v 0.03040500 0.00832800 0.00100000
v 0.03040500 0.00832800 0.00100000
v 0.03120700 0.00446900 0.00650000
v 0.03120700 0.00446900 0.00650000
v 0.03120700 0.00446900 0.00650000
v 0.03120700 0.00446900 0.00650000
v 0.03120700 0.00446900 0.00650000
v 0.03128000 0.00392300 0.00100000
v 0.03128000 0.00392300 0.00100000
v 0.03128000 0.00392300 0.00100000
v 0.03128000 0.00392300 0.00100000
v 0.03128000 0.00392300 0.00100000
v 0.03128000 0.00392300 0.00100000
v 0.03152500 0.00000000 0.00650000
v 0.03152500 0.00000000 0.00650000
v 0.03152500 0.00000000 0.00650000
v 0.03152500 0.00000000 0.00650000
v 0.03152500 0.00000000 0.00650000
v 0.03152500 0.00000000 0.00650000
v 0.03152000 -0.00056200 0.00100000
v 0.03152000 -0.00056200 0.00100000
v 0.03152000 -0.00056200 0.00100000
v 0.03152000 -0.00056200 0.00100000
v 0.03152000 -0.00056200 0.00100000
v 0.03120700 -0.00446900 0.00650000
v 0.03120700 -0.00446900 0.00650000
v 0.03120700 -0.00446900 0.00650000
v 0.03120700 -0.00446900 0.00650000
v 0.03120700 -0.00446900 0.00650000
v 0.03120700 -0.00446900 0.00650000
v 0.03112000 -0.00503500 0.00100000
v 0.03112000 -0.00503500 0.00100000
v 0.03112000 -0.00503500 0.00100000
v 0.03112000 -0.00503500 0.00100000
v 0.03112000 -0.00503500 0.00100000
v 0.03112000 -0.00503500 0.00100000
v 0.03025800 -0.00884700 0.00650000
v 0.03025800 -0.00884700 0.00650000
v 0.03025800 -0.00884700 0.00650000
v 0.03025800 -0.00884700 0.00650000
v 0.03025800 -0.00884700 0.00650000
v 0.03008900 -0.00940700 0.00100000
v 0.03008900 -0.00940700 0.00100000
v 0.03008900 -0.00940700 0.00100000
v 0.03008900 -0.00940700 0.00100000
v 0.03008900 -0.00940700 0.00100000
v 0.02869900 -0.01304700 0.00650000
v 0.02869900 -0.01304700 0.00650000
v 0.02869900 -0.01304700 0.00650000
v 0.02869900 -0.01304700 0.00650000
v 0.02869900 -0.01304700 0.00650000
v 0.02869900 -0.01304700 0.00650000
v 0.02844700 -0.01358700 0.00100000
v 0.02844700 -0.01358700 0.00100000
v 0.02844700 -0.01358700 0.00100000
v 0.02844700 -0.01358700 0.00100000
v 0.02844700 -0.01358700 0.00100000
v 0.02844700 -0.01358700 0.00100000
v 0.02655900 -0.01698300 0.00650000
v 0.02655900 -0.01698300 0.00650000
v 0.02655900 -0.01698300 0.00650000
v 0.02655900 -0.01698300 0.00650000
v 0.02655900 -0.01698300 0.00650000
v 0.02622800 -0.01749100 0.00100000
v 0.02622800 -0.01749100 0.00100000
v 0.02622800 -0.01749100 0.00100000
v 0.02622800 -0.01749100 0.00100000
v 0.02622800 -0.01749100 0.00100000
v 0.02388400 -0.02057600 0.00650000
v 0.02388400 -0.02057600 0.00650000
v 0.02388400 -0.02057600 0.00650000
v 0.02388400 -0.02057600 0.00650000
v 0.02388400 -0.02057600 0.00650000
v 0.02388400 -0.02057600 0.00650000
v 0.02347500 -0.02104100 0.00100000
v 0.02347500 -0.02104100 0.00100000
v 0.02347500 -0.02104100 0.00100000
v 0.02347500 -0.02104100 0.00100000
v 0.02347500 -0.02104100 0.00100000
v 0.02347500 -0.02104100 0.00100000
v 0.02072600 -0.02375400 0.00650000
v 0.02072600 -0.02375400 0.00650000
v 0.02072600 -0.02375400 0.00650000
v 0.02072600 -0.02375400 0.00650000
v 0.02072600 -0.02375400 0.00650000
v 0.02072600 -0.02375400 0.00650000
v 0.01979600 -0.02455600 0.00100100
v 0.01979600 -0.02455600 0.00100100
v 0.01979600 -0.02455600 0.00100100
v 0.01979600 -0.02455600 0.00100100
v 0.01979600 -0.02455600 0.00100100
v 0.01752100 -0.02618600 0.00662100
v 0.01752100 -0.02618600 0.00662100
v 0.01752100 -0.02618600 0.00662100
v 0.01752100 -0.02618600 0.00662100
v 0.01752100 -0.02618600 0.00662100
v 0.01631700 -0.02698100 0.00100500
v 0.01631700 -0.02698100 0.00100500
v 0.01631700 -0.02698100 0.00100500
v 0.01631700 -0.02698100 0.00100500
v 0.01631700 -0.02698100 0.00100500
v 0.01631700 -0.02698100 0.00100500
v 0.01631700 -0.02698100 0.00100500
v 0.01439900 0.01803800 0.00000200
v 0.01439900 0.01803800 0.00000200
v 0.01439900 0.01803800 0.00000200
v 0.01439900 0.01803800 0.00000200
v 0.01439900 0.01803800 0.00000200
v 0.01439900 0.01803800 0.00000200
v 0.01439900 0.01803800 0.00000200
v 0.01439900 0.01803800 0.00000200
v 0.01574000 -0.00145200 0.00000000
v 0.01574000 -0.00145200 0.00000000
v 0.01574000 -0.00145200 0.00000000
v 0.01574000 -0.00145200 0.00000000
v 0.02176700 -0.00071200 0.00000000
v 0.02176700 -0.00071200 0.00000000
v 0.02176700 -0.00071200 0.00000000
v 0.02176700 -0.00071200 0.00000000
v 0.02176700 -0.00071200 0.00000000
v 0.00500500 -0.03018700 -0.00000000
v 0.00500500 -0.03018700 -0.00000000
v 0.00500500 -0.03018700 -0.00000000
v 0.00500500 -0.03018700 -0.00000000
v 0.00145200 -0.01576100 0.00000000
v 0.00145200 -0.01576100 0.00000000
v 0.00145200 -0.01576100 0.00000000
v 0.00145200 -0.01576100 0.00000000
v 0.00145200 -0.01576100 0.00000000
v 0.02963900 0.00762200 -0.00000000
v 0.02963900 0.00762200 -0.00000000
v 0.02963900 0.00762200 -0.00000000
v 0.02963900 0.00762200 -0.00000000
v 0.02963900 0.00762200 -0.00000000
v 0.02963900 0.00762200 -0.00000000
v 0.00698000 0.01420600 0.00000000
v 0.00698000 0.01420600 0.00000000
v 0.00698000 0.01420600 0.00000000
v 0.00698000 0.01420600 0.00000000
v 0.00698000 0.01420600 0.00000000
v 0.00698000 0.01420600 0.00000000
v 0.00698000 0.01420600 0.00000000
v 0.02451600 0.00331300 0.00000000
v 0.02451600 0.00331300 0.00000000
v 0.02451600 0.00331300 0.00000000
v 0.02451600 0.00331300 0.00000000
v 0.02072000 0.02252200 -0.00000000
v 0.02072000 0.02252200 -0.00000000
v 0.02072000 0.02252200 -0.00000000
v 0.02072000 0.02252200 -0.00000000
v 0.02072000 0.02252200 -0.00000000
v 0.02072000 0.02252200 -0.00000000
v 0.02072000 0.02252200 -0.00000000
v 0.02072000 0.02252200 -0.00000000
v 0.00284900 0.01551400 0.00000000
v 0.00284900 0.01551400 0.00000000
v 0.00284900 0.01551400 0.00000000
v 0.01585800 0.02042800 0.00000200
v 0.01585800 0.02042800 0.00000200
v 0.01585800 0.02042800 0.00000200
v 0.01585800 0.02042800 0.00000200
v 0.01585800 0.02042800 0.00000200
v 0.01585800 0.02042800 0.00000200
v 0.01585800 0.02042800 0.00000200
v 0.02216100 0.00177600 0.00000000
v 0.02216100 0.00177600 0.00000000
v 0.02216100 0.00177600 0.00000000
v 0.02216100 0.00177600 0.00000000
v 0.01552800 0.00285800 0.00000000
v 0.01552800 0.00285800 0.00000000
v 0.01552800 0.00285800 0.00000000
v 0.01552800 0.00285800 0.00000000
v 0.01525800 0.02644100 0.00000000
v 0.01525800 0.02644100 0.00000000
v 0.01525800 0.02644100 0.00000000
v 0.01525800 0.02644100 0.00000000
v 0.01905000 -0.02395000 -0.00000000
v 0.01905000 -0.02395000 -0.00000000
v 0.01905000 -0.02395000 -0.00000000
v 0.01905000 -0.02395000 -0.00000000
v 0.01905000 -0.02395000 -0.00000000
v 0.01035400 -0.01190000 0.00000000
v 0.01035400 -0.01190000 0.00000000
v 0.01035400 -0.01190000 0.00000000
v 0.01035400 -0.01190000 0.00000000
v 0.02506100 -0.01756400 -0.00000000
v 0.02506100 -0.01756400 -0.00000000
v 0.02506100 -0.01756400 -0.00000000
v 0.02506100 -0.01756400 -0.00000000
v 0.02506100 -0.01756400 -0.00000000
v 0.00000000 0.03063500 -0.00000000
v 0.00000000 0.03063500 -0.00000000
v 0.00000000 0.03063500 -0.00000000
v 0.00000000 0.03063500 -0.00000000
v 0.00000000 0.03063500 -0.00000000
v -0.02772500 -0.00184800 0.00000000
v -0.02772500 -0.00184800 0.00000000
v -0.02772500 -0.00184800 0.00000000
v -0.02772500 -0.00184800 0.00000000
v -0.02772500 -0.00184800 0.00000000
v -0.02772500 -0.00184800 0.00000000
v 0.01306600 -0.00890800 0.00000000
v 0.01306600 -0.00890800 0.00000000
v 0.01306600 -0.00890800 0.00000000
v 0.01306600 -0.00890800 0.00000000
v 0.03058400 -0.00110000 0.00000000
v 0.03058400 -0.00110000 0.00000000
v 0.03058400 -0.00110000 0.00000000
v 0.03058400 -0.00110000 0.00000000
v 0.03058400 -0.00110000 0.00000000
v 0.01449200 0.00623000 0.00000000
v 0.01449200 0.00623000 0.00000000
v 0.01449200 0.00623000 0.00000000
v 0.01449200 0.00623000 0.00000000
v 0.01449200 0.00623000 0.00000000
v 0.01449200 0.00623000 0.00000000
v 0.00921500 0.02917900 -0.00000000
v 0.00921500 0.02917900 -0.00000000
v 0.00921500 0.02917900 -0.00000000
v 0.00921500 0.02917900 -0.00000000
v 0.00921500 0.02917900 -0.00000000
v 0.00921500 0.02917900 -0.00000000
v 0.00921500 0.02917900 -0.00000000
v 0.02901500 -0.00973200 -0.00000000
v 0.02901500 -0.00973200 -0.00000000
v 0.02901500 -0.00973200 -0.00000000
v 0.02901500 -0.00973200 -0.00000000
v 0.02901500 -0.00973200 -0.00000000
v 0.00675500 -0.01431400 0.00000000
v 0.00675500 -0.01431400 0.00000000
v 0.00675500 -0.01431400 0.00000000
v 0.00675500 -0.01431400 0.00000000
v 0.00675500 -0.01431400 0.00000000
v -0.02825900 -0.00030400 0.00000000
v -0.02825900 -0.00030400 0.00000000
v -0.02825900 -0.00030400 0.00000000
v -0.02825900 -0.00030400 0.00000000
v 0.01239100 -0.02793600 0.00000000
v 0.01239100 -0.02793600 0.00000000
v 0.01239100 -0.02793600 0.00000000
v 0.01239100 -0.02793600 0.00000000
v 0.02625900 0.01571800 -0.00000000
v 0.02625900 0.01571800 -0.00000000
v 0.02625900 0.01571800 -0.00000000
v 0.02625900 0.01571800 -0.00000000
v 0.02625900 0.01571800 -0.00000000
v 0.02625900 0.01571800 -0.00000000
v 0.02625900 0.01571800 -0.00000000
v 0.02625900 0.01571800 -0.00000000
v -0.02791000 0.00160800 0.00000000
v -0.02791000 0.00160800 0.00000000
v -0.02791000 0.00160800 0.00000000
v -0.02791000 0.00160800 0.00000000
v 0.01486100 -0.00529000 0.00000000
v 0.01486100 -0.00529000 0.00000000
v 0.01486100 -0.00529000 0.00000000
v 0.01486100 -0.00529000 0.00000000
v 0.01281600 0.00921400 0.00000000
v 0.01281600 0.00921400 0.00000000
v 0.01281600 0.00921400 0.00000000
v 0.01281600 0.00921400 0.00000000
v 0.01281600 0.00921400 0.00000000
v -0.02633100 0.00300600 0.00000000
v -0.02633100 0.00300600 0.00000000
v -0.02633100 0.00300600 0.00000000
v -0.02633100 0.00300600 0.00000000
v 0.01530300 0.01538800 0.00000200
v 0.01530300 0.01538800 0.00000200
v 0.01530300 0.01538800 0.00000200
v 0.01530300 0.01538800 0.00000200
v 0.01530300 0.01538800 0.00000200
v 0.01530300 0.01538800 0.00000200
v 0.01530300 0.01538800 0.00000200
v 0.02265900 -0.00228700 0.00000000
v 0.02265900 -0.00228700 0.00000000
v 0.02265900 -0.00228700 0.00000000
v 0.02265900 -0.00228700 0.00000000
v 0.01052100 0.01175300 0.00000000
v 0.01052100 0.01175300 0.00000000
v 0.01052100 0.01175300 0.00000000
v 0.01052100 0.01175300 0.00000000
v 0.01052100 0.01175300 0.00000000
v 0.01052100 0.01175300 0.00000000
v -0.02622500 -0.00307600 0.00400000
v -0.02622500 -0.00307600 0.00400000
v -0.02622500 -0.00307600 0.00400000
v -0.02622500 -0.00307600 0.00400000
v -0.02705700 0.00261200 0.00400000
v -0.02705700 0.00261200 0.00400000
v -0.02705700 0.00261200 0.00400000
v -0.02705700 0.00261200 0.00400000
v -0.02833400 0.00030400 0.00400000
v -0.02833400 0.00030400 0.00400000
v -0.02833400 0.00030400 0.00400000
v -0.02833400 0.00030400 0.00400000
v -0.02833400 0.00030400 0.00400000
v -0.02771600 -0.00184200 0.00400000
v -0.02771600 -0.00184200 0.00400000
v -0.02771600 -0.00184200 0.00400000
v 0.02259000 -0.00221400 0.00400000
v 0.02259000 -0.00221400 0.00400000
v 0.02259000 -0.00221400 0.00400000
v 0.02259000 -0.00221400 0.00400000
v 0.02390000 -0.00309800 0.00400000
v 0.02390000 -0.00309800 0.00400000
v 0.02390000 -0.00309800 0.00400000
v 0.02390000 -0.00309800 0.00400000
v 0.02210100 0.00167600 0.00400000
v 0.02210100 0.00167600 0.00400000
v 0.02210100 0.00167600 0.00400000
v 0.02210100 0.00167600 0.00400000
v 0.02177900 -0.00070900 0.00400000
v 0.02177900 -0.00070900 0.00400000
v 0.02177900 -0.00070900 0.00400000
v -0.01259900 -0.03302900 0.00750000
v -0.01259900 -0.03302900 0.00750000
v 0.00727000 0.05396400 0.00105800
v 0.00727000 0.05396400 0.00105800
v 0.01245700 -0.05484900 0.00105900
v -0.01252800 -0.05451200 0.00105800
v 0.00521200 -0.03234200 0.00100000
v 0.00521200 -0.03234200 0.00100000
v 0.01252900 0.05451100 0.00105800
v -0.00509000 0.05396700 0.00105900
v -0.00509000 0.05396700 0.00105900
v -0.00521100 0.03234200 0.00100000
v -0.00521100 0.03234200 0.00100000
v -0.01245600 0.05485000 0.00105900
v 0.00741400 0.03200500 0.00100000
v 0.00741400 0.03200500 0.00100000
v 0.01261700 -0.03296500 0.00750000
v 0.01261700 -0.03296500 0.00750000
v 0.01261700 -0.03296500 0.00750000
v -0.01261600 0.03296500 0.00750000
v -0.01261600 0.03296500 0.00750000
v -0.01261600 0.03296500 0.00750000
v -0.01377900 0.02992900 0.00750000
v -0.01377900 0.02992900 0.00750000
v -0.01377900 0.02992900 0.00750000
v 0.01378000 -0.02992900 0.00750000
v 0.01378000 -0.02992900 0.00750000
v 0.01378000 -0.02992900 0.00750000
v 0.01484400 -0.02843200 0.00753900
v 0.01484400 -0.02843200 0.00753900
v 0.01484400 -0.02843200 0.00753900
v 0.01484400 -0.02843200 0.00753900
v 0.01503000 -0.02783800 0.01002700
v 0.01503000 -0.02783800 0.01002700
v 0.01500100 -0.02825500 0.00908500
v 0.01500100 -0.02825500 0.00908500
v 0.01500100 -0.02825500 0.00908500
v 0.01502300 0.02784800 0.01011500
v 0.01502300 0.02784800 0.01011500
v 0.01502300 0.02784800 0.01011500
v 0.01499200 0.02824400 0.00911200
v 0.01499200 0.02824400 0.00911200
v 0.01499200 0.02824400 0.00911200
v 0.01499200 0.02824400 0.00911200
v 0.01499200 0.02824400 0.00911200
v 0.01485000 0.02842500 0.00755000
v 0.01485000 0.02842500 0.00755000
v 0.01485000 0.02842500 0.00755000
v 0.01485000 0.02842500 0.00755000
v 0.01378000 0.02992900 0.00750000
v 0.01378000 0.02992900 0.00750000
v 0.01378000 0.02992900 0.00750000
v 0.01378000 0.02992900 0.00750000
v 0.01259900 0.03302900 0.00750000
v 0.01259900 0.03302900 0.00750000
v -0.01377900 -0.02992900 0.00750000
v -0.01377900 -0.02992900 0.00750000
v -0.01377900 -0.02992900 0.00750000
v -0.01377900 -0.02992900 0.00750000
v 0.02491900 -0.00553800 0.00750000
v 0.02491900 -0.00553800 0.00750000
v 0.02491900 -0.00553800 0.00750000
v 0.02491900 -0.00553800 0.00750000
v 0.02491900 -0.00553800 0.00750000
v 0.02654500 -0.01522800 0.00750000
v 0.02654500 -0.01522800 0.00750000
v 0.02654500 -0.01522800 0.00750000
v 0.02654500 -0.01522800 0.00750000
v 0.02654500 -0.01522800 0.00750000
v 0.02287900 -0.00510100 0.00750000
v 0.02287900 -0.00510100 0.00750000
v 0.02287900 -0.00510100 0.00750000
v 0.02287900 -0.00510100 0.00750000
v 0.02093800 -0.00379200 0.00750000
v 0.02093800 -0.00379200 0.00750000
v 0.02093800 -0.00379200 0.00750000
v 0.02093800 -0.00379200 0.00750000
v 0.02093800 -0.00379200 0.00750000
v 0.02093800 -0.00379200 0.00750000
v 0.02188600 -0.02132500 0.00750000
v 0.02188600 -0.02132500 0.00750000
v 0.02188600 -0.02132500 0.00750000
v 0.02188600 -0.02132500 0.00750000
v 0.02188600 -0.02132500 0.00750000
v 0.01733400 -0.02524100 0.00756000
v 0.01733400 -0.02524100 0.00756000
v 0.01733400 -0.02524100 0.00756000
v 0.01733400 -0.02524100 0.00756000
v 0.01733400 -0.02524100 0.00756000
v 0.01733400 -0.02524100 0.00756000
v 0.01733400 -0.02524100 0.00756000
v 0.01733400 -0.02524100 0.00756000
v 0.01733400 -0.02524100 0.00756000
v 0.01733400 -0.02524100 0.00756000
v 0.01762200 0.02496400 0.00752000
v 0.01762200 0.02496400 0.00752000
v 0.01762200 0.02496400 0.00752000
v 0.01762200 0.02496400 0.00752000
v 0.01762200 0.02496400 0.00752000
v 0.01762200 0.02496400 0.00752000
v 0.01762200 0.02496400 0.00752000
v 0.01762200 0.02496400 0.00752000
v 0.01950200 0.00053500 0.00750000
v 0.01950200 0.00053500 0.00750000
v 0.01950200 0.00053500 0.00750000
v 0.01950200 0.00053500 0.00750000
v 0.01950200 0.00053500 0.00750000
v 0.01950200 0.00053500 0.00750000
v 0.01968400 -0.00155400 0.00750000
v 0.01968400 -0.00155400 0.00750000
v 0.01968400 -0.00155400 0.00750000
v 0.01968400 -0.00155400 0.00750000
v 0.01968400 -0.00155400 0.00750000
v 0.03020400 0.00492500 0.00750000
v 0.03020400 0.00492500 0.00750000
v 0.03020400 0.00492500 0.00750000
v 0.03020400 0.00492500 0.00750000
v 0.03020400 0.00492500 0.00750000
v 0.03020400 0.00492500 0.00750000
v 0.03020400 0.00492500 0.00750000
v 0.03020400 0.00492500 0.00750000
v 0.02757000 0.01328300 0.00750000
v 0.02757000 0.01328300 0.00750000
v 0.02757000 0.01328300 0.00750000
v 0.02757000 0.01328300 0.00750000
v 0.02757000 0.01328300 0.00750000
v 0.02390200 0.00541400 0.00750000
v 0.02390200 0.00541400 0.00750000
v 0.02390200 0.00541400 0.00750000
v 0.02390200 0.00541400 0.00750000
v 0.02175500 0.00451100 0.00750000
v 0.02175500 0.00451100 0.00750000
v 0.02175500 0.00451100 0.00750000
v 0.02175500 0.00451100 0.00750000
v 0.02175500 0.00451100 0.00750000
v 0.02175500 0.00451100 0.00750000
v 0.02175500 0.00451100 0.00750000
v 0.02267400 0.02055300 0.00750000
v 0.02267400 0.02055300 0.00750000
v 0.02267400 0.02055300 0.00750000
v 0.02267400 0.02055300 0.00750000
v 0.02267400 0.02055300 0.00750000
v 0.02267400 0.02055300 0.00750000
v 0.02977300 -0.00708000 0.00750000
v 0.02977300 -0.00708000 0.00750000
v 0.02977300 -0.00708000 0.00750000
v 0.02977300 -0.00708000 0.00750000
v 0.02977300 -0.00708000 0.00750000
v 0.02977300 -0.00708000 0.00750000
v 0.02977300 -0.00708000 0.00750000
v 0.02008700 0.00255700 0.00750000
v 0.02008700 0.00255700 0.00750000
v 0.02008700 0.00255700 0.00750000
v 0.02008700 0.00255700 0.00750000
v 0.02008700 0.00255700 0.00750000
v -0.01761200 -0.02614500 0.00657000
v -0.01761200 -0.02614500 0.00657000
v -0.01761200 -0.02614500 0.00657000
v -0.01761200 -0.02614500 0.00657000
v -0.01761200 -0.02614500 0.00657000
v -0.01761200 -0.02614500 0.00657000
v -0.02155700 -0.02300200 0.00650000
v -0.02155700 -0.02300200 0.00650000
v -0.02155700 -0.02300200 0.00650000
v -0.02155700 -0.02300200 0.00650000
v -0.02155700 -0.02300200 0.00650000
v -0.02155700 -0.02300200 0.00650000
v -0.02460000 -0.01971400 0.00650000
v -0.02460000 -0.01971400 0.00650000
v -0.02460000 -0.01971400 0.00650000
v -0.02460000 -0.01971400 0.00650000
v -0.02460000 -0.01971400 0.00650000
v -0.02714600 -0.01602800 0.00650000
v -0.02714600 -0.01602800 0.00650000
v -0.02714600 -0.01602800 0.00650000
v -0.02714600 -0.01602800 0.00650000
v -0.02714600 -0.01602800 0.00650000
v -0.02714600 -0.01602800 0.00650000
v -0.02914400 -0.01201800 0.00650000
v -0.02914400 -0.01201800 0.00650000
v -0.02914400 -0.01201800 0.00650000
v -0.02914400 -0.01201800 0.00650000
v -0.02914400 -0.01201800 0.00650000
v -0.03055300 -0.00776600 0.00650000
v -0.03055300 -0.00776600 0.00650000
v -0.03055300 -0.00776600 0.00650000
v -0.03055300 -0.00776600 0.00650000
v -0.03055300 -0.00776600 0.00650000
v -0.03055300 -0.00776600 0.00650000
v -0.03134500 -0.00335600 0.00650000
v -0.03134500 -0.00335600 0.00650000
v -0.03134500 -0.00335600 0.00650000
v -0.03134500 -0.00335600 0.00650000
v -0.03134500 -0.00335600 0.00650000
v -0.03150500 0.00112100 0.00650000
v -0.03150500 0.00112100 0.00650000
v -0.03150500 0.00112100 0.00650000
v -0.03150500 0.00112100 0.00650000
v -0.03150500 0.00112100 0.00650000
v -0.03150500 0.00112100 0.00650000
v -0.03150500 0.00112100 0.00650000
v -0.03102700 0.00557500 0.00650000
v -0.03102700 0.00557500 0.00650000
v -0.03102700 0.00557500 0.00650000
v -0.03102700 0.00557500 0.00650000
v -0.03102700 0.00557500 0.00650000
v -0.02992400 0.00991700 0.00650000
v -0.02992400 0.00991700 0.00650000
v -0.02992400 0.00991700 0.00650000
v -0.02992400 0.00991700 0.00650000
v -0.02992400 0.00991700 0.00650000
v -0.02992400 0.00991700 0.00650000
v -0.02821600 0.01405900 0.00650000
v -0.02821600 0.01405900 0.00650000
v -0.02821600 0.01405900 0.00650000
v -0.02821600 0.01405900 0.00650000
v -0.02821600 0.01405900 0.00650000
v -0.02593800 0.01791700 0.00650000
v -0.02593800 0.01791700 0.00650000
v -0.02593800 0.01791700 0.00650000
v -0.02593800 0.01791700 0.00650000
v -0.02593800 0.01791700 0.00650000
v -0.02593800 0.01791700 0.00650000
v -0.02199500 0.02265900 0.00650100
v -0.02199500 0.02265900 0.00650100
v -0.02199500 0.02265900 0.00650100
v -0.02199500 0.02265900 0.00650100
v -0.02199500 0.02265900 0.00650100
v -0.02199500 0.02265900 0.00650100
v -0.02199500 0.02265900 0.00650100
v -0.01689900 0.02659600 0.00676000
v -0.01689900 0.02659600 0.00676000
v -0.01689900 0.02659600 0.00676000
v -0.01689900 0.02659600 0.00676000
v -0.01689900 0.02659600 0.00676000
v -0.01689900 0.02659600 0.00676000
v -0.02188500 0.02132500 0.00750000
v -0.02188500 0.02132500 0.00750000
v -0.02188500 0.02132500 0.00750000
v -0.02188500 0.02132500 0.00750000
v -0.02188500 0.02132500 0.00750000
v -0.01734200 0.02524500 0.00755700
v -0.01734200 0.02524500 0.00755700
v -0.01734200 0.02524500 0.00755700
v -0.01734200 0.02524500 0.00755700
v -0.01734200 0.02524500 0.00755700
v -0.01734200 0.02524500 0.00755700
v -0.01734200 0.02524500 0.00755700
v -0.01734200 0.02524500 0.00755700
v -0.01734200 0.02524500 0.00755700
v -0.02654500 0.01522800 0.00750000
v -0.02654500 0.01522800 0.00750000
v -0.02654500 0.01522800 0.00750000
v -0.02654500 0.01522800 0.00750000
v -0.02654500 0.01522800 0.00750000
v -0.02977200 0.00708000 0.00750000
v -0.02977200 0.00708000 0.00750000
v -0.02977200 0.00708000 0.00750000
v -0.02977200 0.00708000 0.00750000
v -0.02977200 0.00708000 0.00750000
v -0.02977200 0.00708000 0.00750000
v -0.02977200 0.00708000 0.00750000
v -0.02695800 0.00516500 0.00750000
v -0.02695800 0.00516500 0.00750000
v -0.02695800 0.00516500 0.00750000
v -0.02695800 0.00516500 0.00750000
v -0.02925000 0.00364600 0.00750000
v -0.02925000 0.00364600 0.00750000
v -0.02925000 0.00364600 0.00750000
v -0.02925000 0.00364600 0.00750000
v -0.02925000 0.00364600 0.00750000
v -0.03054900 0.00047900 0.00749500
v -0.03054900 0.00047900 0.00749500
v -0.03054900 0.00047900 0.00749500
v -0.03054900 0.00047900 0.00749500
v -0.03054900 0.00047900 0.00749500
v -0.03054900 0.00047900 0.00749500
v -0.03054900 0.00047900 0.00749500
v -0.03020400 -0.00492500 0.00750000
v -0.03020400 -0.00492500 0.00750000
v -0.03020400 -0.00492500 0.00750000
v -0.03020400 -0.00492500 0.00750000
v -0.03020400 -0.00492500 0.00750000
v -0.03020400 -0.00492500 0.00750000
v -0.03020400 -0.00492500 0.00750000
v -0.03020400 -0.00492500 0.00750000
v -0.02979600 -0.00289000 0.00750000
v -0.02979600 -0.00289000 0.00750000
v -0.02979600 -0.00289000 0.00750000
v -0.02979600 -0.00289000 0.00750000
v -0.02979600 -0.00289000 0.00750000
v -0.02778700 -0.00476800 0.00750000
v -0.02778700 -0.00476800 0.00750000
v -0.02778700 -0.00476800 0.00750000
v -0.02778700 -0.00476800 0.00750000
v -0.02778700 -0.00476800 0.00750000
v -0.02591300 -0.00545700 0.00750000
v -0.02591300 -0.00545700 0.00750000
v -0.02591300 -0.00545700 0.00750000
v -0.02591300 -0.00545700 0.00750000
v -0.02591300 -0.00545700 0.00750000
v -0.02756900 -0.01328300 0.00750000
v -0.02756900 -0.01328300 0.00750000
v -0.02756900 -0.01328300 0.00750000
v -0.02756900 -0.01328300 0.00750000
v -0.02756900 -0.01328300 0.00750000
v -0.02267300 -0.02055300 0.00750000
v -0.02267300 -0.02055300 0.00750000
v -0.02267300 -0.02055300 0.00750000
v -0.02267300 -0.02055300 0.00750000
v -0.02267300 -0.02055300 0.00750000
v -0.02267300 -0.02055300 0.00750000
v -0.01761500 -0.02496800 0.00752200
v -0.01761500 -0.02496800 0.00752200
v -0.01761500 -0.02496800 0.00752200
v -0.01761500 -0.02496800 0.00752200
v -0.01761500 -0.02496800 0.00752200
v -0.01761500 -0.02496800 0.00752200
v -0.01761500 -0.02496800 0.00752200
v -0.01761500 -0.02496800 0.00752200
v -0.01257800 0.03322500 0.00100000
v -0.01257800 0.03322500 0.00100000
v -0.01257800 0.03322500 0.00100000
v -0.01257800 0.03322500 0.00100000
v 0.00895500 0.03030300 0.00100000
v 0.00895500 0.03030300 0.00100000
v 0.00895500 0.03030300 0.00100000
v 0.00895500 0.03030300 0.00100000
v 0.00895500 0.03030300 0.00100000
v 0.00895500 0.03030300 0.00100000
v 0.01267300 0.03255200 0.00100000
v 0.01267300 0.03255200 0.00100000
v 0.01267300 0.03255200 0.00100000
v 0.01267300 0.03255200 0.00100000
v 0.01267300 0.03255200 0.00100000
v -0.01402600 0.02941200 0.00100000
v -0.01402600 0.02941200 0.00100000
v -0.01402600 0.02941200 0.00100000
v -0.01402600 0.02941200 0.00100000
v -0.01402600 0.02941200 0.00100000
v -0.01402600 0.02941200 0.00100000
v -0.01402600 0.02941200 0.00100000
v 0.00215600 0.03145800 0.00100000
v 0.00215600 0.03145800 0.00100000
v 0.00215600 0.03145800 0.00100000
v 0.00215600 0.03145800 0.00100000
v 0.00215600 0.03145800 0.00100000
v 0.00215600 0.03145800 0.00100000
v 0.00215600 0.03145800 0.00100000
v 0.01421300 0.02923400 0.00100000
v 0.01421300 0.02923400 0.00100000
v 0.01421300 0.02923400 0.00100000
v 0.01421300 0.02923400 0.00100000
v 0.01421300 0.02923400 0.00100000
v 0.00469800 -0.03124700 0.00100000
v 0.00469800 -0.03124700 0.00100000
v 0.00469800 -0.03124700 0.00100000
v 0.00469800 -0.03124700 0.00100000
v 0.00469800 -0.03124700 0.00100000
v -0.01421200 -0.02923400 0.00100000
v -0.01421200 -0.02923400 0.00100000
v -0.01421200 -0.02923400 0.00100000
v -0.01421200 -0.02923400 0.00100000
v -0.01421200 -0.02923400 0.00100000
v 0.01236900 -0.02904400 0.00100000
v 0.01236900 -0.02904400 0.00100000
v 0.01236900 -0.02904400 0.00100000
v 0.01236900 -0.02904400 0.00100000
v 0.01236900 -0.02904400 0.00100000
v 0.01402700 -0.02941200 0.00100000
v 0.01402700 -0.02941200 0.00100000
v 0.01402700 -0.02941200 0.00100000
v 0.01402700 -0.02941200 0.00100000
v 0.01402700 -0.02941200 0.00100000
v 0.01402700 -0.02941200 0.00100000
v 0.01402700 -0.02941200 0.00100000
v -0.01267200 -0.03255200 0.00100000
v -0.01267200 -0.03255200 0.00100000
v -0.01267200 -0.03255200 0.00100000
v -0.01267200 -0.03255200 0.00100000
v -0.01267200 -0.03255200 0.00100000
v 0.01257900 -0.03322500 0.00100000
v 0.01257900 -0.03322500 0.00100000
v 0.01257900 -0.03322500 0.00100000
v 0.01257900 -0.03322500 0.00100000
v 0.02204700 0.00466900 0.00400000
v 0.02204700 0.00466900 0.00400000
v 0.02204700 0.00466900 0.00400000
v 0.02066100 0.00341800 0.00400000
v 0.02066100 0.00341800 0.00400000
v 0.02066100 0.00341800 0.00400000
v 0.02066100 0.00341800 0.00400000
v 0.02390200 -0.00541400 0.00400000
v 0.02390200 -0.00541400 0.00400000
v 0.02390200 -0.00541400 0.00400000
v 0.02390200 -0.00541400 0.00400000
v 0.02175500 -0.00451100 0.00400000
v 0.02175500 -0.00451100 0.00400000
v 0.02175500 -0.00451100 0.00400000
v 0.02175500 -0.00451100 0.00400000
v 0.02008700 -0.00255700 0.00400000
v 0.02008700 -0.00255700 0.00400000
v 0.02008700 -0.00255700 0.00400000
v 0.02008700 -0.00255700 0.00400000
v 0.01950200 -0.00053500 0.00400000
v 0.01950200 -0.00053500 0.00400000
v 0.01950200 -0.00053500 0.00400000
v 0.01950200 -0.00053500 0.00400000
v 0.02377200 0.00538600 0.00400000
v 0.02377200 0.00538600 0.00400000
v 0.02377200 0.00538600 0.00400000
v 0.02377200 0.00538600 0.00400000
v 0.01968400 0.00155400 0.00400000
v 0.01968400 0.00155400 0.00400000
v 0.01968400 0.00155400 0.00400000
v 0.01968400 0.00155400 0.00400000
v -0.02965600 0.00311400 0.00400000
v -0.02965600 0.00311400 0.00400000
v -0.02965600 0.00311400 0.00400000
v -0.02965600 0.00311400 0.00400000
v -0.02666700 -0.00526600 0.00400000
v -0.02666700 -0.00526600 0.00400000
v -0.02666700 -0.00526600 0.00400000
v -0.02666700 -0.00526600 0.00400000
v -0.02906800 -0.00385000 0.00400000
v -0.02906800 -0.00385000 0.00400000
v -0.02906800 -0.00385000 0.00400000
v -0.02906800 -0.00385000 0.00400000
v -0.03058200 -0.00047100 0.00400000
v -0.03058200 -0.00047100 0.00400000
v -0.03058200 -0.00047100 0.00400000
v -0.03058200 -0.00047100 0.00400000
v 0.00364700 -0.01538000 -0.00150500
v 0.00364700 -0.01538000 -0.00150500
v 0.00364700 -0.01538000 -0.00150500
v 0.00364700 -0.01538000 -0.00150500
v 0.00364700 -0.01538000 -0.00150500
v 0.00364700 -0.01538000 -0.00150500
v 0.00723400 -0.01401700 -0.00149200
v 0.00723400 -0.01401700 -0.00149200
v 0.00723400 -0.01401700 -0.00149200
v 0.00723400 -0.01401700 -0.00149200
v 0.00988300 -0.01229500 -0.00149300
v 0.00988300 -0.01229500 -0.00149300
v 0.00988300 -0.01229500 -0.00149300
v 0.00988300 -0.01229500 -0.00149300
v 0.00988300 -0.01229500 -0.00149300
v 0.00988300 -0.01229500 -0.00149300
v 0.01235000 -0.00982900 -0.00149600
v 0.01235000 -0.00982900 -0.00149600
v 0.01235000 -0.00982900 -0.00149600
v 0.01235000 -0.00982900 -0.00149600
v 0.01235000 -0.00982900 -0.00149600
v 0.01414200 -0.00698800 -0.00150200
v 0.01414200 -0.00698800 -0.00150200
v 0.01414200 -0.00698800 -0.00150200
v 0.01414200 -0.00698800 -0.00150200
v 0.01414200 -0.00698800 -0.00150200
v 0.01414200 -0.00698800 -0.00150200
v 0.01536000 -0.00365500 -0.00150000
v 0.01536000 -0.00365500 -0.00150000
v 0.01536000 -0.00365500 -0.00150000
v 0.01536000 -0.00365500 -0.00150000
v 0.01536000 -0.00365500 -0.00150000
v 0.01536000 -0.00365500 -0.00150000
v 0.01578600 0.00083600 -0.00151900
v 0.01578600 0.00083600 -0.00151900
v 0.01578600 0.00083600 -0.00151900
v 0.01578600 0.00083600 -0.00151900
v 0.01578600 0.00083600 -0.00151900
v 0.01578600 0.00083600 -0.00151900
v 0.01499600 0.00494000 -0.00148900
v 0.01499600 0.00494000 -0.00148900
v 0.01499600 0.00494000 -0.00148900
v 0.01499600 0.00494000 -0.00148900
v 0.01499600 0.00494000 -0.00148900
v 0.01499600 0.00494000 -0.00148900
v 0.01307300 0.00889700 -0.00148600
v 0.01307300 0.00889700 -0.00148600
v 0.01307300 0.00889700 -0.00148600
v 0.01307300 0.00889700 -0.00148600
v 0.01307300 0.00889700 -0.00148600
v 0.01307300 0.00889700 -0.00148600
v 0.01307300 0.00889700 -0.00148600
v 0.01039200 0.01186700 -0.00149300
v 0.01039200 0.01186700 -0.00149300
v 0.01039200 0.01186700 -0.00149300
v 0.01039200 0.01186700 -0.00149300
v 0.01039200 0.01186700 -0.00149300
v 0.01039200 0.01186700 -0.00149300
v 0.00747200 0.01390900 -0.00149100
v 0.00747200 0.01390900 -0.00149100
v 0.00747200 0.01390900 -0.00149100
v 0.00747200 0.01390900 -0.00149100
v 0.00354000 0.01540500 -0.00150600
v 0.00354000 0.01540500 -0.00150600
v 0.00354000 0.01540500 -0.00150600
v 0.00354000 0.01540500 -0.00150600
v 0.00354000 0.01540500 -0.00150600
v 0.00354000 0.01540500 -0.00150600
v 0.00354000 0.01540500 -0.00150600
v 0.01021100 0.01067600 -0.00250000
v 0.01021100 0.01067600 -0.00250000
v 0.01021100 0.01067600 -0.00250000
v 0.01021100 0.01067600 -0.00250000
v 0.01021100 0.01067600 -0.00250000
v 0.01284800 0.00739700 -0.00250000
v 0.01284800 0.00739700 -0.00250000
v 0.01284800 0.00739700 -0.00250000
v 0.01284800 0.00739700 -0.00250000
v 0.00718300 0.01294800 -0.00250000
v 0.00718300 0.01294800 -0.00250000
v 0.00718300 0.01294800 -0.00250000
v 0.00718300 0.01294800 -0.00250000
v 0.00718300 0.01294800 -0.00250000
v 0.00718300 0.01294800 -0.00250000
v 0.00718300 0.01294800 -0.00250000
v 0.00175300 0.01472200 -0.00250100
v 0.00175300 0.01472200 -0.00250100
v 0.00175300 0.01472200 -0.00250100
v 0.00175300 0.01472200 -0.00250100
v 0.00175300 0.01472200 -0.00250100
v 0.01451400 0.00291500 -0.00250000
v 0.01451400 0.00291500 -0.00250000
v 0.01451400 0.00291500 -0.00250000
v 0.01451400 0.00291500 -0.00250000
v 0.01451400 0.00291500 -0.00250000
v 0.01451400 0.00291500 -0.00250000
v 0.01475900 -0.00081300 -0.00250000
v 0.01475900 -0.00081300 -0.00250000
v 0.01475900 -0.00081300 -0.00250000
v 0.01475900 -0.00081300 -0.00250000
v 0.01475900 -0.00081300 -0.00250000
v 0.01475900 -0.00081300 -0.00250000
v 0.01475900 -0.00081300 -0.00250000
v 0.01380200 -0.00539200 -0.00250000
v 0.01380200 -0.00539200 -0.00250000
v 0.01380200 -0.00539200 -0.00250000
v 0.01380200 -0.00539200 -0.00250000
v 0.01380200 -0.00539200 -0.00250000
v 0.01380200 -0.00539200 -0.00250000
v 0.01136300 -0.00948000 -0.00250000
v 0.01136300 -0.00948000 -0.00250000
v 0.01136300 -0.00948000 -0.00250000
v 0.01136300 -0.00948000 -0.00250000
v 0.01136300 -0.00948000 -0.00250000
v 0.00758600 -0.01274500 -0.00250000
v 0.00758600 -0.01274500 -0.00250000
v 0.00758600 -0.01274500 -0.00250000
v 0.00758600 -0.01274500 -0.00250000
v 0.00758600 -0.01274500 -0.00250000
v 0.00758600 -0.01274500 -0.00250000
v 0.00758600 -0.01274500 -0.00250000
v 0.00211500 -0.01466900 -0.00250000
v 0.00211500 -0.01466900 -0.00250000
v 0.00211500 -0.01466900 -0.00250000
v 0.00211500 -0.01466900 -0.00250000
v -0.01552800 -0.02710900 0.00879600
v -0.01552800 -0.02710900 0.00879600
v -0.01552800 -0.02710900 0.00879600
v -0.01552800 -0.02710900 0.00879600
v -0.01552800 -0.02710900 0.00879600
v -0.01552800 -0.02710900 0.00879600
v -0.01681900 -0.02569000 0.00773700
v -0.01681900 -0.02569000 0.00773700
v -0.01681900 -0.02569000 0.00773700
v -0.01681900 -0.02569000 0.00773700
v -0.01681900 -0.02569000 0.00773700
v -0.01681900 -0.02569000 0.00773700
v -0.01643600 0.02605600 0.00793200
v -0.01643600 0.02605600 0.00793200
v -0.01643600 0.02605600 0.00793200
v -0.01643600 0.02605600 0.00793200
v -0.01643600 0.02605600 0.00793200
v -0.01586200 0.02667700 0.00839200
v -0.01586200 0.02667700 0.00839200
v -0.01586200 0.02667700 0.00839200
v -0.01586200 0.02667700 0.00839200
v -0.01586200 0.02667700 0.00839200
v -0.01586200 0.02667700 0.00839200
v -0.01522100 0.02752400 0.00934400
v -0.01522100 0.02752400 0.00934400
v -0.01522100 0.02752400 0.00934400
v -0.01522100 0.02752400 0.00934400
v -0.01522100 0.02752400 0.00934400
v -0.01522100 0.02752400 0.00934400
v -0.01522100 0.02752400 0.00934400
v -0.01521000 -0.02756200 0.00936700
v -0.01521000 -0.02756200 0.00936700
v -0.01521000 -0.02756200 0.00936700
v -0.01521000 -0.02756200 0.00936700
v 0.01552900 0.02710900 0.00879600
v 0.01552900 0.02710900 0.00879600
v 0.01552900 0.02710900 0.00879600
v 0.01552900 0.02710900 0.00879600
v 0.01552900 0.02710900 0.00879600
v 0.01552900 0.02710900 0.00879600
v 0.01668300 0.02581300 0.00778700
v 0.01668300 0.02581300 0.00778700
v 0.01668300 0.02581300 0.00778700
v 0.01668300 0.02581300 0.00778700
v 0.01668300 0.02581300 0.00778700
v 0.01668300 0.02581300 0.00778700
v 0.01647200 -0.02602000 0.00791100
v 0.01647200 -0.02602000 0.00791100
v 0.01647200 -0.02602000 0.00791100
v 0.01647200 -0.02602000 0.00791100
v 0.01647200 -0.02602000 0.00791100
v 0.01585300 -0.02669300 0.00839700
v 0.01585300 -0.02669300 0.00839700
v 0.01585300 -0.02669300 0.00839700
v 0.01585300 -0.02669300 0.00839700
v 0.01585300 -0.02669300 0.00839700
v 0.01522200 -0.02752400 0.00934200
v 0.01522200 -0.02752400 0.00934200
v 0.01522200 -0.02752400 0.00934200
v 0.01522200 -0.02752400 0.00934200
v 0.01522200 -0.02752400 0.00934200
v 0.01522200 -0.02752400 0.00934200
v 0.01522200 -0.02752400 0.00934200
v 0.01602800 0.02649200 0.00822900
v 0.01602800 0.02649200 0.00822900
v 0.01602800 0.02649200 0.00822900
v 0.01602800 0.02649200 0.00822900
v 0.01602800 0.02649200 0.00822900
v 0.01521000 0.02756200 0.00936700
v 0.01521000 0.02756200 0.00936700
v 0.01521000 0.02756200 0.00936700
v 0.01521000 0.02756200 0.00936700
v -0.01553100 0.02769000 0.00802200
v -0.01553100 0.02769000 0.00802200
v -0.01553100 0.02769000 0.00802200
v -0.01553100 0.02769000 0.00802200
v -0.01553100 0.02769000 0.00802200
v -0.01553100 0.02769000 0.00802200
v -0.01553100 0.02769000 0.00802200
v -0.01595300 -0.02728100 0.00749400
v -0.01595300 -0.02728100 0.00749400
v -0.01595300 -0.02728100 0.00749400
v -0.01595300 -0.02728100 0.00749400
v -0.01595300 -0.02728100 0.00749400
v -0.01595300 -0.02728100 0.00749400
v 0.01587200 -0.02734800 0.00754300
v 0.01587200 -0.02734800 0.00754300
v 0.01587200 -0.02734800 0.00754300
v 0.01587200 -0.02734800 0.00754300
v 0.01587200 -0.02734800 0.00754300
v 0.01587200 -0.02734800 0.00754300
v 0.01587200 -0.02734800 0.00754300
v 0.01587200 -0.02734800 0.00754300
v 0.01587200 -0.02734800 0.00754300
v 0.01595400 0.02728100 0.00749400
v 0.01595400 0.02728100 0.00749400
v 0.01595400 0.02728100 0.00749400
v 0.01595400 0.02728100 0.00749400
v 0.01595400 0.02728100 0.00749400
v 0.01595400 0.02728100 0.00749400
v 0.01540600 0.01978300 0.00650000
v 0.01540600 0.01978300 0.00650000
v 0.01540600 0.01978300 0.00650000
v 0.01540600 0.01978300 0.00650000
v 0.01540600 0.01978300 0.00650000
v 0.01539700 0.01966200 0.00020000
v 0.01539700 0.01966200 0.00020000
v 0.01539700 0.01966200 0.00020000
v 0.01539700 0.01966200 0.00020000
v 0.01539700 0.01966200 0.00020000
v 0.01648100 0.02045300 0.00020000
v 0.01648100 0.02045300 0.00020000
v 0.01648100 0.02045300 0.00020000
v 0.01648100 0.02045300 0.00020000
v 0.01648100 0.02045300 0.00020000
v 0.01623600 0.01502100 0.00020100
v 0.01623600 0.01502100 0.00020100
v 0.01623600 0.01502100 0.00020100
v 0.01623600 0.01502100 0.00020100
v 0.01522800 0.01590600 0.00020100
v 0.01522800 0.01590600 0.00020100
v 0.01522800 0.01590600 0.00020100
v 0.01522800 0.01590600 0.00020100
v 0.01522800 0.01590600 0.00020100
v 0.01498000 0.01624700 0.00650000
v 0.01498000 0.01624700 0.00650000
v 0.01498000 0.01624700 0.00650000
v 0.01498000 0.01624700 0.00650000
v 0.01470300 0.01714000 0.00020000
v 0.01470300 0.01714000 0.00020000
v 0.01470300 0.01714000 0.00020000
v 0.01470300 0.01714000 0.00020000
v 0.01470300 0.01714000 0.00020000
v 0.01470300 0.01714000 0.00020000
v 0.01466300 0.01789500 0.00650000
v 0.01466300 0.01789500 0.00650000
v 0.01466300 0.01789500 0.00650000
v 0.01466300 0.01789500 0.00650000
v 0.01476400 0.01848000 0.00020000
v 0.01476400 0.01848000 0.00020000
v 0.01476400 0.01848000 0.00020000
v 0.01476400 0.01848000 0.00020000
v 0.01476400 0.01848000 0.00020000
v -0.01606600 -0.02643500 0.00819500
v -0.01606600 -0.02643500 0.00819500
v -0.01606600 -0.02643500 0.00819500
v -0.01606600 -0.02643500 0.00819500
v -0.01606600 -0.02643500 0.00819500
f 37 8 1
f 60 92 58
f 29 5 14
f 1 4 27
f 26 28 39
f 40 43 25
f 55 47 35
f 50 51 49
f 33 37 1
f 45 46 10
f 9 36 44
f 15 19 30
f 20 22 18
f 23 31 21
f 3 24 41
f 42 53 1
f 52 32 48
f 11 13 38
f 17 21 31
f 7 38 13
f 54 34 2
f 12 16 6
f 106 105 102
f 104 108 89
f 96 94 82
f 84 81 95
f 59 58 83
f 61 86 72
f 79 78 85
f 76 74 77
f 71 63 75
f 65 101 99
f 100 93 66
f 87 107 103
f 109 97 58
f 80 57 98
f 85 78 73
f 70 69 62
f 67 91 68
f 88 110 56
f 58 92 90
f 68 91 64
f 117 238 277
f 128 206 174
f 213 508 494
f 160 165 534
f 137 506 209
f 196 205 125
f 163 151 170
f 164 532 116
f 212 526 525
f 211 522 223
f 241 161 115
f 266 136 216
f 245 479 375
f 133 865 281
f 240 112 279
f 122 159 239
f 306 218 192
f 121 147 162
f 274 268 210
f 311 135 285
f 301 215 219
f 253 134 312
f 270 217 305
f 324 252 307
f 182 152 119
f 224 189 127
f 181 126 150
f 299 254 323
f 286 294 153
f 335 265 271
f 338 1083 267
f 310 283 390
f 225 129 177
f 263 191 230
f 158 295 321
f 356 280 343
f 334 365 1082
f 352 118 275
f 304 190 260
f 242 318 292
f 367 272 300
f 328 319 371
f 373 317 243
f 376 347 326
f 366 336 273
f 380 123 355
f 385 180 120
f 392 333 374
f 360 337 368
f 405 179 381
f 412 309 388
f 244 290 203
f 397 357 339
f 201 288 157
f 410 325 308
f 407 229 178
f 418 302 258
f 425 320 409
f 431 327 395
f 415 370 303
f 428 156 322
f 378 329 434
f 438 261 227
f 444 417 262
f 359 369 421
f 445 198 154
f 433 450 379
f 477 394 372
f 144 382 351
f 476 246 197
f 467 423 414
f 441 259 439
f 484 353 401
f 449 155 424
f 141 354 483
f 184 404 384
f 183 383 145
f 480 402 457
f 469 413 464
f 488 416 443
f 207 446 427
f 493 396 472
f 429 510 456
f 232 437 228
f 234 226 403
f 237 406 185
f 514 420 491
f 172 426 468
f 166 470 463
f 496 430 393
f 442 436 519
f 512 361 419
f 513 503 363
f 511 432 492
f 528 474 524
f 221 478 202
f 204 422 176
f 523 475 220
f 171 471 167
f 495 473 527
f 489 440 518
f 195 200 448
f 539 516 490
f 169 461 533
f 521 435 236
f 541 500 515
f 222 199 194
f 540 249 498
f 193 447 208
f 148 175 168
f 214 497 529
f 124 173 149
f 610 1459 1418
f 547 591 554
f 582 576 799
f 542 583 595
f 546 555 1440
f 629 804 641
f 625 581 800
f 1466 1435 1503
f 1533 613 1419
f 653 580 631
f 654 572 577
f 637 752 692
f 563 874 667
f 664 656 645
f 1450 585 543
f 685 564 668
f 686 644 567
f 1392 617 1516
f 663 649 687
f 630 1393 1484
f 702 674 661
f 700 660 662
f 1396 624 1487
f 1412 587 1451
f 703 665 680
f 1416 1474 588
f 1403 627 1397
f 1402 1480 650
f 1535 622 1525
f 712 679 670
f 1534 1514 623
f 598 704 683
f 1439 1427 544
f 731 711 724
f 633 689 677
f 734 705 697
f 607 699 596
f 601 675 701
f 732 684 713
f 741 707 737
f 696 691 636
f 632 676 602
f 747 681 728
f 742 718 710
f 745 599 682
f 751 736 694
f 760 730 725
f 767 608 597
f 779 729 762
f 784 638 605
f 780 748 727
f 766 600 749
f 778 761 774
f 793 770 744
f 792 743 733
f 797 738 756
f 558 746 781
f 592 783 776
f 801 635 788
f 803 755 634
f 763 750 559
f 561 782 593
f 796 790 735
f 579 753 805
f 578 798 754
f 590 773 549
f 618 603 611
f 616 787 604
f 609 764 557
f 614 606 765
f 802 786 643
f 586 556 594
f 640 785 620
f 1460 589 1476
f 186 826 808
f 233 187 809
f 1139 1178 811
f 1065 815 818
f 1068 1143 810
f 1368 1066 816
f 1364 817 822
f 460 1365 824
f 482 459 823
f 142 825 829
f 143 481 820
f 188 146 828
f 834 257 298
f 840 831 296
f 839 297 289
f 678 847 855
f 657 672 854
f 925 837 287
f 658 853 859
f 646 659 858
f 647 857 864
f 568 648 866
f 566 867 132
f 870 565 131
f 871 130 256
f 830 872 255
f 1490 1040 1399
f 906 758 1051
f 905 1046 899
f 1521 1044 1491
f 904 775 757
f 1447 990 1522
f 1436 921 1506
f 935 716 740
f 1544 909 1433
f 1461 896 1437
f 1511 895 1463
f 771 934 739
f 942 936 968
f 969 930 768
f 975 902 878
f 1482 1515 1493
f 979 941 967
f 550 908 901
f 548 903 976
f 1446 1489 1518
f 947 940 977
f 1457 1475 1495
f 1500 1501 919
f 1442 920 1539
f 1428 972 1472
f 1499 922 1441
f 1426 1438 553
f 1507 971 1389
f 997 965 769
f 1002 772 794
f 950 943 981
f 996 833 836
f 1000 982 966
f 951 954 944
f 1415 1502 1477
f 1007 832 995
f 1008 873 835
f 890 994 841
f 926 956 948
f 1009 983 1001
f 891 838 929
f 1014 949 978
f 1016 980 1013
f 569 789 795
f 671 869 1005
f 1020 952 1017
f 570 999 791
f 883 991 888
f 1021 923 953
f 1010 998 571
f 1037 1006 993
f 1036 992 885
f 1029 927 1025
f 1027 892 924
f 720 1003 1035
f 722 714 666
f 726 669 1004
f 882 889 1028
f 986 1011 574
f 1019 1012 987
f 1041 573 655
f 1047 1038 887
f 963 1015 988
f 989 575 1039
f 877 884 1033
f 962 1026 1018
f 1031 1024 916
f 1048 721 1034
f 1049 886 875
f 759 723 1052
f 897 876 1030
f 913 1022 961
f 918 1023 911
f 898 1032 915
f 1408 1483 1489
f 959 1445 1409
f 900 1050 880
f 1042 1481 1398
f 907 552 777
f 693 709 1055
f 698 1054 849
f 688 695 845
f 955 293 316
f 673 690 842
f 958 928 291
f 945 957 315
f 938 313 330
f 937 946 314
f 933 939 331
f 931 332 345
f 715 932 344
f 719 346 1060
f 708 717 1064
f 706 1062 1058
f 1132 1360 1079
f 1117 1074 1339
f 1118 1340 1085
f 1159 1181 1133
f 1131 465 1356
f 1152 1184 1165
f 1205 1135 1072
f 1203 1071 1121
f 1172 1094 1157
f 1189 1086 358
f 1168 1080 1097
f 1195 1076 1169
f 1210 1061 348
f 1188 1120 1084
f 1174 1156 1163
f 1183 1325 1134
f 1186 362 1220
f 452 349 377
f 1199 1129 1075
f 1211 350 451
f 530 1128 1197
f 536 462 1130
f 1236 1059 1208
f 1053 1063 1229
f 1252 1209 453
f 1238 1196 1170
f 1226 1116 1187
f 1228 1185 1222
f 531 1198 1243
f 1248 1200 1239
f 1233 1207 1249
f 1227 1204 1119
f 1162 1136 1201
f 1245 111 535
f 856 850 1257
f 1258 454 505
f 1124 843 1148
f 1122 851 844
f 1107 1171 1158
f 504 1219 364
f 1109 1240 1173
f 1269 1202 1224
f 1111 1247 1241
f 1251 455 1259
f 1254 852 1125
f 1271 1218 499
f 1193 1056 1235
f 1099 1242 1108
f 1275 861 1255
f 1270 1223 1221
f 1194 846 1057
f 1113 1237 1103
f 868 860 1280
f 1151 848 1190
f 1161 1206 1264
f 1230 1250 1263
f 1266 1225 1272
f 1286 1246 1112
f 1291 863 1277
f 1284 276 113
f 1283 114 1244
f 1296 1260 509
f 1276 1256 1088
f 282 862 1287
f 1126 1090 1253
f 1301 1110 1167
f 1306 1261 1294
f 1313 501 248
f 1312 1274 502
f 1295 507 138
f 1308 1231 1262
f 1147 1192 1324
f 1104 1106 1297
f 1322 1232 1304
f 1323 1191 1234
f 1319 1123 1149
f 1267 1273 1314
f 1290 387 284
f 1091 1127 1318
f 1328 1115 1105
f 1334 1293 139
f 1285 1114 1333
f 1338 1303 1292
f 1212 1166 1265
f 1282 340 278
f 1345 1279 1093
f 1142 1100 1299
f 1177 1160 1214
f 1298 1164 1175
f 1343 1289 1278
f 1346 1102 1141
f 1353 1087 1315
f 1344 386 1288
f 341 1281 1330
f 1332 1101 1348
f 1317 1146 1153
f 1337 140 264
f 1216 1268 1310
f 1067 1349 1140
f 1361 1089 1352
f 1362 1341 1092
f 1180 1145 1326
f 1327 400 342
f 1182 1154 1150
f 1369 1331 1347
f 1073 1305 1335
f 1144 1300 1179
f 1370 399 1329
f 1357 408 389
f 1358 391 1342
f 1137 1307 1070
f 1138 1321 1302
f 1366 458 398
f 1367 1350 1069
f 1098 1351 1320
f 1077 1355 1095
f 1096 1316 1155
f 1081 1336 269
f 1359 466 411
f 1078 1363 1354
f 1213 1311 1384
f 1215 1383 813
f 1176 1217 812
f 231 807 1375
f 517 235 1371
f 487 520 1372
f 485 1373 1380
f 538 486 1376
f 251 537 1377
f 250 1378 1381
f 1309 247 1382
f 827 821 819
f 827 814 806
f 827 819 814
f 1374 1385 1379
f 806 1385 1374
f 806 814 1385
f 1468 973 1509
f 1494 1541 1430
f 1496 1443 1537
f 1497 1540 1545
f 1453 1424 1470
f 1400 1479 1406
f 917 1542 1538
f 1529 1532 1420
f 621 1531 1528
f 1486 1394 1517
f 1422 1455 1498
f 1390 1513 1467
f 1413 1454 1471
f 1432 1410 1449
f 1488 1401 1404
f 1452 545 1429
f 1446 1518 1434
f 1473 1386 1465
f 1519 1527 1421
f 1448 1524 1492
f 910 1411 1431
f 1475 1505 1495
f 1423 1495 1518
f 1464 1504 1414
f 1469 1508 1388
f 1495 1434 1518
f 1470 1462 1417
f 1405 1395 1485
f 1520 1536 1526
f 970 1512 1387
f 615 562 1456
f 1392 639 617
f 626 642 1391
f 1407 651 628
f 1458 560 584
f 1523 985 1045
f 1436 893 921
f 1510 881 894
f 1425 551 974
f 964 984 1444
f 1043 652 1478
f 914 912 1543
f 619 612 1530
f 910 960 1411
f 970 879 1512
f 1651 1643 1546
f 1619 1588 1574
f 1570 1586 1616
f 1568 1583 1587
f 1597 1592 1584
f 1626 1558 1594
f 1599 1627 1596
f 1590 1580 1593
f 1634 1628 1601
f 1625 1612 1556
f 1654 1624 1633
f 1661 1614 1622
f 1652 1658 1623
f 1562 1552 1606
f 1591 1576 1589
f 1671 1604 3216
f 1663 1613 1659
f 1620 1561 1609
f 1679 1665 1660
f 1676 1615 1605
f 1686 1617 1675
f 1690 1668 1678
f 1621 1573 1565
f 1688 1697 1667
f 1571 1618 1682
f 1638 1664 1696
f 1548 1694 1693
f 1595 1560 1579
f 1644 1639 1695
f 1645 1698 1547
f 2301 1708 3366
f 2520 1706 2341
f 1713 2299 1735
f 1730 1791 2307
f 2524 1781 2516
f 2276 1754 1742
f 2274 2311 1752
f 1719 1761 1743
f 3295 1762 1715
f 2521 1780 1704
f 2501 1767 1751
f 1710 1737 1786
f 1749 1807 1725
f 2309 1794 1755
f 1656 1723 1681
f 1748 1765 1806
f 2523 2506 1797
f 2526 1798 1778
f 1764 3294 1769
f 1784 1809 2514
f 2507 1811 2505
f 1729 1808 1788
f 1738 1810 1783
f 2513 1814 2509
f 1741 1756 3196
f 1702 1841 1721
f 1701 1779 1821
f 1829 1813 1736
f 2503 1812 1800
f 1703 1818 1840
f 1720 1837 1677
f 1793 1852 1757
f 1777 1795 1819
f 1758 1843 3197
f 1770 1834 1805
f 1771 3296 1832
f 1804 1855 1792
f 1680 1839 1691
f 1815 1863 1796
f 3198 1848 1866
f 1753 1853 1846
f 3287 1831 3293
f 1826 1871 1816
f 1803 1835 1877
f 1802 1875 1857
f 2492 1790 1854
f 1851 1789 2491
f 1817 1873 1862
f 2458 1823 1881
f 1842 1884 1692
f 1859 1882 1801
f 1799 1883 1822
f 1836 2455 1888
f 1820 2456 1838
f 3286 1903 1833
f 2014 1904 3285
f 2489 1891 1850
f 1849 1892 1844
f 1830 1899 1878
f 2488 2497 1894
f 2496 1906 1889
f 2356 1860 1874
f 1886 1939 1689
f 1864 1914 1880
f 2459 1921 1887
f 1917 1861 2357
f 1895 1940 1845
f 1885 1922 1936
f 1847 1942 1865
f 1867 1941 3207
f 1928 1998 1920
f 1925 1963 1911
f 1908 1962 1896
f 1890 1965 1973
f 1893 1975 1943
f 1980 1991 1961
f 1902 1990 1977
f 2486 1966 1927
f 2487 1959 1964
f 1687 1937 1550
f 1919 1999 1938
f 2358 2017 1912
f 1913 2020 2005
f 1929 1948 2000
f 2015 1992 1898
f 1995 2009 2025
f 1997 2029 1951
f 1952 2024 1949
f 2035 1987 2016
f 2011 2018 2026
f 1947 2023 2002
f 2036 2050 1988
f 1954 2041 1967
f 1935 1650 1549
f 2114 2019 2360
f 1955 2044 2042
f 1944 2055 3206
f 1989 2048 1957
f 1968 2039 1971
f 2030 2071 2004
f 1945 1974 2058
f 1933 2003 2062
f 2001 2072 2063
f 1934 2065 1647
f 2027 2076 2070
f 3208 2059 2083
f 2028 2021 2079
f 2043 2091 2040
f 2117 2080 2022
f 2087 2045 2031
f 1969 2105 2099
f 2037 2106 1970
f 2066 2108 1649
f 2060 2130 2123
f 2068 2129 2064
f 1972 2097 2057
f 2056 2095 2435
f 2067 3357 2125
f 2038 2093 2102
f 2088 2137 2046
f 2430 2047 2134
f 2090 2049 2432
f 2051 2135 2131
f 2952 2140 2147
f 2148 2139 2086
f 2121 2107 2061
f 2069 2077 3355
f 3354 2073 3350
f 2116 1982 2074
f 2075 2482 3353
f 2119 2153 2109
f 2078 1984 2483
f 1646 2111 3257
f 2150 2157 2110
f 2916 2175 2161
f 2176 2189 2164
f 2163 2188 1630
f 2181 2203 2169
f 2473 2205 2183
f 2151 2215 2160
f 2155 2173 2218
f 2112 2156 3259
f 1986 2469 2479
f 2192 2464 1985
f 1776 2199 2937
f 2935 2196 2443
f 2168 2206 2217
f 2448 2237 2177
f 2444 2226 2223
f 2446 2451 2239
f 2441 2201 2232
f 2210 2229 2453
f 2178 2235 2187
f 2211 2220 2228
f 1631 2248 1655
f 1632 2186 2246
f 2159 2267 3256
f 2478 2463 2257
f 2158 2216 2265
f 2454 2225 2241
f 2195 2252 2467
f 2476 2256 2472
f 2470 2255 2207
f 2200 2259 2233
f 2238 2283 2185
f 2227 2291 2234
f 3255 2268 2270
f 3297 2253 2191
f 1653 2244 1662
f 2204 2280 2219
f 2261 2303 2231
f 2202 2297 2279
f 2254 2294 2208
f 2230 2302 2292
f 2212 2305 2269
f 2190 2282 2245
f 2236 2322 2285
f 2213 2314 2304
f 2330 2310 2313
f 3299 2346 2251
f 2281 1707 2243
f 2214 2277 2318
f 2249 1722 1657
f 2250 2349 2296
f 2247 1699 1724
f 2300 3363 2288
f 2240 2327 2325
f 2286 2324 2336
f 1718 2348 3301
f 2290 2329 2242
f 2284 2335 1700
f 1705 2339 2343
f 1734 2298 2260
f 2266 2306 2271
f 2287 3371 2328
f 2289 3367 3370
f 1717 1745 2347
f 2331 1727 2308
f 1733 2262 1825
f 2368 2375 2365
f 2397 2401 2394
f 2209 2450 2221
f 2508 2502 2512
f 3056 2540 3041
f 3035 2532 3050
f 2406 2399 2533
f 2588 2615 3059
f 2560 2584 2555
f 3058 2616 2537
f 3277 2598 2543
f 2548 2595 2574
f 1685 2605 1569
f 1684 2550 2606
f 2536 2612 2573
f 2589 2624 2619
f 3091 2582 2557
f 2398 2393 2529
f 2530 2392 2649
f 3143 2622 2587
f 2552 2580 2601
f 3094 2642 2581
f 2577 2599 2627
f 2628 2651 2634
f 3100 2641 3093
f 3136 3142 3147
f 3084 2636 3099
f 2539 2618 2608
f 2631 2655 3140
f 3141 2656 3146
f 2600 2652 2625
f 3267 2654 2597
f 3087 2648 2662
f 3086 2660 3082
f 2620 2683 2614
f 2388 2664 2395
f 2396 2663 2650
f 3083 2665 2639
f 2585 2712 2604
f 3145 2657 2671
f 2607 2674 2570
f 2583 2643 2686
f 2617 2679 2609
f 3144 2668 2623
f 2586 2685 2710
f 2569 2673 2691
f 3268 2697 2658
f 2603 2706 1572
f 2653 2701 2666
f 2621 2667 2678
f 2635 2742 2687
f 2688 2737 2713
f 2681 3112 2610
f 2602 2709 2702
f 2613 3111 2718
f 2659 2731 2640
f 2638 2751 2740
f 2611 2715 2675
f 1567 2703 1581
f 2637 2734 2749
f 3337 2680 3345
f 2387 2733 2661
f 2684 2669 3346
f 2682 3336 3110
f 3270 2725 2696
f 2711 3127 2707
f 2670 2746 3347
f 2672 2698 2743
f 2677 2753 2694
f 2739 3133 2708
f 2389 2379 2732
f 2676 2719 2752
f 2745 2695 2760
f 2700 3344 2759
f 2728 3341 2699
f 2767 2721 2761
f 2384 2772 2736
f 2748 2735 2778
f 2717 2766 2782
f 2381 2377 2773
f 2720 2783 2756
f 2705 2795 1582
f 2802 3131 2780
f 3119 3339 2726
f 2704 3126 2797
f 2768 2877 2784
f 2800 2811 3134
f 3103 2819 2788
f 2770 2789 2881
f 3129 2808 2798
f 3115 2816 3101
f 2724 2847 3114
f 2823 3123 2805
f 1585 2794 1600
f 2833 2854 3125
f 2827 2852 2836
f 2774 2372 2830
f 2376 2373 2775
f 2723 3273 2844
f 2754 2843 2693
f 2689 2840 3170
f 2803 3121 2807
f 2828 2371 2853
f 3120 2845 2814
f 2791 2815 2878
f 2755 2786 2841
f 2792 2859 1598
f 3122 2849 2813
f 2787 2883 2842
f 2812 2861 2793
f 2846 2870 2821
f 2785 2875 2882
f 2850 2888 2806
f 2848 3272 2873
f 2796 2862 2856
f 2809 2922 2865
f 3171 2898 3214
f 2838 2896 3169
f 2839 2887 2895
f 2855 2904 2890
f 2810 2889 2921
f 2910 2871 3271
f 1603 2165 1629
f 2858 2167 1602
f 2886 2874 3064
f 2863 2166 2857
f 3081 2885 3061
f 2367 2907 2369
f 2370 2908 2851
f 2864 2913 2162
f 2860 2924 2914
f 3071 3060 2876
f 2818 2925 2880
f 2879 2927 3072
f 2052 2436 2420
f 2817 3068 2926
f 2413 2872 2911
f 2363 2933 2906
f 2822 3155 3066
f 2893 3334 2923
f 2053 2949 2081
f 2868 3156 2820
f 3077 2900 2884
f 1772 2934 2362
f 2892 3332 3335
f 2938 2901 3076
f 2903 3330 2891
f 2866 3149 3159
f 2905 2936 3329
f 2421 2968 2415
f 3151 2867 3318
f 2054 2414 2945
f 2412 3319 2869
f 3213 2894 1674
f 2941 2959 2899
f 2417 2970 2950
f 2973 2963 2940
f 2972 2977 2961
f 2426 2969 2422
f 3321 2408 3314
f 2084 2943 2980
f 3326 2990 2425
f 3327 2953 2988
f 2976 3304 2964
f 2354 3313 2407
f 3315 2998 3307
f 2143 2987 2955
f 2966 3005 2944
f 2897 2958 3007
f 2427 2989 3027
f 2355 2999 3316
f 2149 3016 2992
f 2948 3019 2985
f 2902 3011 1673
f 2965 3025 3014
f 2967 3029 3006
f 2428 3032 2971
f 3305 2995 3033
f 3306 3034 2962
f 2960 3038 3024
f 3001 3043 2946
f 3012 2554 1672
f 2352 2400 2996
f 2947 3042 3018
f 1670 2553 1683
f 3037 3051 3022
f 3030 3046 3002
f 3015 3282 2991
f 3010 2558 2551
f 3000 2528 3036
f 3003 3047 3362
f 3004 3360 3040
f 3283 2544 2993
f 3021 2542 2986
f 3013 2565 2561
f 3020 3039 2538
f 2994 2549 3031
f 3009 3162 2562
f 3026 3161 3008
f 2405 2527 2997
f 2981 2541 2572
f 3028 2547 3049
f 3023 3052 3160
f 3148 2593 3137
f 3320 3080 3153
f 3075 3063 3152
f 3154 3074 3157
f 3062 3070 3150
f 3158 3069 3065
f 3067 3073 2928
f 3089 3095 2647
f 2556 2564 2646
f 2645 2563 2531
f 2566 3163 2534
f 3164 3053 2535
f 3092 2559 2644
f 3221 3195 3190
f 1739 3199 3219
f 3215 1608 3172
f 3212 3204 1868
f 3210 3179 3203
f 3211 3230 3176
f 3194 1869 3205
f 1554 3167 1607
f 2085 3234 3209
f 3233 3224 3175
f 3202 3191 3200
f 2983 3232 2082
f 3237 3227 3231
f 3201 3173 3193
f 3246 3184 1635
f 3242 1637 1640
f 3258 3245 1641
f 3240 3247 3228
f 2982 3239 3229
f 3254 1642 1648
f 2568 3238 2984
f 3217 3189 3186
f 3263 3250 3236
f 3222 3187 3243
f 2273 3241 3253
f 2272 3220 3244
f 2571 3260 3235
f 2692 3261 2567
f 1740 3218 2275
f 3192 3178 3181
f 3168 3251 3262
f 3166 1551 3249
f 3165 3264 2690
f 3276 3269 2596
f 3017 2144 3278
f 2089 2032 2146
f 1716 3300 3292
f 2092 2431 2103
f 2757 3105 2744
f 2747 3106 3349
f 3348 3109 3338
f 2278 2295 2316
f 3177 3226 1577
f 3185 1559 1610
f 3183 1611 1669
f 3174 1575 1557
f 3223 3248 1566
f 3225 1564 1578
f 3180 1555 3182
f 3252 1553 1563
f 3188 1666 1636
f 3377 1870 1827
f 3380 3376 1828
f 3374 2359 1872
f 3382 1824 2263
f 3379 2115 2361
f 3388 2264 2197
f 3390 3381 2258
f 3399 2113 3378
f 3398 1983 2118
f 3392 2198 1775
f 3401 2194 1981
f 3403 3391 1774
f 3408 1773 2366
f 3402 3302 2193
f 2374 3405 2364
f 3411 3303 3400
f 3413 3290 3298
f 3418 3405 2374
f 2380 3419 2378
f 3415 3288 3291
f 3428 3421 2383
f 2386 3429 2382
f 3431 3289 3414
f 2390 3427 2385
f 2012 3284 3435
f 2404 3442 3425
f 2403 3423 2391
f 2034 2013 3437
f 2353 3441 2402
f 2145 2033 3438
f 2141 3430 3451
f 2409 3440 2351
f 2411 3452 3443
f 2909 3454 2410
f 3274 3458 2912
f 3281 2142 3448
f 3279 3449 3461
f 2729 3455 3275
f 3265 3280 3462
f 2727 3463 3457
f 2730 3266 3464
f 3466 3450 3468
f 3396 3475 3482
f 3465 3472 3488
f 3412 3395 3484
f 3410 3479 3495
f 3456 3490 3640
f 3453 3467 3485
f 3432 3409 3497
f 3436 3496 3504
f 3459 3641 3510
f 3439 3460 3509
f 3444 3507 3515
f 3433 3500 3520
f 3447 3434 3522
f 3446 3518 3471
f 3597 3529 3682
f 3694 3565 3719
f 3534 3564 3695
f 3588 3553 3560
f 3709 3577 3486
f 3586 3506 3555
f 3563 3493 3716
f 3651 3491 3469
f 3581 3609 3543
f 3568 3615 3576
f 3611 3603 3548
f 3596 3628 3530
f 3623 3562 3532
f 3598 3612 3578
f 3630 3617 3571
f 3531 3626 3622
f 3573 3643 3487
f 3539 3664 3566
f 3526 3519 3502
f 3648 3625 3592
f 3663 3631 3569
f 3545 3652 3524
f 3572 3616 3644
f 3655 3517 3527
f 3605 3656 3549
f 3619 3498 3561
f 3636 3665 3541
f 3591 3512 3508
f 3627 3671 3618
f 3675 3681 5292
f 3632 3686 3613
f 5294 3691 3701
f 3684 3692 5289
f 3620 3501 3492
f 3703 3666 3638
f 3685 3639 3614
f 3608 3711 3604
f 3698 3715 3725
f 3600 3732 3610
f 3654 3470 3521
f 3650 3736 3629
f 3606 3712 3653
f 3717 3483 3724
f 3659 3730 3601
f 3728 3710 3607
f 3690 3718 3696
f 3634 3556 3687
f 3624 3733 3670
f 3674 3499 3621
f 3667 3551 3633
f 3735 3523 3672
f 3540 3731 3661
f 3689 3505 3642
f 3673 3528 3503
f 3706 3750 3668
f 3579 3547 3646
f 3647 3546 3734
f 3669 3751 3552
f 3535 3567 3726
f 3550 3511 3688
f 3683 3533 3693
f 3570 3575 3729
f 3544 3525 3737
f 3720 3494 3481
f 3714 3489 3657
f 3727 3574 3713
f 3557 3554 3749
f 3756 3708 3803
f 3760 3584 3797
f 3800 3583 3645
f 3742 3704 3753
f 3776 3580 3761
f 3773 3599 3582
f 3772 3658 3602
f 3782 3662 3771
f 3764 3678 3677
f 3785 3679 3770
f 3795 3538 3781
f 3779 3537 3660
f 3788 3593 3680
f 3801 3594 3789
f 3807 3536 3794
f 3808 3635 3542
f 3809 3707 3637
f 3798 3649 3595
f 3864 3843 4033
f 3849 4025 3854
f 3870 3872 3976
f 3852 3757 4026
f 3838 3786 4004
f 3879 3896 3817
f 3863 3758 3844
f 3818 3904 3840
f 3825 3921 3831
f 3878 3923 3826
f 3891 3909 3814
f 3834 3914 3780
f 3811 3936 3862
f 3897 3937 3824
f 3867 3952 3877
f 3919 3792 3784
f 3925 3916 3827
f 3929 3908 3890
f 3893 3944 3866
f 3947 3951 3871
f 3932 3775 3861
f 3822 3954 3903
f 3940 3956 3819
f 3859 3777 3762
f 3839 3906 3790
f 3949 3970 3875
f 3874 3968 3922
f 3974 3927 3885
f 3793 3915 3805
f 3911 3933 3812
f 3986 3993 3996
f 3905 3799 3791
f 3994 4003 4021
f 3948 4017 3953
f 4008 3939 3900
f 3924 3967 3918
f 4005 3763 4022
f 3971 4029 3917
f 4014 3969 3950
f 4030 3804 3920
f 3955 3841 3902
f 3912 3832 3935
f 4010 3815 3938
f 3941 4034 3958
f 3845 3802 3907
f 3810 4035 3942
f 3934 3778 3774
f 3833 3783 3931
f 4031 3842 3957
f 3963 4018 3945
f 3973 3876 3930
f 3846 3759 3796
f 3926 3828 3910
f 4006 3787 3765
f 3873 3829 3928
f 3992 3837 4002
f 4015 3856 3965
f 3806 4027 3752
f 3989 3823 3990
f 3830 3835 3913
f 4007 3888 3813
f 3816 3860 4032
f 3853 4028 3966
f 4037 4016 3962
f 3881 3821 3988
f 4038 3855 4013
f 3820 3836 3991
f 4048 4012 4103
f 4047 3886 4009
f 4056 3887 4046
f 4057 3975 3889
f 4069 3984 5598
f 5600 3983 3980
f 4077 3972 4058
f 4084 3865 4079
f 4075 3869 3977
f 4068 3883 3985
f 4219 3882 4072
f 4081 3895 3868
f 4090 3880 4221
f 4094 3892 4082
f 4086 3899 3884
f 4092 3943 3894
f 4100 3901 4088
f 4066 3959 4096
f 4097 3961 3946
f 4101 4011 3898
f 4128 4108 4331
f 4112 4133 4055
f 4149 4158 4163
f 4143 4134 4110
f 4131 4074 4054
f 4210 4266 4140
f 4162 4216 4124
f 4196 4217 4073
f 4107 4064 4312
f 4144 4222 4135
f 4310 4065 4095
f 4150 4230 4159
f 4189 4237 4172
f 4121 4240 4198
f 4215 4241 4125
f 4250 4109 4130
f 4231 4214 4157
f 4251 4063 4106
f 4171 4235 4185
f 4199 4243 4218
f 4184 4051 4102
f 4265 4147 4138
f 4253 4188 4115
f 4236 4050 4182
f 4227 4076 4132
f 4261 4271 4146
f 4152 4283 4229
f 4187 4278 4238
f 4270 4228 4145
f 4245 4087 4220
f 4252 4136 4190
f 4212 4293 4244
f 4234 4291 4213
f 4274 4045 4239
f 4139 4301 4191
f 4303 4284 4151
f 4226 4083 4078
f 4242 4296 4085
f 4268 4309 4225
f 4193 4299 4275
f 4276 4053 4049
f 4311 4091 4224
f 4289 4332 4259
f 4093 4080 4223
f 4330 4272 4260
f 4320 4122 4324
f 4315 4168 4348
f 4298 4111 4277
f 4164 4161 4347
f 4346 4160 4322
f 4211 4137 4257
f 4279 4181 4232
f 4156 4123 4323
f 4295 4098 4089
f 4325 4070 4337
f 4335 4104 4269
f 4233 4180 4292
f 4340 4071 5601
f 4113 4052 4273
f 4141 4142 4300
f 4116 4194 4306
f 4304 4195 4280
f 4120 4200 4327
f 4267 4105 4313
f 4294 4183 4099
f 4148 4114 4297
f 4192 4169 4282
f 4197 4067 4326
f 4290 4204 4333
f 4175 4203 4287
f 4281 4170 4186
f 4205 4129 4334
f 4404 4167 4314
f 4472 4263 4734
f 4473 4285 4264
f 4564 4173 4286
f 4366 4117 4307
f 4364 4354 4438
f 4369 4308 4359
f 4353 4363 4343
f 4365 4377 4344
f 4368 4373 4118
f 4341 4380 4316
f 5664 4385 4389
f 4376 4403 4317
f 4386 4394 4390
f 4412 4166 4400
f 4165 4413 4153
f 4398 4425 4411
f 4408 4422 4421
f 4428 4154 4415
f 4423 4436 4418
f 4417 4435 4351
f 4427 4302 4155
f 4356 4305 4432
f 4738 4482 4716
f 4462 4484 4735
f 4445 4508 4442
f 4498 4449 4627
f 4530 4539 4704
f 4510 4544 4676
f 4712 4481 4355
f 4705 4541 4468
f 4575 4558 4459
f 4550 4570 4489
f 4479 4579 4523
f 4491 4569 4476
f 4450 4416 4401
f 4538 4584 4464
f 4358 4485 4367
f 4507 4590 4751
f 4587 4453 4467
f 4470 4596 4561
f 4750 4597 4469
f 4559 4483 4461
f 4600 4573 4519
f 4566 4580 4477
f 4497 4614 4444
f 4655 4613 4503
f 4532 4610 4537
f 4582 4514 4525
f 4612 4622 4447
f 4609 4666 4542
f 4635 4608 4528
f 4552 4638 4568
f 4448 4618 4505
f 4604 4644 4576
f 4543 4509 4657
f 4663 4589 4540
f 4619 4595 4506
f 4572 4645 4557
f 4671 4621 4616
f 4551 4624 4639
f 4643 4578 4567
f 4648 4679 4556
f 4414 4452 4429
f 4370 4487 4375
f 4670 4594 4620
f 5827 4591 4668
f 4577 4683 4511
f 5972 4702 4709
f 4691 4593 5829
f 4696 4703 5975
f 4563 4592 4690
f 4585 4717 4455
f 4555 4719 4488
f 4678 4718 4560
f 4700 4725 4711
f 4601 4492 4650
f 4659 4680 4733
f 4513 4682 4661
f 4662 4736 4586
f 4451 4713 4430
f 4605 4457 4665
f 4739 4715 4588
f 4641 4752 4583
f 4490 4480 4649
f 4458 4737 4664
f 4629 4440 4642
f 4486 4721 4374
f 4749 4685 4581
f 4632 4518 4607
f 4756 4515 4634
f 4571 4460 4606
f 4701 4465 4724
f 4441 4754 4640
f 4378 4741 4405
f 4681 4471 4730
f 4521 4574 4611
f 4431 4714 4357
f 4726 4466 4743
f 4463 4454 4740
f 4748 4475 4684
f 4744 4456 4402
f 4443 4504 4753
f 4478 4527 4646
f 4647 4524 4675
f 4625 4446 4439
f 4536 4706 4698
f 4677 4545 4723
f 4526 4512 4674
f 4520 4953 4599
f 4770 4529 4697
f 4956 4759 4602
f 4763 4779 4603
f 4598 4783 4494
f 4913 4500 4630
f 4780 4786 4495
f 4792 4553 4493
f 4807 4812 4814
f 4817 4809 4822
f 4768 4805 4535
f 4827 4836 4839
f 4843 4840 4835
f 4849 4851 4863
f 4864 4853 4867
f 4912 4847 4502
f 4910 4878 4885
f 4884 4876 4872
f 5970 4888 4695
f 4785 4896 4554
f 4549 4897 4631
f 4889 4903 4694
f 4900 4911 4628
f 4626 4907 4883
f 4799 4909 4898
f 4904 4842 4693
f 4882 4914 4623
f 4692 4844 4832
f 4776 4845 4901
f 4833 4766 4699
f 4850 4859 4499
f 4806 4815 4533
f 4861 4925 4501
f 4816 4920 4531
f 4496 4924 4653
f 4534 4919 4636
f 4922 4929 4637
f 4923 4937 4656
f 4633 4932 4755
f 4931 4941 4758
f 4757 4940 4516
f 4942 4952 4517
f 4522 4948 4955
f 4949 4764 4954
f 4959 4774 4902
f 4970 6269 4936
f 4971 4939 4926
f 4977 4905 4890
f 4982 4958 4906
f 6646 4976 4893
f 4967 4865 4987
f 4969 4927 4860
f 4993 4968 4988
f 6549 6645 4892
f 4998 4986 4857
f 4980 6649 6636
f 4997 4862 4793
f 5000 4981 6634
f 5018 4999 4796
f 4990 5007 4973
f 6420 5027 5032
f 5028 5039 5037
f 5040 5054 5048
f 5055 5097 5046
f 6374 6367 4762
f 6371 5076 4778
f 5015 4797 4804
f 5019 4964 5010
f 5024 5011 5017
f 5022 5013 4802
f 5025 4803 4899
f 5064 5026 4894
f 5061 4895 4791
f 6353 5059 4790
f 6350 6352 4789
f 6342 5058 6356
f 6419 5057 6341
f 5067 6349 4788
f 5074 4784 4782
f 5078 5070 4787
f 5033 5056 6418
f 6370 4781 4760
f 5050 5035 5042
f 5083 4761 4950
f 6373 4765 5080
f 6385 5082 4947
f 6394 6386 4946
f 6392 4951 4944
f 5088 5049 5100
f 5086 5095 6406
f 5087 4945 4933
f 5090 6388 4943
f 5089 6409 6390
f 5108 5091 4928
f 5104 4930 4918
f 5103 4921 4818
f 4963 5102 4819
f 4957 4821 4772
f 3308 2978 3310
f 2979 2974 3317
f 2975 2939 3311
f 2942 3079 3309
f 3312 3078 3322
f 2429 2423 3324
f 2424 2418 3323
f 3325 2416 2954
f 2957 2100 2136
f 2438 2096 2956
f 2138 2098 2133
f 2132 2094 2433
f 2101 2104 2434
f 2419 2437 2951
f 2452 2449 2222
f 2224 2447 2442
f 2445 2179 2439
f 2440 2180 2930
f 2929 2919 3328
f 2915 2918 2931
f 3331 2920 3333
f 2174 2917 2932
f 3085 3097 3088
f 3098 3096 3090
f 3104 2764 3113
f 2790 2765 3102
f 2716 3107 3343
f 3342 3108 2758
f 2769 2762 3118
f 3117 2722 3340
f 2763 2714 3116
f 1953 1946 1993
f 1950 1932 1996
f 1994 1931 2008
f 1930 1918 2010
f 1915 2457 1879
f 2006 2460 1916
f 1923 2461 2007
f 2471 2182 2477
f 2475 2171 2468
f 2184 2172 2474
f 2170 2154 2465
f 2466 2124 2481
f 2484 2126 3351
f 2120 2127 2480
f 2152 2122 2462
f 2128 3356 3352
f 3124 2825 2835
f 2837 2799 2826
f 2824 2804 2834
f 3132 2741 2771
f 2801 2781 2829
f 2777 2738 2750
f 2831 3128 2776
f 2779 3130 2832
f 3135 2594 3138
f 3139 2592 2632
f 2633 2591 2626
f 3055 3045 2578
f 2576 3361 2545
f 3044 3359 2579
f 2629 3057 2575
f 2546 3358 3048
f 2590 3054 2630
f 2485 1926 1960
f 1958 1907 1978
f 1924 1909 1956
f 2493 1858 1901
f 1910 2498 1979
f 1897 1856 1876
f 1976 2494 1905
f 2495 2490 1900
f 1750 1728 2500
f 2499 1726 1766
f 1768 1732 1763
f 2332 2315 1747
f 1746 2317 2345
f 1760 2333 1744
f 2350 2312 2293
f 1731 2334 1759
f 2504 2522 2510
f 2525 2518 2511
f 2515 2519 1787
f 2342 2338 1712
f 1709 2320 3364
f 2337 2323 1711
f 3365 2321 3369
f 1782 2340 1714
f 2319 2326 3368
f 2517 2344 1785
f 3389 5277 5112
f 3385 3393 5109
f 3383 5111 5114
f 3426 3445 3513
f 3375 3384 5113
f 3424 3516 5125
f 3416 3422 5123
f 3417 5120 5128
f 3372 5118 5135
f 3394 3373 5134
f 3407 5130 5139
f 3406 3420 5126
f 3397 5133 3474
f 3386 5143 5281
f 3387 3404 5142
f 5195 5173 5319
f 5172 5115 5278
f 5280 5116 5110
f 5215 5155 5149
f 5179 5203 3590
f 5159 5193 5321
f 3480 3478 3721
f 5153 5185 5147
f 5223 5178 5165
f 5199 5121 3589
f 5205 5222 5167
f 3587 5122 3514
f 5228 5152 5218
f 5151 5232 5187
f 5196 5239 5171
f 5221 5198 5180
f 5230 5241 5157
f 5163 5256 5197
f 5234 5140 5186
f 5237 5119 5170
f 5253 5236 5194
f 5244 5264 5156
f 5154 5263 5235
f 5191 5265 5162
f 5208 5271 5219
f 5260 5279 5231
f 5224 5287 5200
f 5268 5252 5160
f 5233 5276 5144
f 5246 5267 5189
f 3743 3745 3705
f 5286 5131 5201
f 5202 5129 5124
f 5274 5283 5220
f 5255 5138 5238
f 5137 5117 5240
f 5210 5146 5272
f 5305 5316 5227
f 3746 5175 3558
f 5225 5320 5242
f 5273 5182 5284
f 5270 5308 5257
f 3738 5166 3748
f 5298 5150 5212
f 5306 3473 5254
f 5243 5317 5262
f 5168 5176 3747
f 5258 3476 5136
f 5315 5174 5261
f 5177 3585 3559
f 5293 3699 5249
f 5251 3702 5269
f 5181 5132 5285
f 5145 5183 5275
f 5266 3697 5307
f 5169 5282 5259
f 5192 5161 5300
f 5216 5148 5297
f 3700 3722 5309
f 5184 5141 5127
f 5312 5207 3744
f 5303 5158 5318
f 5310 3723 3477
f 5204 5164 3739
f 5329 5217 5326
f 5330 5226 5214
f 5340 3741 3755
f 5343 5302 5334
f 5327 5301 5229
f 5339 5311 3740
f 5347 5190 5304
f 5353 5313 5341
f 5354 5209 5314
f 5359 5245 5348
f 5346 5250 5188
f 5365 5206 5351
f 5367 5247 5357
f 5370 5291 5248
f 5364 5299 5211
f 5324 5296 5362
f 3676 5288 3766
f 3767 5290 5368
f 5323 5213 5295
f 5536 5416 5426
f 5378 5420 5532
f 5427 5435 5492
f 4044 5449 5379
f 5389 5447 4040
f 5437 5408 5493
f 5400 5383 5396
f 5421 5335 5425
f 5414 5478 5372
f 5470 5464 5441
f 5463 5471 5444
f 5410 5480 5412
f 5436 5485 5407
f 5483 5342 5376
f 5440 5476 5404
f 5448 5422 5381
f 5484 5481 5409
f 5402 5499 5384
f 5474 5498 5401
f 5418 5349 5336
f 5505 5433 5429
f 5500 5331 5385
f 5386 5332 5322
f 5479 5358 5344
f 5391 5512 5446
f 5489 5518 5482
f 5434 5539 5487
f 5450 5510 5417
f 5458 5525 5475
f 5516 5355 5477
f 5511 5352 5419
f 4041 5535 3858
f 5538 5543 5486
f 5531 3847 3857
f 5526 5442 5453
f 5506 5541 5432
f 5521 5371 5473
f 5472 5373 5497
f 5452 5438 5390
f 5546 5515 5488
f 5491 5406 5462
f 5443 5399 5392
f 5514 5366 5356
f 5374 5328 5496
f 5550 4036 3964
f 5411 5524 5465
f 5394 5395 5513
f 4039 5380 5533
f 5507 5361 5350
f 5398 5382 5508
f 5528 5467 5445
f 5503 3982 5542
f 5405 5415 5523
f 5413 5377 5522
f 5534 5424 3848
f 5537 3997 5545
f 5388 5360 5509
f 5439 5403 5397
f 3850 5337 3754
f 5423 5338 3851
f 4000 4023 5544
f 5375 5345 5333
f 5547 4019 5517
f 3987 3998 3978
f 3979 4001 5540
f 5387 5325 5363
f 5552 5454 4042
f 5519 3768 5369
f 4024 3769 5520
f 5455 5393 4043
f 4020 3999 3995
f 5553 5466 5527
f 5566 5468 5554
f 5563 5460 5469
f 5569 5461 5564
f 5572 5494 5459
f 5579 5490 5571
f 4060 5551 3960
f 5582 5549 4059
f 5573 5431 5495
f 5588 5430 5577
f 5591 5456 5581
f 5584 5451 5548
f 5589 5501 5428
f 5596 5502 5586
f 5558 5529 5594
f 5593 5530 5457
f 5597 3981 5504
f 4061 5628 5580
f 5634 5635 5744
f 5659 5667 5604
f 5618 4336 5777
f 5610 5669 5631
f 4321 5780 4342
f 5645 5680 5786
f 4410 5688 5655
f 4419 5687 4409
f 5654 5692 5644
f 5638 5557 5743
f 5611 5675 5646
f 4319 5619 5782
f 5701 5613 5791
f 4329 5621 4318
f 4338 5602 5772
f 5570 5678 5576
f 5673 5707 5647
f 5695 5681 5642
f 4328 4339 5620
f 5650 5706 5627
f 5703 5714 5616
f 5625 5710 5585
f 5715 5674 5615
f 5690 5697 5656
f 5693 5578 5679
f 5556 5636 5565
f 5671 5725 5630
f 4393 5721 5660
f 5661 5723 5668
f 5605 5727 5670
f 5666 5733 5607
f 5683 5737 5694
f 5730 5637 5633
f 5711 5592 5583
f 5718 5738 5676
f 5672 5739 5705
f 5731 5560 5639
f 5746 5753 5700
f 4349 5685 4420
f 5755 5716 5704
f 4174 5764 4202
f 4391 5652 5720
f 5719 5732 5665
f 5736 5776 5696
f 4201 5763 4127
f 5691 5774 5574
f 4352 5778 5689
f 5760 4249 4126
f 5751 5603 5713
f 5775 5587 5575
f 5606 5768 5717
f 5722 5640 5726
f 5770 5740 5712
f 5759 5789 4176
f 5784 5567 5729
f 5787 5762 4177
f 5641 5783 5728
f 5779 5623 5686
f 4407 5653 4392
f 5741 5559 5708
f 5684 5617 5735
f 5648 4246 5766
f 5622 5773 5734
f 5657 5643 5724
f 4247 5624 4062
f 5767 5629 5742
f 5614 5649 5761
f 5709 5555 5595
f 5590 5771 5599
f 5785 5682 5561
f 5790 5612 5765
f 5562 5677 5568
f 5658 5609 5754
f 4345 5781 4350
f 5608 5632 5769
f 5651 5626 4248
f 4395 4406 4388
f 5807 5788 5756
f 4562 4288 4474
f 5804 5799 5749
f 5797 5662 5750
f 4381 5663 5795
f 4688 4178 4565
f 4179 4687 5758
f 4119 4371 4254
f 4686 5806 5757
f 4372 4720 4255
f 5809 5813 5792
f 4722 4548 4256
f 4258 4547 4206
f 5793 5816 5702
f 4660 4207 4546
f 5815 5822 5698
f 4731 4208 4658
f 4209 4732 4262
f 5821 5745 5699
f 5800 5747 5819
f 5748 5801 5752
f 5966 5909 5892
f 5876 4399 4387
f 5900 5802 6011
f 5895 5927 5828
f 5912 4361 4434
f 5879 5940 6044
f 6046 5939 5831
f 5902 5794 5805
f 5936 5941 5834
f 5847 5949 5840
f 5908 5954 5843
f 5921 5959 5868
f 5857 5974 5861
f 5839 5947 5872
f 5826 5929 5811
f 5961 5916 5869
f 5830 5945 5899
f 5976 4707 5860
f 5946 5981 5903
f 5841 5958 5897
f 5977 5798 5904
f 5865 4708 5919
f 5951 5986 5875
f 5955 5925 5896
f 5993 5849 5931
f 5984 4397 5873
f 5969 6040 5905
f 5814 5930 5820
f 5910 6037 5957
f 4396 5983 4426
f 4710 4729 5923
f 6034 6008 5956
f 4727 5960 5920
f 5943 6018 5979
f 4384 5796 5980
f 4746 5963 4728
f 6004 5985 5952
f 6024 6027 4651
f 5848 5998 5950
f 6045 6036 5911
f 4362 4745 4379
f 4652 6031 4615
f 5962 4742 5915
f 5913 4747 4360
f 5953 6013 5926
f 6001 6007 5948
f 6032 4669 4617
f 6016 4383 5978
f 6010 5818 5928
f 5938 6051 5944
f 5835 6033 6043
f 4689 5824 5808
f 5884 6052 5937
f 5995 5999 5846
f 6047 6019 5942
f 5988 4433 4424
f 6020 5893 6029
f 6006 5914 5982
f 6030 5844 4673
f 6000 5866 6003
f 5874 4382 6017
f 5917 4437 5987
f 5842 5898 4672
f 5886 5836 6048
f 5833 6014 6035
f 5870 5918 6005
f 6054 5850 5887
f 5894 5823 4667
f 5810 5825 5812
f 5924 5867 5997
f 5989 5858 5996
f 5838 5871 6050
f 6049 5877 6015
f 5851 5837 5878
f 5832 5901 6009
f 5889 5906 6028
f 6012 5803 5817
f 5863 5922 6002
f 5935 5852 6057
f 5907 5845 6026
f 6058 5880 6039
f 6069 6077 5881
f 5883 6089 6056
f 6097 6098 6090
f 6088 6102 6053
f 6055 6103 5934
f 6104 6118 5933
f 6086 6107 6095
f 6093 6109 6112
f 6079 6087 5882
f 6125 6063 6130
f 6074 6126 6065
f 4654 4934 6022
f 5932 6119 5992
f 6115 6132 5990
f 4938 6138 6023
f 6139 6148 6025
f 5994 6135 6154
f 6021 6141 5888
f 5991 6156 5859
f 6149 6160 5890
f 6155 6166 5862
f 5891 6159 5964
f 6164 5853 5864
f 6165 6167 5854
f 6161 6175 5968
f 6177 6181 5965
f 6169 6186 5855
f 5967 6179 6041
f 6174 6188 6178
f 5856 6183 5973
f 6180 6192 6042
f 6187 4887 5971
f 6038 6195 6062
f 6194 6199 6059
f 6200 6068 6060
f 6061 6066 5885
f 6201 6070 6064
f 6449 6176 6158
f 6221 6546 4891
f 6450 6157 6147
f 6605 5002 6633
f 6457 6143 6230
f 6182 6223 4886
f 6237 6224 6185
f 6462 6231 6145
f 6468 6461 6146
f 6238 6184 6171
f 6557 6168 6162
f 6255 5004 6243
f 6559 6163 6153
f 6467 6144 6140
f 6564 6151 6578
f 6579 6150 6131
f 6268 6466 6137
f 6270 6250 6262
f 6271 6260 6485
f 6272 6483 6463
f 6273 6136 4935
f 6606 6242 5006
f 6244 6265 6256
f 6267 6278 6251
f 6567 6560 6152
f 6562 6232 6170
f 6507 6216 6213
f 6217 6501 6212
f 6496 6286 6211
f 6283 6246 6208
f 6285 6263 6245
f 6453 6446 6142
f 6447 6444 6173
f 6445 6326 6197
f 6587 6577 6134
f 6291 6257 6281
f 6116 6586 6133
f 6289 6280 6301
f 6295 6588 6117
f 6288 6299 6590
f 6292 6120 6099
f 6303 6100 6094
f 6304 6293 6101
f 6305 6092 6081
f 6307 6084 6075
f 6316 6309 6073
f 6319 6071 6202
f 6533 6525 6191
f 6315 6203 6198
f 6314 6196 6524
f 6320 6313 6526
f 6430 6531 6193
f 6209 6312 6322
f 6210 6323 6508
f 6329 6434 6190
f 6442 6189 6172
f 4908 4801 4874
f 6336 6332 6344
f 6354 6339 6343
f 6351 6347 6358
f 6355 6360 6338
f 6348 5068 6362
f 6366 5071 5075
f 5081 6378 6375
f 6391 6396 6387
f 6393 6405 6401
f 6398 6389 6399
f 6412 6408 5094
f 6410 6404 6407
f 5030 6421 6429
f 6416 5029 6428
f 6417 5044 5031
f 6346 6427 6422
f 6331 6423 6345
f 6534 6432 6537
f 6439 6436 6325
f 6460 6465 6474
f 6464 6484 6478
f 6473 6469 6477
f 6489 6482 6258
f 6486 6480 6481
f 6261 6282 6504
f 6503 6490 6259
f 6493 6214 6511
f 6495 6500 6215
f 6505 6284 6499
f 6324 6514 6512
f 6528 6523 6515
f 6530 6519 6321
f 6529 6535 6522
f 6527 6532 6540
f 6547 6218 6541
f 6551 6219 6236
f 6571 6563 6575
f 6569 6576 6585
f 6580 6592 6583
f 6591 6300 6596
f 6581 6589 6594
f 6601 6298 6276
f 6602 6593 6302
f 6277 6266 6626
f 6624 6603 6279
f 6618 6609 6614
f 6617 6241 6608
f 6239 6620 6623
f 6621 6264 6240
f 6630 6607 6637
f 6628 6615 6610
f 6641 6632 6635
f 6647 6644 6638
f 6548 6544 6643
f 6648 6550 6639
f 6659 6664 6808
f 4966 6809 6671
f 4975 6663 6814
f 6674 6253 6290
f 5021 6658 4965
f 5063 6652 6688
f 6682 6678 6294
f 5060 5036 6654
f 5023 6690 6656
f 6696 6683 6297
f 5020 5062 6687
f 6702 6252 6677
f 6705 6697 6296
f 6699 5005 6254
f 6708 6287 6306
f 6713 6679 6694
f 6717 6710 6698
f 6724 5003 6701
f 6734 6706 6310
f 6723 4978 5001
f 6732 6308 6318
f 6746 6731 6317
f 6753 4961 4979
f 6752 6727 6738
f 6751 4983 6726
f 6750 6737 6755
f 6762 4960 6747
f 6206 6744 6311
f 6769 6745 6205
f 5107 4962 6764
f 6774 5101 6759
f 6778 6767 6204
f 6248 6780 6207
f 6784 5106 6771
f 5093 5105 6787
f 6249 6799 6779
f 5047 5092 6790
f 5045 6789 6805
f 6275 6795 6247
f 4972 6798 6274
f 4974 6668 6797
f 5034 5051 6801
f 5038 6803 6650
f 5014 5008 6825
f 5009 6816 6828
f 6818 5012 4991
f 6823 6819 4984
f 6815 4992 4985
f 4994 6821 4989
f 4995 6826 6820
f 5016 6827 4996
f 6082 6127 6072
f 6083 6110 6128
f 6114 6122 6129
f 6085 6096 6111
f 6113 6105 6121
f 6091 6080 6106
f 6124 6078 6067
f 6108 6076 6123
f 4881 4873 4916
f 4870 4852 4917
f 4871 4875 4854
f 4855 4848 4915
f 4877 4866 4856
f 4868 4794 4858
f 4800 4795 4880
f 4879 4798 4869
f 4834 4831 4767
f 4828 4813 4771
f 4811 4808 4769
f 4837 4824 4829
f 4830 4825 4810
f 4823 4777 4820
f 4846 4775 4838
f 4841 4773 4826
f 6915 6335 7131
f 7132 6334 6340
f 6837 7135 6359
f 6357 7136 6337
f 5069 6833 6361
f 5065 6839 6831
f 5066 6363 6840
f 6841 6853 6846
f 6364 6851 6844
f 6850 6365 5073
f 6376 6868 6858
f 6368 6372 6857
f 5072 6855 6854
f 5077 6369 6856
f 6863 6377 6381
f 6886 6873 5084
f 6877 6864 6870
f 6872 6380 5085
f 6867 6379 6871
f 6894 6885 6383
f 6382 6884 5079
f 6395 6895 6384
f 6397 6403 6893
f 6402 6901 6896
f 6400 6411 6900
f 6413 5099 6902
f 6899 5098 6908
f 5096 5053 6906
f 5052 5043 6904
f 5041 6415 6905
f 6911 6424 6916
f 6414 6425 6907
f 6426 6333 6914
f 6431 6919 6538
f 6924 7008 6539
f 6433 6929 6923
f 6435 6440 6927
f 6930 6940 6935
f 6438 6941 6925
f 6937 6437 6327
f 6452 6956 6950
f 6448 6456 6947
f 6443 6451 6948
f 6328 6951 6939
f 6330 6441 6949
f 6971 6962 6228
f 6966 6955 6963
f 6961 6455 6227
f 6952 6454 6960
f 6459 7426 6226
f 7430 6969 6229
f 6978 7422 6470
f 6472 7425 6458
f 6471 6476 6973
f 6475 6985 6975
f 6479 6491 6984
f 6992 6998 6510
f 6997 6494 6513
f 6996 6498 6492
f 7001 6506 6497
f 6980 6488 6999
f 6994 6487 6502
f 6509 6518 6988
f 6990 6517 7010
f 7011 6516 6521
f 6536 7003 6520
f 6225 7455 6543
f 7456 7014 6542
f 6220 7023 7453
f 6222 6554 7024
f 6553 7030 7025
f 6552 7038 7028
f 7037 7466 7032
f 7035 6555 6233
f 6558 6566 7049
f 6561 7046 7044
f 6234 6556 7045
f 6235 7042 7034
f 7066 7060 6573
f 7064 7047 7057
f 7056 6565 6574
f 7052 6568 7058
f 6584 7070 6570
f 7073 7067 6572
f 6582 6595 7076
f 6597 7082 7077
f 6598 6600 7080
f 6622 7093 6604
f 6599 7090 7083
f 6619 7086 6625
f 6613 7088 6616
f 6611 7097 7089
f 6612 6629 7096
f 7015 6722 7098
f 7094 6627 7012
f 7016 6631 6642
f 6545 7017 6640
f 6813 7109 6669
f 7113 6667 6661
f 6817 6822 6824
f 6749 7119 6763
f 7117 7287 6760
f 6912 6918 6653
f 6917 6685 6651
f 6761 7283 6772
f 7284 7121 6773
f 7120 7128 6770
f 6775 7127 6788
f 7126 7292 6782
f 7293 7296 6783
f 6786 6891 6903
f 7294 6890 6791
f 6913 7130 6686
f 7137 7303 6691
f 6689 7304 6662
f 6897 6802 6785
f 6898 6910 6804
f 7308 7140 6660
f 6909 6655 6806
f 6834 7322 7343
f 6843 7323 6835
f 7347 7334 7146
f 7319 7331 7340
f 7335 7315 7143
f 7145 7314 7148
f 7151 7329 7157
f 7318 7324 7150
f 7156 6874 6883
f 7325 6875 7155
f 6920 6928 7162
f 6926 7371 7158
f 7163 7381 7169
f 7369 7382 7161
f 7383 7367 7167
f 7165 7366 7171
f 7174 7376 7182
f 7365 7374 7172
f 7179 6957 6972
f 7373 6958 7180
f 6995 6991 6768
f 6986 6743 6765
f 6672 7186 6800
f 7187 7419 6793
f 7009 7192 6987
f 7417 6976 6792
f 6794 6979 6983
f 6989 7191 6742
f 7190 7196 6741
f 6740 7195 6733
f 7194 7200 6728
f 6981 6776 6796
f 6982 6993 6777
f 7199 7206 6729
f 6730 7208 6707
f 7204 7214 6704
f 6709 7215 6692
f 7000 6766 6781
f 7218 7211 6693
f 7234 7198 7188
f 7207 7221 7216
f 7222 7202 7226
f 7193 7231 7203
f 7233 7227 7197
f 7007 7236 7189
f 7220 7205 7201
f 7454 7022 7242
f 7021 7440 7243
f 7240 7446 7248
f 7437 7449 7238
f 7450 7432 7249
f 7247 7431 7251
f 7252 7444 7257
f 7436 7443 7253
f 7256 7054 7065
f 7445 7053 7255
f 6681 7072 7084
f 7081 6676 6680
f 7079 7085 6673
f 7087 6700 6675
f 7091 6725 6703
f 7092 7095 6720
f 7111 6657 7141
f 7110 7142 7267
f 6748 6758 7116
f 7114 6756 7100
f 7286 7282 7122
f 7123 7272 7129
f 7124 7281 7273
f 7115 7277 7285
f 7125 7271 7288
f 7133 6830 7301
f 7305 7310 7138
f 7306 7298 7312
f 7134 7299 7307
f 7346 7337 6832
f 7144 7149 7342
f 6847 6849 7350
f 7351 6862 7353
f 6852 6861 7352
f 7354 6860 7359
f 6859 6866 7360
f 7361 6865 6880
f 7164 7385 6922
f 6921 7387 7002
f 7159 7396 7386
f 7168 7173 7395
f 7429 7177 6970
f 7160 7166 7394
f 6933 6942 7397
f 7400 6944 7402
f 6938 6945 7398
f 7404 6946 7408
f 6943 6953 7411
f 7410 6954 6968
f 7603 6719 7210
f 6716 6695 7209
f 7106 7840 7184
f 6670 7108 7185
f 7418 7413 6977
f 6974 7414 7428
f 7250 7259 7245
f 7244 7254 7459
f 7239 7460 7457
f 7241 7246 7461
f 7468 7036 7862
f 7867 7041 7474
f 7033 7043 7863
f 7471 7040 7479
f 7476 7048 7933
f 7039 7050 7475
f 7930 7051 7062
f 7484 6736 7018
f 6739 6721 7013
f 6684 6711 7075
f 7074 6712 7487
f 7300 6829 7892
f 7309 7266 7139
f 7311 7302 7886
f 7313 7885 7265
f 7152 7154 7497
f 7345 7147 7491
f 7344 7492 7498
f 7280 7118 7102
f 7511 7279 7101
f 7276 7278 7508
f 7639 7275 7506
f 7291 7274 7642
f 7514 7290 7637
f 7338 7341 7504
f 7295 7289 7515
f 6892 7516 7520
f 6889 7297 7513
f 6881 7524 7495
f 6882 6888 7521
f 7339 7503 7888
f 6836 7336 7884
f 7153 6887 7493
f 7552 7538 7537
f 7564 7561 7579
f 7543 7488 7605
f 7602 7559 7542
f 7568 7580 7585
f 7581 7596 7610
f 7509 7105 7570
f 7641 7632 7630
f 7607 7578 7558
f 7576 7595 7583
f 7594 7614 7613
f 7615 7621 7612
f 7627 7518 7640
f 7631 7644 7517
f 7527 7572 7099
f 7636 7638 7512
f 7528 7104 7482
f 7587 7529 7480
f 7651 8000 7567
f 7562 7972 7548
f 8002 7968 7563
f 7778 7655 7665
f 7667 7656 7851
f 7545 7669 7551
f 7969 7670 7549
f 7659 7675 7852
f 7846 7677 7917
f 7554 7679 7539
f 7668 7681 7553
f 7913 7792 7688
f 7676 7793 7914
f 7540 7697 7533
f 7788 7689 7685
f 7680 7696 7541
f 7686 7690 7906
f 7536 7698 7586
f 7699 7700 7590
f 7691 7722 7905
f 7902 7720 7708
f 7719 7748 7709
f 7712 7750 7619
f 7749 7755 7710
f 7620 7966 7608
f 7753 7964 7625
f 7609 7653 7584
f 7963 7649 7611
f 7582 7650 7565
f 7566 7999 7560
f 7738 7730 7757
f 7737 7758 7765
f 7761 7759 7773
f 7776 7782 7657
f 7658 7785 7674
f 7794 7673 7786
f 7729 7732 7796
f 7747 7721 7716
f 7718 7693 7713
f 7717 7692 7790
f 6879 7326 7816
f 6869 7328 6876
f 7327 7316 7812
f 7814 7330 7822
f 7317 7333 7813
f 7332 7321 7820
f 7824 6842 6848
f 7320 6838 7823
f 7355 7362 7811
f 6967 7375 7830
f 6959 7377 6964
f 7372 7363 7825
f 7827 7380 7833
f 7364 7379 7829
f 7378 7370 7838
f 7835 6932 6934
f 7368 6931 7832
f 7904 7711 7384
f 7393 7903 7389
f 7183 7839 7416
f 7687 7901 7390
f 7601 7212 7217
f 7575 7600 7219
f 7915 7684 7392
f 7170 7918 7391
f 7574 7213 7225
f 7599 7577 7224
f 7847 7916 7176
f 7181 7848 7175
f 7427 7849 7178
f 7598 7223 7228
f 7617 7597 7230
f 7424 7664 7850
f 7232 7618 7229
f 7624 7616 7235
f 7415 7663 7423
f 7421 7666 7412
f 7841 7662 7420
f 7623 7237 7004
f 7707 7622 7005
f 7388 7706 7006
f 7406 7409 7826
f 7061 7059 7858
f 7055 7442 7854
f 7441 7434 7853
f 7859 7433 7469
f 7473 7451 7861
f 7435 7448 7472
f 7447 7438 7860
f 7864 7027 7029
f 7439 7026 7865
f 7592 7019 7452
f 7485 7020 7593
f 7544 7260 7068
f 7546 7069 7078
f 7547 7071 7486
f 7557 7465 7258
f 7556 7261 7550
f 7534 7464 7555
f 7591 7458 7462
f 7589 7463 7535
f 7477 7931 7857
f 7031 7467 7866
f 7932 7063 7855
f 7107 6810 7844
f 7843 6811 7873
f 7871 6807 7262
f 6812 6666 7263
f 6665 7112 7264
f 7103 6757 7481
f 6754 6735 7483
f 7496 7900 7501
f 7908 7660 7842
f 7878 7872 7270
f 7891 7921 7268
f 7505 7895 7890
f 7876 7868 7880
f 7525 7924 7490
f 7898 7494 7926
f 7643 7523 7519
f 7869 7911 7845
f 7875 7907 7870
f 7883 7269 7920
f 7357 7815 7818
f 6878 7817 7358
f 7349 7819 6845
f 7821 7348 7356
f 7405 7831 7837
f 6965 7828 7407
f 7399 7834 6936
f 7836 7401 7403
f 7489 6714 7606
f 6715 6718 7604
f 7478 7856 7470
f 7502 7798 7893
f 7894 7736 7887
f 7800 7733 7896
f 7588 7703 7531
f 7530 7938 7569
f 7705 7934 7532
f 7889 7734 7923
f 7735 7763 7919
f 7573 7943 7507
f 7937 7941 7571
f 7922 7764 7881
f 7510 7944 7635
f 7882 7769 7874
f 7762 7768 7879
f 7877 7772 7910
f 7940 7956 7633
f 7634 7958 7626
f 7767 7777 7909
f 7957 7946 7628
f 7912 7779 7661
f 7629 7950 7645
f 7948 7809 7647
f 7646 7803 7526
f 7522 7810 7929
f 7805 7723 7925
f 7725 7743 7927
f 7928 7740 7897
f 7899 7742 7499
f 7739 7801 7500
f 7955 7959 7947
f 7961 7808 7949
f 7671 7970 7978
f 7672 7977 7682
f 7678 7976 7981
f 7683 7982 7694
f 7695 7983 7701
f 7980 7992 7704
f 7702 7991 7935
f 7990 7995 7936
f 7954 7942 7994
f 7939 7996 7945
f 7795 8017 7728
f 7731 8016 8004
f 8020 8023 8037
f 7799 8042 8014
f 7787 8056 7714
f 7791 8066 8059
f 8023 8071 8037
f 7715 8060 7746
f 7783 8065 7789
f 8077 7985 8145
f 8152 7986 7975
f 7745 8057 7754
f 7797 7741 8046
f 7780 8088 8067
f 8028 8089 8034
f 8053 8099 7751
f 7965 8101 7648
f 7752 8098 7967
f 8071 8109 8037
f 8075 7987 7984
f 7744 7724 8043
f 8097 7988 8032
f 8033 7989 8078
f 7726 7807 8041
f 8049 7802 8070
f 8096 7998 7993
f 8069 7804 8111
f 7806 7960 8106
f 7784 8120 8086
f 7775 8118 7781
f 7770 8122 7774
f 8108 7952 8091
f 8094 7951 7997
f 7654 8123 8003
f 8105 8128 7652
f 8110 7962 7953
f 8051 8135 8100
f 8136 8131 8052
f 7771 8009 8121
f 7760 8008 7766
f 8119 8143 8087
f 8087 8135 8139
f 8087 8143 8135
f 8124 7971 8001
f 7756 7727 8007
f 8161 8148 8126
f 8154 8148 8161
f 8125 8151 7974
f 7973 8150 7979
f 8161 8034 8154
f 8028 8034 8161
f 8020 8015 8023
f 8006 8015 8020
f 8076 8169 8177
f 8036 8080 8174
f 8035 8175 8181
f 8030 8180 8184
f 8153 8031 8185
f 8172 8353 8408
f 8170 8409 8195
f 8178 8171 8197
f 8176 8199 8202
f 8200 8182 8179
f 8183 8204 8188
f 8201 8196 8191
f 8190 8198 8411
f 8050 8209 8210
f 8045 8073 8205
f 8048 8212 8215
f 8047 8214 8219
f 8013 8044 8221
f 8011 8223 8228
f 8222 8218 8236
f 8237 8226 8220
f 8238 8217 8415
f 8234 8241 8224
f 8231 8239 8235
f 8416 8230 8233
f 8137 8276 8245
f 8084 8246 8250
f 8083 8140 8248
f 8082 8249 8253
f 8081 8254 8260
f 8064 8085 8262
f 8275 8271 8423
f 8273 8422 8279
f 8284 8281 8419
f 8286 8252 8247
f 8280 8282 8244
f 8040 8113 8291
f 8292 8107 8297
f 8039 8293 8303
f 8019 8038 8301
f 8306 8018 8299
f 8005 8021 8307
f 8311 8114 8308
f 8115 8010 8309
f 8142 8116 8315
f 8316 8117 8312
f 8130 8317 8323
f 8133 8141 8319
f 8325 8134 8324
f 8104 8132 8327
f 8330 8103 8328
f 8127 8102 8331
f 8157 8333 8162
f 8158 8129 8329
f 8159 8164 8339
f 8027 8160 8342
f 8095 8337 8343
f 8093 8029 8335
f 8296 8092 8345
f 8112 8090 8294
f 8155 8187 8351
f 8149 8156 8350
f 8147 8349 8354
f 8146 8355 8168
f 8079 8144 8173
f 8025 8225 8240
f 8026 8012 8227
f 8022 8243 8356
f 8072 8024 8357
f 8074 8359 8208
f 8068 8259 8266
f 8062 8263 8269
f 8054 8063 8265
f 8055 8270 8274
f 8061 8272 8277
f 8138 8058 8278
f 8318 8363 8322
f 8290 8344 8338
f 8290 8295 8344
f 8288 8341 8384
f 8322 8332 8326
f 8322 8166 8332
f 8392 8340 8163
f 8394 8165 8386
f 8398 8367 8314
f 8300 8400 8313
f 8321 8388 8167
f 8403 8336 8393
f 8305 8298 8318
f 8305 8318 8310
f 8364 8385 8320
f 8381 8396 8302
f 8382 8304 8289
f 8383 8334 8404
f 8189 8203 8194
f 8346 8186 8192
f 8347 8193 8410
f 8412 8352 8348
f 8229 8361 8242
f 8360 8232 8413
f 8417 8207 8358
f 8414 8211 8206
f 8213 8418 8216
f 8255 8287 8261
f 8256 8251 8283
f 8424 8258 8285
f 8421 8268 8264
f 8257 8420 8267
f 8425 8389 8365
f 8369 8430 8362
f 8428 8374 8407
f 8390 8427 8402
f 8395 8433 8366
f 8436 8378 8406
f 8441 8435 8401
f 8440 8405 8375
f 8439 8377 8370
f 8432 8438 8371
f 8434 8373 8368
f 8429 8391 8387
f 8372 8376 8426
f 8431 8399 8442
f 8443 8379 8437
f 8397 8380 8444
f 8453 8445 8451
f 8453 8463 8445
f 8524 8454 8519
f 8521 8843 8841
f 8458 8844 8518
f 8524 8462 8454
f 8538 8540 13550
f 8533 13551 13544
f 8533 13544 8547
f 8670 8563 8584
f 8594 8623 8588
f 13561 13565 8558
f 8586 8624 8573
f 8572 8627 8565
f 8595 8634 8622
f 8556 8635 8593
f 8571 13687 8625
f 13612 13690 8568
f 8562 8638 8582
f 8557 13566 8633
f 8561 8628 8637
f 13516 8631 13567
f 8658 8590 8652
f 8653 8610 8649
f 8613 8669 8606
f 8619 8567 8575
f 8626 8671 8639
f 8612 8578 8668
f 8655 8589 8609
f 8629 13688 8673
f 8621 13615 8570
f 8632 13617 8620
f 13527 8674 13682
f 13542 8675 13530
f 13728 8555 8657
f 13514 13614 8630
f 8607 8616 8601
f 8645 8604 8602
f 8576 8566 8667
f 8663 8591 8587
f 8666 8614 8603
f 13563 8560 13729
f 8665 8579 8617
f 8569 8564 8574
f 8664 8559 8592
f 8648 8608 8605
f 8585 8577 8611
f 8678 8696 8687
f 8650 13368 8695
f 8647 8697 8681
f 13380 13367 8644
f 13385 8703 13387
f 12706 8686 8713
f 8597 13375 8646
f 12705 8711 8698
f 8716 13377 8596
f 8682 8690 12704
f 8719 13785 18735
f 8723 13784 8720
f 8753 8743 8732
f 8767 8774 8747
f 8766 8748 8740
f 8757 12797 8802
f 12799 8754 8804
f 8803 8752 8736
f 8801 8734 8778
f 8773 8811 8818
f 8777 8769 8816
f 8820 8815 8829
f 8814 8834 8830
f 8835 8836 8831
f 8828 8838 8846
f 13874 8863 8894
f 8892 8865 8869
f 8897 8855 8893
f 8886 8872 8850
f 13836 8866 13872
f 13834 8903 8864
f 14052 8883 14061
f 14059 8879 8885
f 14051 8904 8877
f 8905 8909 8880
f 8901 8916 8862
f 8910 8918 8875
f 8858 8873 8868
f 8867 8878 8917
f 13545 13554 8928
f 8554 8926 8929
f 8550 8930 8938
f 8549 8934 12242
f 8552 13545 8928
f 8945 8948 8548
f 8940 8551 12245
f 8975 14150 14200
f 8960 8979 8972
f 8963 14201 8969
f 8965 8974 14196
f 8995 8987 8980
f 8957 8992 8981
f 8956 8983 8958
f 11345 8985 8990
f 13848 9003 9032
f 13866 9042 8997
f 13875 9043 13867
f 13849 9030 13844
f 13861 9004 13850
f 13860 12593 9005
f 13791 9013 13878
f 9046 9017 8725
f 13877 9012 9038
f 13789 8722 9015
f 9052 9019 9048
f 13858 8999 12588
f 10826 9016 9049
f 13863 8998 13857
f 8721 8727 9011
f 13852 9037 9026
f 8728 9022 9008
f 9133 9098 9403
f 9056 9082 9078
f 9055 9065 9119
f 9075 9084 9118
f 9117 9085 9057
f 9071 9126 9086
f 9062 9107 9121
f 9091 9122 9106
f 9136 9124 9072
f 9120 9088 9074
f 9147 9090 9108
f 9125 9137 9114
f 9112 9154 9104
f 9177 9158 10190
f 9173 9192 9163
f 9162 9193 10194
f 9185 9194 9172
f 9141 9151 9116
f 9183 9212 9196
f 9204 9213 9179
f 9195 9215 10189
f 10191 9216 9246
f 9224 9230 9209
f 9208 9231 9214
f 9100 9156 9276
f 9129 9221 9096
f 9070 9187 9200
f 9211 9228 9248
f 9235 9229 9223
f 9094 9191 9067
f 9089 9139 9073
f 9153 9253 9279
f 9234 9251 9232
f 9140 9261 9152
f 9236 9264 9244
f 9095 9274 9190
f 9247 9265 9282
f 9092 9290 9143
f 9148 9286 9093
f 9189 9242 9198
f 9263 9313 9280
f 9097 9218 9272
f 9188 9291 9243
f 9323 9314 9318
f 9285 9324 9332
f 9315 9327 9284
f 9186 9271 9292
f 9344 9311 9266
f 9316 9312 9343
f 9321 9362 9331
f 9262 9254 9155
f 9239 9293 9347
f 9273 9352 9294
f 9144 9159 9289
f 9138 9376 9260
f 9287 9375 9142
f 9165 9164 9150
f 9353 9368 9295
f 9296 9365 9349
f 9278 9252 12138
f 9258 9402 9256
f 13811 9396 13805
f 13832 9388 13818
f 13819 9392 13809
f 9354 9076 9369
f 9345 9364 9412
f 9077 9083 9366
f 9390 9404 13817
f 13808 9417 13822
f 9161 9371 9288
f 13815 9406 9397
f 9394 9419 13807
f 9370 9399 9259
f 9087 9123 9415
f 9174 9160 9166
f 9411 9127 9424
f 9157 9178 9377
f 9395 9197 9421
f 9393 9405 9069
f 9401 9302 9255
f 12133 9303 9310
f 9132 9407 9386
f 9257 9298 12137
f 9128 9115 9423
f 9270 9222 9357
f 9408 9099 9068
f 9422 9113 9102
f 9217 9335 9351
f 9391 9066 9201
f 9337 9382 9356
f 9379 9080 9355
f 9378 9058 9079
f 9367 9081 9409
f 9385 9060 9059
f 9434 9457 9472
f 9464 9596 9450
f 9455 9480 9471
f 9454 9490 9481
f 9465 9448 9491
f 9514 9540 9520
f 9527 9542 9532
f 9504 9470 9500
f 9468 9502 9511
f 9429 9566 9560
f 9505 9498 9483
f 9539 9398 9374
f 9546 9436 9562
f 9570 9512 9523
f 9435 9547 9551
f 9441 9588 9636
f 9553 9452 9428
f 9602 9440 9632
f 9519 9535 9528
f 9469 9485 9499
f 9431 9606 9568
f 9586 9616 9516
f 9589 9437 9445
f 9590 9444 9594
f 9477 9443 9463
f 9433 9473 9509
f 9529 9536 9628
f 9624 9442 9598
f 9622 9603 9620
f 9453 9467 9487
f 9581 9510 9571
f 9497 9446 9474
f 9458 9439 9621
f 9538 9513 9297
f 9493 9488 9449
f 9400 9541 9304
f 9592 9577 9591
f 9578 9634 9587
f 9456 9550 9593
f 9613 9609 9432
f 9301 9515 9506
f 9430 9517 9614
f 9595 9466 9451
f 9438 9462 9447
f 9555 9579 9597
f 9637 9330 9646
f 9329 9361 9643
f 9685 9680 9692
f 9671 9773 9679
f 9690 9556 9545
f 9700 9750 9601
f 9758 9729 9647
f 9736 9752 9770
f 9701 9733 9751
f 9756 9762 9769
f 9543 9816 9631
f 9781 9754 9737
f 9753 9828 9765
f 9766 9826 9651
f 9811 9537 9372
f 9649 9703 9761
f 9863 9875 9837
f 9873 9698 9785
f 9882 9678 9687
f 9648 9730 9704
f 9852 9281 9328
f 9893 9888 9855
f 9656 9918 9928
f 9924 9937 10235
f 9953 9930 9938
f 9972 9926 9969
f 9925 9975 9941
f 9929 9948 9977
f 9966 9996 10001
f 9936 9974 10003
f 9823 9819 10013
f 9985 9973 9967
f 9951 10014 9976
f 10004 10027 9940
f 9935 10031 9950
f 10018 9952 10049
f 10029 10051 9949
f 9986 10041 10032
f 9987 10021 10045
f 9983 10033 9970
f 10059 10006 10034
f 10039 10005 9971
f 10002 9992 9723
f 9725 9993 10065
f 10050 10026 10056
f 10055 10030 10079
f 10040 9808 10036
f 10035 9806 10090
f 10091 10081 10037
f 10087 10098 10106
f 10048 10115 10017
f 10130 10137 9835
f 10141 10082 10092
f 10088 10107 10144
f 10086 10142 10095
f 9630 9813 9946
f 9933 9978 9881
f 10047 10052 10116
f 10148 10152 10248
f 10143 10162 10093
f 10119 10094 10160
f 10176 10170 10145
f 10015 10112 10071
f 9175 9815 9373
f 10202 9858 10216
f 9981 10072 9670
f 9735 9839 9780
f 9716 9865 9841
f 9797 9764 9866
f 9793 9868 9576
f 9860 9715 10222
f 9810 10184 10011
f 9851 10185 9814
f 9870 9702 9604
f 9783 9696 9666
f 10192 9812 9176
f 10186 9853 10203
f 9909 9906 9896
f 10042 9984 9988
f 9979 10016 10073
f 10084 10063 10038
f 9245 9283 9854
f 10139 10182 10173
f 9652 9665 9760
f 9747 9617 9600
f 9640 9900 9857
f 10226 10118 10163
f 10158 10232 10227
f 9639 9850 9333
f 9885 9898 9908
f 9902 9653 9955
f 9934 9957 10236
f 9657 9923 10237
f 10238 9939 9932
f 10239 9964 9915
f 9965 9927 9917
f 10241 9994 9968
f 10000 9990 9963
f 9962 9991 9982
f 10067 9995 10240
f 10246 9883 9682
f 9997 10022 9989
f 9707 9734 9667
f 9913 9658 9907
f 9743 9999 9727
f 9921 9654 9910
f 10234 9960 9655
f 10044 9775 9786
f 9744 10019 9998
f 9800 10024 9745
f 10007 10062 10028
f 10025 10060 10074
f 9798 9777 10020
f 10058 10076 10123
f 9832 9774 9803
f 9831 9791 9776
f 10061 10085 10078
f 10023 9778 10046
f 9830 9801 10128
f 10099 10089 9807
f 10075 10121 10125
f 9947 9820 9821
f 10083 10096 10077
f 10043 9789 9805
f 10097 10120 10080
f 10250 10105 9848
f 10151 10251 9844
f 10195 10122 10224
f 9834 9847 9788
f 10103 10249 10157
f 9790 10100 9809
f 9846 10101 9787
f 9958 9884 10247
f 9931 9879 9956
f 10198 10057 10124
f 10109 10102 9849
f 10172 10159 10138
f 10211 10111 9722
f 9719 10110 10054
f 9880 9980 9672
f 10113 10208 9708
f 9836 10149 9845
f 9712 9717 10196
f 10225 10126 10117
f 10114 9711 10069
f 10135 10150 9833
f 10193 9250 9818
f 9817 9249 9859
f 9691 9675 9557
f 9673 9738 9772
f 10155 10181 10104
f 10210 9843 9709
f 9771 9792 9676
f 9796 9768 9763
f 9706 9840 9739
f 9677 9795 9554
f 9721 9838 10209
f 10178 10140 10108
f 9794 9580 9552
f 10215 9856 9886
f 9784 9829 9755
f 9714 9861 9718
f 10053 10201 9720
f 9782 9842 9876
f 9575 9871 9633
f 9705 9867 9767
f 10231 10197 10223
f 9827 9660 9650
f 10220 10199 10233
f 10218 9713 10200
f 9599 9635 9869
f 9779 9659 9825
f 9668 10070 9710
f 9878 9669 9674
f 10166 10279 10229
f 10293 10127 10252
f 10269 10168 10274
f 10281 10165 10263
f 9799 9742 10259
f 10131 9804 10255
f 10161 10271 10265
f 10136 10129 10313
f 10308 10132 10294
f 10167 10267 10164
f 10254 9802 10260
f 10321 10177 10327
f 10175 10287 10169
f 10171 10285 10277
f 10179 10289 10174
f 10288 10180 10317
f 10153 10325 10183
f 10261 9741 10295
f 10156 10331 10326
f 10146 10333 10154
f 10305 10297 9724
f 9740 9728 10299
f 10147 10134 10328
f 10330 10133 10309
f 10302 9726 10064
f 10335 10228 10282
f 9625 10358 9459
f 10360 10357 10368
f 9626 10372 10356
f 9619 10374 9623
f 10355 10376 10366
f 9746 10377 9618
f 10369 10373 10378
f 9749 10387 10371
f 9731 10388 9748
f 9757 10392 9732
f 10379 10375 10385
f 9663 10386 9759
f 10396 10384 9664
f 10399 10405 10409
f 9479 10407 10401
f 10414 10438 10421
f 10428 14128 14108
f 10404 10440 10411
f 10422 10433 10443
f 10417 10439 10432
f 10445 10451 10461
f 10448 10453 10464
f 10462 10455 10468
f 10458 10340 10469
f 11858 10475 10424
f 10470 10481 10484
f 10341 10478 10471
f 11857 10480 10474
f 10485 10482 11859
f 10498 14134 10426
f 10501 10427 10477
f 10472 10483 10346
f 10345 10479 10342
f 10408 9478 10492
f 10454 10505 10339
f 10502 10457 10508
f 14135 10497 14137
f 14138 10500 10527
f 10347 10534 10522
f 10496 10521 10526
f 10525 10520 10532
f 10344 10555 10348
f 9864 10542 9877
f 10503 10559 10343
f 10543 10562 9872
f 9874 10563 9699
f 10564 10577 9695
f 10530 10349 10582
f 9697 10578 9662
f 10351 10558 10581
f 10575 10395 9661
f 10556 10506 10569
f 10425 14130 14129
f 10614 10606 10554
f 9495 10537 9486
f 10621 10535 10638
f 10625 10608 10629
f 10607 10612 10634
f 10635 10539 9496
f 10549 10618 10613
f 10615 10619 10645
f 9475 10641 9494
f 10643 10622 10650
f 10637 10651 10620
f 10655 10359 10364
f 10476 10519 10499
f 10473 10350 10518
f 10406 10489 10434
f 10437 10490 10516
f 10450 10511 10456
f 10510 10452 10586
f 10435 10514 10592
f 10553 10493 10540
f 10552 10517 10491
f 14146 14141 10524
f 9482 9489 10494
f 10495 9492 10536
f 10609 10626 10594
f 10593 10624 10596
f 10538 10623 10551
f 10509 10597 10572
f 10600 9503 10403
f 10402 9501 9484
f 10589 10431 10436
f 10441 10430 10588
f 10587 10449 10442
f 10512 10590 10595
f 10591 10513 10611
f 10610 10515 10550
f 10504 10507 10568
f 9460 10639 9476
f 10636 10353 10648
f 10647 10354 10658
f 9461 10352 10640
f 10680 14199 14217
f 14120 14113 10705
f 14205 10679 8970
f 14096 10700 10687
f 14236 10663 14092
f 10707 14118 10722
f 14239 10670 10659
f 10709 14088 10660
f 14119 10708 10725
f 10717 14100 14125
f 14085 10686 10696
f 14122 10703 10715
f 14229 10669 14234
f 10710 14114 14089
f 14105 10719 10699
f 14233 14083 10695
f 14086 14099 10683
f 10702 14094 14101
f 14218 14211 10676
f 10666 14227 10729
f 14224 14220 10728
f 10727 14221 10672
f 10691 14215 14230
f 10677 14212 10690
f 10746 14166 10765
f 10749 14184 10733
f 14195 14183 10762
f 10761 14182 10750
f 10735 14180 10757
f 10774 14206 14194
f 14188 14178 10734
f 10773 10671 14207
f 10756 14173 10743
f 10744 14171 14167
f 10754 14177 14170
f 10770 14193 10764
f 10780 9508 10603
f 9306 9299 10781
f 9300 9507 10778
f 9862 10217 10548
f 10219 10337 10546
f 10221 10230 10336
f 10796 10804 10809
f 10794 10805 10882
f 10822 10793 10784
f 10820 10830 10792
f 10832 10840 10803
f 12405 10818 10814
f 10834 10801 10797
f 9024 10827 10821
f 12401 10847 10819
f 10853 10838 10835
f 10857 10845 12400
f 10848 10860 10841
f 10869 10870 8946
f 10866 8947 8944
f 10881 10862 10850
f 10886 10843 10854
f 10879 10890 10859
f 10884 10807 10846
f 10895 10891 10876
f 10813 10871 10865
f 10810 10815 10873
f 10786 10892 10894
f 10783 10791 10888
f 8951 8535 8553
f 10928 10889 10789
f 10917 10893 10925
f 10905 8536 8949
f 10912 8950 10872
f 10917 10861 10893
f 10921 10828 10929
f 10914 10842 10858
f 10932 10829 9053
f 10923 10790 10831
f 10911 10874 10817
f 10910 10816 10844
f 10910 10844 10808
f 10909 10806 10802
f 10909 10802 10837
f 10908 10839 10920
f 10903 10906 10913
f 10242 9922 10066
f 10068 9919 10304
f 9920 10941 10306
f 10307 10937 10948
f 10949 10938 10959
f 10939 10961 10957
f 8762 8824 10960
f 10962 8761 10954
f 10963 10968 8760
f 8822 18927 10955
f 9914 10940 9916
f 9897 11004 9912
f 8510 11027 13506
f 8812 8768 11013
f 8772 11021 11032
f 11033 11024 11040
f 11036 11042 9642
f 8507 11047 11028
f 11019 11044 11037
f 8509 8513 11049
f 8514 8528 11050
f 11045 9892 9645
f 8527 11057 11051
f 9641 9899 9638
f 8771 11031 11008
f 8525 11061 11055
f 8530 8522 11062
f 8520 11065 11059
f 8523 8837 11066
f 8744 11072 8739
f 8833 11014 8840
f 8839 11015 11067
f 8832 8813 11011
f 8742 11018 8770
f 11071 11022 8741
f 11075 11356 11103
f 11115 8954 11080
f 11122 11076 11104
f 11119 11086 11079
f 11123 11099 11134
f 11138 11129 11098
f 11145 11130 11137
f 11133 11127 11141
f 10283 11153 10334
f 11143 11140 10950
f 10945 10956 11139
f 11142 10958 11169
f 10273 10316 11181
f 10275 10286 10320
f 11172 11351 11154
f 11186 10268 10276
f 11187 10278 11180
f 11196 10284 10266
f 10315 11202 11179
f 11189 11182 11207
f 11183 11203 11209
f 10270 11201 10264
f 11194 11206 10319
f 11185 11214 11221
f 11220 11176 11156
f 11208 11215 11188
f 11240 11177 11222
f 11238 11212 11205
f 11269 11171 11241
f 11262 11239 11259
f 11273 11230 11173
f 11272 11242 11226
f 11243 10332 10311
f 11287 11229 11268
f 11280 11294 11298
f 11218 11270 11224
f 11260 11246 11316
f 11282 11274 11219
f 11252 11232 11285
f 11283 11289 11271
f 11308 11302 11290
f 11313 11307 11261
f 11288 11284 11299
f 11317 11249 10310
f 11300 11306 11319
f 11301 11251 11286
f 8959 11250 11296
f 11320 8966 11297
f 11155 10280 11200
f 11160 11199 11225
f 11342 11326 11314
f 11322 11311 11081
f 11184 11197 10272
f 8964 11323 8952
f 11190 11223 11198
f 11244 11193 10322
f 11125 11089 11095
f 11106 11088 11124
f 10258 10300 11096
f 8994 11116 11150
f 11135 11097 10301
f 11148 11347 8991
f 11151 11166 11344
f 11149 11164 11168
f 10303 10947 10298
f 11136 10296 10946
f 11204 11195 11235
f 11293 11217 11210
f 11278 11291 11213
f 11295 11281 11216
f 11265 11276 11237
f 11192 10318 10323
f 11275 11303 11292
f 11258 11327 11266
f 10329 11245 10324
f 11256 11315 11325
f 11324 11305 11309
f 10314 11341 11318
f 11234 11191 11247
f 11109 11328 11339
f 11090 10290 10257
f 11343 11087 11107
f 11257 11236 11248
f 11094 10253 10262
f 11093 11091 10256
f 11126 11101 11108
f 8955 11111 8993
f 11114 11085 11121
f 11128 11132 11102
f 11118 11144 11162
f 11120 11131 11147
f 11112 11161 11152
f 11113 11117 11163
f 11146 11167 11165
f 11211 11233 11279
f 11329 11332 11264
f 11304 11277 11263
f 11310 11267 11333
f 11338 10312 10291
f 11336 11084 11312
f 11358 11335 11330
f 11092 11340 10292
f 11110 11357 11331
f 11078 11337 11355
f 8953 11321 11082
f 11077 11083 11334
f 11100 11354 11105
f 10544 10338 11157
f 11360 10541 11158
f 11362 11159 11352
f 11368 11363 11350
f 11370 11353 11174
f 11371 11175 11228
f 11374 11365 11178
f 11378 11375 11231
f 11380 11227 11254
f 11384 11377 11255
f 11382 11253 8962
f 8967 11388 8961
f 11393 10567 10545
f 10678 10694 11645
f 11361 11394 10547
f 11366 11390 11359
f 11364 11397 11391
f 11414 11666 11406
f 11409 10370 10383
f 11444 11671 11412
f 11450 11433 11458
f 11491 11472 11476
f 11496 11410 10382
f 11484 11505 11442
f 11514 11490 11507
f 10674 11504 11483
f 11527 11415 11405
f 11495 11404 11407
f 11535 11516 11519
f 11536 11520 11538
f 11564 11445 11413
f 11563 11416 11525
f 11528 11403 11494
f 11373 11570 11367
f 11486 11446 11565
f 11417 11572 11434
f 11418 11430 11426
f 11423 11577 11419
f 11429 11575 11584
f 11420 11529 11497
f 11421 11499 11573
f 11464 11439 11424
f 10730 10673 11487
f 10662 11441 11461
f 11451 11469 11460
f 11598 11482 11566
f 10712 11463 11467
f 11593 11500 10381
f 11582 11530 11422
f 11578 11562 11526
f 11589 10380 10389
f 11574 11498 11592
f 10731 11485 11596
f 11492 11601 11474
f 11478 11512 11493
f 11599 11561 11580
f 10668 10732 11597
f 11515 11626 11489
f 11509 11523 11513
f 11438 11595 11581
f 11586 11576 11587
f 11543 11552 11541
f 10667 11594 11437
f 11560 11540 11551
f 11549 11545 11396
f 11571 11548 11398
f 11567 11399 11369
f 11608 11553 11569
f 11372 11613 11568
f 11614 11585 11591
f 11625 11588 10390
f 11440 11579 11428
f 11449 11427 11435
f 11448 11462 11425
f 11615 11590 11623
f 11629 11605 11488
f 11531 11637 11517
f 11622 10391 10393
f 11617 11431 11583
f 10711 10664 11465
f 11610 11554 11550
f 11609 11646 11555
f 11457 11432 11618
f 11650 11619 11621
f 11379 11611 11376
f 11381 11383 11612
f 11656 11453 11456
f 11480 11616 11648
f 11654 11466 11452
f 11651 11624 10398
f 11459 11620 11477
f 11630 11664 11600
f 11635 11628 11518
f 11642 11636 11533
f 10721 11470 11658
f 11473 11655 11454
f 11475 11455 11481
f 11386 11647 11607
f 11676 10723 11660
f 11436 10661 10665
f 11606 11657 11471
f 11468 10726 10713
f 11674 11604 10720
f 11510 11479 11653
f 11663 10714 11603
f 11631 11665 11627
f 11672 11659 11602
f 11640 10688 11633
f 11641 10689 10684
f 10706 10724 11675
f 11643 10693 11558
f 11387 10682 11644
f 11511 11649 11679
f 11682 11652 10394
f 11443 11762 11669
f 10718 10704 11673
f 11680 10397 10579
f 8968 10681 11385
f 11522 11508 11677
f 10698 10716 11662
f 10697 11661 11634
f 11685 11681 10576
f 11546 11683 11689
f 11544 11524 11678
f 11686 10580 10565
f 10685 10701 11632
f 11539 11521 11542
f 11557 11534 11537
f 11389 11684 10566
f 11556 11638 11532
f 10692 11639 11559
f 11395 11547 11688
f 11400 11687 11392
f 11696 11705 11711
f 10361 11699 10656
f 11706 11691 11719
f 11715 11690 10759
f 10748 11736 11717
f 11726 11797 10752
f 11734 11713 11721
f 11733 11697 11714
f 11725 10755 10745
f 11750 10741 10766
f 11737 10751 10737
f 11732 11757 11701
f 10772 11503 10675
f 11739 11766 11731
f 11740 10738 11763
f 10653 10657 11743
f 11779 11728 11768
f 11755 11730 11783
f 10649 11745 11793
f 11792 11754 11786
f 11780 11785 11729
f 10583 10560 11814
f 10585 11815 11746
f 10533 10584 11748
f 11778 11796 11820
f 11817 11781 11776
f 11826 10529 11751
f 11788 11782 11827
f 10652 11789 10646
f 11795 11723 11818
f 11832 10642 11791
f 11773 11401 11670
f 11831 11833 10632
f 10631 10616 11829
f 10570 10598 11839
f 11506 11761 11447
f 10367 11411 11774
f 11758 11502 11694
f 11710 11668 11759
f 10763 11693 10771
f 10747 11716 10760
f 11708 11720 11712
f 11703 11742 10654
f 11735 11718 11738
f 11744 11702 11756
f 11767 10736 10758
f 11753 11790 11741
f 11794 11764 10753
f 11798 11777 11765
f 11838 11787 11821
f 11837 11828 11784
f 11830 10617 10644
f 11722 11802 11816
f 11803 11834 11819
f 11727 11805 11799
f 11842 10630 11836
f 11843 11835 11804
f 11807 11724 10742
f 11844 10628 10633
f 10740 11813 11810
f 10574 11841 11800
f 11808 10571 11801
f 11840 10599 10627
f 10557 11806 11812
f 10739 11749 11811
f 10561 10573 11809
f 10523 10531 11747
f 11822 11752 10767
f 11824 10768 14165
f 10528 11825 14145
f 14143 11823 14163
f 11402 11769 11408
f 11692 11501 10769
f 11704 11760 11695
f 10363 10365 11775
f 11770 11667 11709
f 10362 11771 11700
f 11707 11698 11772
f 11880 11869 11863
f 10429 11870 11862
f 11872 11877 11860
f 11874 8888 11878
f 8887 8849 11879
f 11907 10420 10446
f 11899 11923 11905
f 8848 11848 11932
f 11856 11933 11918
f 8851 11929 11855
f 11935 11890 11913
f 10413 10601 10400
f 10447 10459 11940
f 11943 11851 11920
f 10460 10466 11948
f 10465 11852 11944
f 11945 11854 10463
f 11864 11949 10486
f 11865 11850 11946
f 11866 10488 11861
f 10412 10418 11954
f 11846 8852 8884
f 8853 11853 11868
f 11867 11876 8847
f 11951 10419 11906
f 11926 11931 11845
f 11908 11917 11955
f 8889 11871 14062
f 11909 11941 11922
f 14110 11873 10423
f 11942 11910 10444
f 11947 10467 10487
f 11875 14111 14060
f 11939 11953 11921
f 11881 10604 10416
f 10410 11911 11882
f 11884 11912 11889
f 11893 11891 11937
f 11938 11927 11894
f 10415 11952 11914
f 8881 11900 11849
f 11934 11915 11950
f 11928 11847 11901
f 11924 11936 11916
f 11930 11925 11919
f 11985 9308 10775
f 11973 9305 11982
f 12001 11883 12016
f 11991 11903 11989
f 12029 11974 11957
f 10777 10602 12004
f 11993 11990 12042
f 12031 11992 12043
f 11997 12006 12047
f 12036 12021 11895
f 12035 12044 12063
f 12026 12085 12037
f 12072 10779 12015
f 12017 12024 12068
f 12011 11886 11888
f 12079 8854 12125
f 12067 12019 12106
f 12059 11987 8874
f 12058 12045 11988
f 12117 12111 11972
f 12073 11983 10782
f 11966 11967 12113
f 12057 8876 8857
f 12107 12100 12120
f 11998 12025 11961
f 11981 12069 12109
f 11979 11984 12071
f 12027 12000 12046
f 12114 12060 11964
f 12084 12094 12041
f 12039 12095 12055
f 12076 12049 12008
f 11963 12064 8856
f 12005 8861 12080
f 11977 12108 11959
f 11969 11960 12116
f 11968 11999 11958
f 11902 8882 11986
f 11904 11995 11898
f 12003 10605 11885
f 12018 12013 11887
f 12023 11892 11896
f 11897 11994 12034
f 12038 11975 12028
f 12030 12050 12083
f 12053 11978 12040
f 12056 9307 11980
f 12086 12051 12078
f 12091 12082 12048
f 12066 11976 12070
f 12012 10776 12002
f 12014 12065 12074
f 12110 12119 11956
f 12033 12061 12101
f 12104 12020 12032
f 12022 12099 12105
f 12102 12062 12115
f 12118 12103 12112
f 12009 11971 11965
f 12007 11996 11970
f 12010 11962 8860
f 12054 12097 12132
f 12087 12093 12081
f 12129 12139 12096
f 12127 12098 12088
f 9309 12052 12135
f 12090 12075 12140
f 12089 12141 12145
f 12136 12152 9277
f 12130 12092 12147
f 12148 12156 12128
f 8914 8899 12166
f 12179 12167 8900
f 12195 12192 12168
f 12180 12184 12163
f 9101 9275 12155
f 9410 9427 12191
f 12182 12181 9240
f 9346 12194 12183
f 12199 13823 9420
f 13838 12202 8898
f 9418 12175 12200
f 13824 12201 13840
f 12142 12077 12122
f 8915 12121 8859
f 12164 12169 8913
f 12186 12174 12165
f 12188 12160 12171
f 12197 12172 12185
f 12196 9414 12193
f 9413 12198 9350
f 12131 12154 12134
f 12158 12144 12124
f 12149 12143 12161
f 12126 12170 12159
f 12205 12153 12150
f 8912 12173 12123
f 12204 9103 12151
f 12206 12146 12162
f 12207 9425 9105
f 12189 12208 12157
f 12190 9426 12209
f 9241 9348 12187
f 12176 8902 12203
f 9202 9238 12177
f 9199 12178 9416
f 11038 9359 12213
f 11039 9644 9358
f 11029 11035 12210
f 12222 12216 12223
f 12218 11034 12215
f 12233 12220 12227
f 12231 12226 12240
f 12230 12238 8943
f 12241 12229 8942
f 12249 12253 12434
f 12251 12437 10864
f 12267 12261 12271
f 12281 12254 12248
f 9326 9319 12263
f 9325 12260 12265
f 12279 12273 12256
f 12285 12272 12278
f 12268 12270 12287
f 12239 10867 8941
f 12237 12247 10863
f 12225 12246 12236
f 12224 12280 12250
f 12211 12266 12284
f 12212 12283 12228
f 12214 12286 12282
f 9360 12269 12217
f 9363 9322 12264
f 12289 9020 10823
f 12291 12299 9018
f 12301 12300 12290
f 12306 12295 12303
f 12323 12307 12302
f 12316 9210 12308
f 12312 12309 12319
f 9227 9203 12313
f 12341 10851 10833
f 12342 10836 10795
f 12354 12349 12343
f 12359 10825 10785
f 12364 12288 10824
f 12378 12292 12362
f 12368 12371 12357
f 10885 10855 12382
f 12369 10887 12380
f 12377 12322 12293
f 12381 12373 12367
f 12370 12387 12353
f 12388 12408 12398
f 12391 12374 12413
f 12385 10856 12402
f 12386 12410 12372
f 12418 12320 12375
f 12421 9320 9339
f 12384 12406 12428
f 12419 12315 12318
f 12325 12361 10787
f 12443 12317 12416
f 12326 10788 10897
f 12448 12363 12328
f 12449 12376 12360
f 9225 12314 12444
f 12420 12379 12446
f 12327 10896 10875
f 12330 12324 10877
f 12331 10878 12338
f 9233 9226 12438
f 10880 10852 12340
f 12462 12447 12333
f 12347 12336 10849
f 12461 12417 12445
f 12465 12415 12457
f 12383 12429 12412
f 12442 12414 12467
f 12460 12334 12335
f 9023 12297 12452
f 12478 12440 12464
f 9267 12439 12475
f 9269 9237 12441
f 12479 12463 12339
f 12487 12458 12484
f 12489 12466 12459
f 12482 12337 12344
f 12480 12345 12351
f 12477 12468 12488
f 12329 12332 12450
f 12358 12346 10798
f 12493 12474 12485
f 12502 12483 12348
f 12501 12490 12481
f 9342 9268 12476
f 9341 12473 12494
f 12366 10800 10883
f 12365 12356 10799
f 12492 12486 12497
f 12389 12499 12352
f 12390 12350 12355
f 12395 12500 12392
f 12321 12304 12294
f 12397 12495 12498
f 12424 12491 12393
f 9340 12496 12425
f 12433 12404 10811
f 12469 12396 12409
f 12259 12422 12399
f 12436 12430 12403
f 9317 12423 12257
f 12262 12394 12471
f 12255 12427 12432
f 12276 12411 12426
f 12275 12431 12252
f 12277 12472 12407
f 12258 12470 12274
f 10868 12435 10812
f 12532 9010 12453
f 12515 12533 12451
f 12522 12508 12536
f 12518 12523 12540
f 12537 12505 12525
f 9041 9009 12534
f 12517 12542 12531
f 9145 12597 9168
f 12547 12600 9146
f 12516 12566 12544
f 12514 12538 12564
f 12569 12541 12554
f 12557 12528 12574
f 12558 12579 12568
f 12570 12577 12594
f 12578 12556 12582
f 12571 12587 12553
f 12548 9149 9111
f 12596 12586 12572
f 9061 12618 9109
f 12580 12625 12592
f 12581 12584 12630
f 12595 12573 9170
f 9007 12636 12563
f 9035 9006 12562
f 12631 12635 12589
f 9031 12642 9130
f 9027 12650 12643
f 9025 9135 12656
f 12605 12628 12641
f 12634 12626 12608
f 12613 12629 12606
f 9336 12665 9381
f 12666 12658 9380
f 12662 12667 12651
f 12660 12652 9034
f 12509 9205 9184
f 9014 9021 12456
f 12506 12511 12530
f 12527 12512 9180
f 12555 12539 12526
f 9181 9171 12575
f 12543 9039 12535
f 12599 12639 12585
f 12627 12583 12640
f 12503 12311 9206
f 9000 9040 12546
f 12576 12529 9182
f 9001 12545 12567
f 8996 12565 12590
f 9169 9167 12598
f 12632 9002 12591
f 12638 12601 12550
f 12551 12607 12637
f 12633 12610 12559
f 12616 12604 12552
f 12617 12549 9110
f 9383 12624 9064
f 12621 12615 9063
f 12622 12602 12614
f 12611 12619 12659
f 12609 12603 12620
f 12661 12561 12612
f 12664 12623 9384
f 12644 12669 9334
f 12645 9338 9220
f 12663 9033 12560
f 12648 12668 12646
f 9131 12647 9219
f 9028 9036 12649
f 9387 12654 9134
f 13827 12653 9389
f 9029 12657 13846
f 13843 12655 13830
f 12504 9207 12510
f 12310 12521 12298
f 12520 12305 12507
f 12519 12454 12296
f 12524 12513 12455
f 12914 12677 8785
f 8784 12675 8789
f 13386 13383 8700
f 8679 12702 12699
f 12694 12709 13520
f 12692 12687 12714
f 13524 12710 13513
f 12701 12720 12683
f 12682 12724 12690
f 12698 12707 12718
f 12680 12717 12725
f 12689 12722 12713
f 12712 18077 13509
f 12730 12747 18057
f 18056 12748 18083
f 12723 12754 12708
f 12711 12752 18075
f 12728 12736 12746
f 12727 12760 12753
f 12715 12763 12726
f 18080 12764 13535
f 12716 12772 12758
f 12719 8702 12771
f 18081 12780 12766
f 12745 12779 18082
f 12703 8704 12721
f 12738 12783 12749
f 12744 12785 12781
f 13533 12768 13526
f 12732 12696 12786
f 12740 12695 12734
f 12742 8680 12697
f 12784 12681 12777
f 12776 12686 12767
f 12778 12684 12685
f 12769 12691 13522
f 12765 12688 12693
f 12700 12679 12782
f 8642 12741 8654
f 8683 12739 8643
f 12743 12733 8656
f 8651 12737 8662
f 12735 12729 8661
f 12731 18051 8660
f 8659 18053 13727
f 10965 10944 12808
f 12793 10967 10966
f 10970 10969 12791
f 12819 12803 11005
f 12801 8756 10971
f 12807 12824 12788
f 8750 12800 12813
f 8751 12811 12832
f 12844 12815 12822
f 12848 11003 9894
f 12818 12826 12802
f 12854 12839 12837
f 12804 10943 11002
f 12812 12840 12829
f 11006 10942 9911
f 12842 11023 11073
f 12843 12852 11020
f 12846 12851 12835
f 12817 11007 12845
f 12792 12810 10972
f 12836 12820 12847
f 12830 8745 8755
f 12834 12838 12827
f 12833 12825 12821
f 12856 12850 9901
f 12849 12858 12853
f 12828 12841 11074
f 12789 12823 12814
f 11043 12859 9895
f 11070 8746 12831
f 11017 12855 12857
f 11016 12860 11041
f 12809 12798 10973
f 12790 12795 12805
f 12816 12796 12787
f 12794 10964 12806
f 8982 10994 12863
f 14149 10995 14159
f 8977 12862 8971
f 8984 10989 8978
f 8986 10983 10988
f 10952 10981 11346
f 8973 10998 14152
f 11170 10953 11349
f 8976 12865 11000
f 8989 10980 10982
f 11348 10979 8988
f 11012 11030 12221
f 12235 11010 12219
f 12234 11068 11009
f 12244 11069 12232
f 8937 11063 12243
f 8935 11058 11064
f 8936 11054 11060
f 8933 11053 8939
f 8931 11048 11056
f 8923 11025 11046
f 8925 11052 8932
f 8927 13505 11026
f 8924 13557 13504
f 12871 12875 8800
f 12873 8806 8799
f 12872 12880 8805
f 8807 12882 8810
f 12881 12889 8809
f 12887 8738 8808
f 12891 8735 12886
f 8788 12674 12672
f 12673 12899 12671
f 12670 12900 8798
f 12901 12869 8797
f 12903 12913 8498
f 8501 12911 8786
f 12910 12917 8787
f 8465 12924 8469
f 12920 12926 8466
f 12928 12933 8467
f 8468 12930 8495
f 12935 12939 8497
f 8496 12937 8500
f 12938 12906 8499
f 13030 12918 8470
f 12923 8464 8471
f 8493 12948 8504
f 12944 12949 8503
f 8502 12950 8472
f 12952 13031 8473
f 12959 12963 8483
f 8481 12965 8486
f 12962 12968 8482
f 8485 12974 8488
f 12964 12971 8484
f 8487 12976 8490
f 12975 12979 8489
f 12978 12942 8491
f 8492 12943 8494
f 8476 12989 8477
f 12982 12992 8474
f 12993 12957 8479
f 8478 12958 8480
f 12994 12999 8779
f 8780 13001 8793
f 13003 13006 8792
f 8791 13013 8796
f 13004 13012 8790
f 8794 12986 8475
f 13011 12985 8795
f 8781 13015 12997
f 8737 12893 13023
f 8782 8733 13024
f 8783 13025 13014
f 13026 9573 9521
f 13029 12919 13034
f 9574 13028 13032
f 13027 9524 12925
f 13037 12921 9518
f 12922 13036 12927
f 13033 12954 9572
f 13040 9522 9526
f 12951 12945 9582
f 12953 9583 9569
f 12934 12929 13035
f 13042 9585 12947
f 9530 13038 9525
f 9533 12936 13039
f 13045 9615 9584
f 12977 13041 12946
f 12932 9534 13048
f 12940 12931 13049
f 9610 9612 13043
f 12980 12972 9608
f 12981 9611 13044
f 13050 9531 9629
f 12941 13051 12905
f 9607 12967 9567
f 12973 12969 9605
f 12970 9561 9565
f 12960 9563 12966
f 12955 9558 12961
f 13059 9945 9824
f 9943 13046 9627
f 12908 13047 9942
f 12915 12907 13056
f 12909 12904 13052
f 12676 12916 13053
f 12912 9944 13054
f 12956 12991 9559
f 9564 12988 9548
f 9544 12990 12984
f 12896 13065 12870
f 10012 13062 12897
f 13063 10008 10187
f 13057 9822 10009
f 12902 13055 10010
f 12898 12678 13058
f 10207 13064 10188
f 12876 13060 10204
f 12878 12868 13061
f 12890 13069 10214
f 12888 12879 13070
f 10213 13068 10205
f 13067 12883 12877
f 10206 13066 12874
f 9688 13007 13002
f 9681 13008 13005
f 9684 9694 13009
f 9693 12983 13010
f 9689 9549 12987
f 9889 12884 10212
f 12895 12885 9887
f 9686 12995 10245
f 13000 12996 9683
f 13073 13019 12892
f 12998 13016 10244
f 13071 12894 9890
f 13020 13074 9903
f 13017 9959 10243
f 9904 13072 9891
f 9954 13022 9905
f 9961 13018 13021
f 8775 8452 8749
f 8457 8452 8775
f 8817 8845 8456
f 8819 8455 8776
f 8827 8842 8821
f 13080 13078 8545
f 13082 8546 8539
f 13088 13083 8537
f 10904 13090 8534
f 13114 13094 13121
f 13099 13112 13122
f 13127 13111 13100
f 13108 13110 13126
f 13106 10901 13116
f 13085 13105 13129
f 13084 13125 13104
f 10902 13107 13087
f 13091 13109 13124
f 13092 13123 13081
f 10907 10898 13089
f 13077 13086 13128
f 10900 10915 13136
f 13164 13138 13176
f 13175 13139 13171
f 13167 13152 13157
f 10916 13156 13168
f 13137 13165 13173
f 13174 13169 13097
f 13141 13160 13145
f 13166 13162 13143
f 13133 10918 13163
f 13178 13096 13113
f 13135 13115 10899
f 13134 13177 13117
f 13188 13146 13161
f 13186 13179 13147
f 13271 13158 13155
f 13272 13189 13159
f 10924 13154 10919
f 10927 13274 13153
f 13200 13223 13204
f 13216 8726 8729
f 10934 13207 13219
f 10935 13218 13196
f 13234 13191 13227
f 13213 9044 8724
f 13232 13197 13195
f 13237 9047 13214
f 13244 10930 13199
f 13246 13201 13233
f 13236 9051 9045
f 13230 13224 13248
f 10922 10933 13247
f 13266 9054 13240
f 13243 13231 13260
f 13262 13229 13251
f 13273 13242 13263
f 13265 13253 13182
f 10926 13245 13275
f 13185 13264 13180
f 13241 13217 13256
f 13222 13238 13254
f 13270 13261 13187
f 13267 10931 9050
f 13198 13206 13194
f 13210 13239 13221
f 13220 13255 13203
f 13209 13269 13235
f 10936 13268 13208
f 13079 13279 8543
f 13278 8677 8541
f 13075 13283 13277
f 8542 13541 13553
f 8672 13540 8544
f 13212 8730 13287
f 13297 13215 13289
f 13258 13211 13294
f 13298 13259 13295
f 13205 13257 13299
f 13193 13202 13301
f 13308 13192 13303
f 13225 13190 13309
f 13310 13228 13306
f 13250 13226 13315
f 13317 13252 13313
f 13184 13249 13318
f 13324 13183 13319
f 13325 13148 13181
f 13330 13149 13326
f 13150 13329 13331
f 13142 13151 13336
f 13140 13334 13342
f 13172 13144 13343
f 13093 13338 13345
f 13095 13170 13339
f 13118 13098 13346
f 13119 13347 13350
f 13101 13120 13355
f 13102 13351 13356
f 13130 13103 13357
f 13132 13361 13281
f 13076 13131 13285
f 8676 13276 8641
f 13286 8583 8636
f 13280 13282 8640
f 13358 8580 13284
f 8615 8581 13359
f 8618 13360 8599
f 8718 8598 13354
f 13349 8717 13353
f 8600 13362 13352
f 13363 13379 13373
f 13328 13364 13332
f 13371 13378 13340
f 13370 13341 13333
f 13374 8715 13348
f 13376 13344 13337
f 13369 13372 13335
f 13366 13327 13321
f 13365 13323 8691
f 13311 8688 8692
f 13288 8710 13293
f 8693 13322 13320
f 13394 13291 13382
f 13390 8707 13392
f 13312 13307 8684
f 13302 8689 13305
f 13316 13314 8694
f 8709 8685 13304
f 8712 13300 13296
f 8921 18972 18983
f 8511 8531 8517
f 13503 8532 8505
f 12774 13412 12762
f 12773 13407 13405
f 12761 13404 12751
f 12759 13411 13401
f 12756 13403 13398
f 12755 13395 18071
f 18078 13397 18754
f 8701 13389 13388
f 8705 13409 12770
f 13292 8731 13381
f 13423 13420 13418
f 13423 13418 13429
f 13497 13491 13427
f 13486 13987 13992
f 13424 13490 13991
f 13497 13427 13428
f 13576 13549 13583
f 13573 13546 13548
f 13573 13586 13546
f 13721 13628 13601
f 13640 13633 13669
f 13559 13593 13568
f 13636 13622 13666
f 13608 13598 13674
f 13531 13515 13618
f 13639 13665 13681
f 13592 13637 13680
f 13606 13673 13684
f 13616 13605 13683
f 13603 13629 13696
f 13594 13679 13564
f 13531 13618 13685
f 13602 13694 13672
f 13518 13569 13676
f 13712 13707 13632
f 13706 13698 13657
f 13658 13651 13720
f 13670 13620 13607
f 13671 13695 13733
f 13659 13724 13619
f 13709 13656 13635
f 13675 13737 13689
f 13667 13604 13611
f 13678 13668 13610
f 13528 13686 13734
f 13537 13529 13736
f 13731 13715 13597
f 13517 13677 13613
f 13649 13644 13662
f 13701 13643 13650
f 13623 13722 13600
f 13714 13634 13638
f 13723 13652 13660
f 13560 13732 13595
f 13725 13664 13627
f 13609 13621 13599
f 13718 13641 13596
f 13704 13653 13655
f 13631 13654 13624
f 13742 13752 13756
f 13705 13753 18714
f 13703 13744 13757
f 18729 13697 18717
f 18740 18742 13763
f 18025 13775 13750
f 13646 13700 18728
f 18028 13768 13776
f 13777 13648 18726
f 13741 18029 13751
f 13782 18736 13786
f 13792 13781 13783
f 18737 18751 13787
f 18750 13787 18751
f 13900 13881 13895
f 13913 13896 13921
f 13914 13889 13897
f 13905 13949 18148
f 18147 13951 13899
f 13950 13886 13901
f 13948 13929 13884
f 13924 13968 13959
f 13920 13962 13916
f 13964 13974 13960
f 13961 13976 13979
f 13981 13978 13984
f 13975 13990 13983
f 13871 14041 14007
f 14040 14016 14005
f 14042 14037 14004
f 14035 13994 14021
f 13839 13873 14001
f 13837 14010 14048
f 14055 14063 14022
f 14064 14034 14028
f 14056 14023 14067
f 14068 14029 14072
f 14050 14012 14075
f 14069 14025 14079
f 14008 14014 14030
f 14017 14080 14026
f 13547 14247 13555
f 13585 14250 14244
f 13587 14258 14252
f 13588 17564 14254
f 13591 14247 13547
f 14262 13589 14270
f 14260 17566 13584
f 14295 14203 14153
f 14283 14294 14296
f 14280 14289 14202
f 14277 14197 14291
f 14313 14297 14307
f 14273 14299 14312
f 14272 14285 14298
f 16667 14314 14308
f 13853 14356 14322
f 13865 14318 14357
f 13879 13868 14360
f 13854 13845 14347
f 13862 13851 14324
f 13856 14326 17915
f 13788 13880 14333
f 14365 13796 14339
f 13876 14361 14334
f 13790 14331 13794
f 14372 14366 14340
f 13855 17914 14319
f 16146 14370 14336
f 13864 13859 14315
f 13793 14329 13797
f 13847 14346 14353
f 13799 14332 14343
f 14453 14727 14416
f 14374 14399 14406
f 14375 14438 14379
f 14393 14436 14402
f 14439 14377 14405
f 14394 14403 14446
f 14380 14440 14425
f 14408 14427 14441
f 14460 14392 14442
f 14437 14390 14412
f 14468 14426 14407
f 14444 14434 14462
f 14432 14422 14474
f 14497 15509 14476
f 14489 14480 14515
f 14483 15512 14512
f 14503 14491 14511
f 14456 14431 14470
f 14501 14513 14535
f 14528 14500 14530
f 14514 15511 14533
f 15513 14564 14532
f 14542 14526 14551
f 14527 14534 14549
f 14424 14598 14475
f 14449 14413 14536
f 14389 14520 14506
f 14531 14563 14547
f 14556 14544 14550
f 14414 14385 14507
f 14409 14391 14459
f 14473 14597 14574
f 14554 14548 14565
f 14455 14471 14581
f 14555 14566 14585
f 14417 14508 14590
f 14567 14603 14582
f 14410 14457 14609
f 14465 14411 14608
f 14505 14516 14559
f 14586 14604 14634
f 14418 14591 14537
f 14510 14562 14614
f 14643 14636 14632
f 14600 14649 14645
f 14633 14599 14641
f 14509 14615 14593
f 14659 14584 14630
f 14638 14661 14631
f 14642 14648 14682
f 14579 14472 14575
f 14558 14665 14610
f 14589 14613 14676
f 14467 14606 14481
f 14458 14580 14696
f 14607 14461 14689
f 14487 14466 14479
f 14671 14612 14685
f 14611 14667 14687
f 14594 17461 14573
f 14577 14571 14718
f 13810 13806 14711
f 13831 13820 14707
f 13814 13812 14712
f 14670 14683 14395
f 14666 14734 14688
f 14396 14686 14400
f 14706 13813 14725
f 13804 13826 14735
f 14477 14605 14695
f 13816 14714 14722
f 14713 13803 14737
f 14693 14578 14717
f 14404 14732 14447
f 14490 14484 14478
f 14729 14742 14445
f 14482 14691 14496
f 14715 14739 14519
f 14716 14388 14723
f 14720 14572 14620
f 17455 14624 14617
f 14448 14708 14726
f 14576 17457 14619
f 14443 14743 14435
f 14592 14675 14540
f 14724 14387 14415
f 14746 14420 14433
f 14541 14672 14654
f 14710 14521 14386
f 14653 14673 14700
f 14704 14674 14397
f 14703 14398 14378
f 14684 14728 14401
f 14702 14376 14381
f 14753 14792 14770
f 14785 14767 14915
f 14775 14791 14802
f 14772 14803 14806
f 14784 14810 14762
f 14834 14837 14856
f 14844 14848 14862
f 14822 14819 14790
f 14787 14835 14823
f 14750 14882 14887
f 14825 14801 14817
f 14859 14694 14719
f 14868 14877 14747
f 14892 14841 14830
f 14755 14876 14864
f 14761 14955 14909
f 14875 14748 14776
f 14923 14954 14759
f 14839 14846 14861
f 14788 14818 14799
f 14754 14884 14926
f 14902 14832 14933
f 14907 14769 14757
f 14906 14914 14764
f 14794 14781 14765
f 14751 14836 14789
f 14853 14948 14854
f 14941 14920 14756
f 14943 14937 14917
f 14774 14811 14786
f 14901 14891 14828
f 14815 14795 14768
f 14779 14945 14758
f 14857 14618 14829
f 14814 14763 14805
f 14721 14622 14855
f 14916 14908 14897
f 14895 14910 14951
f 14773 14911 14874
f 14931 14752 14925
f 14616 14820 14831
f 14749 14932 14833
f 14912 14771 14783
f 14760 14766 14780
f 14870 14913 14894
f 14958 14961 14651
f 14650 14962 14678
f 15005 15009 14993
f 14987 14996 15091
f 15012 14865 14869
f 15019 14921 15065
f 15076 14970 15051
f 15056 15092 15073
f 15023 15068 15049
f 15072 15088 15082
f 14860 14946 15133
f 15103 15053 15071
f 15075 15080 15144
f 15083 14969 15148
f 15139 14692 14858
f 14968 15084 15021
f 15184 15158 15194
f 15195 15101 15018
f 15201 15001 14995
f 14966 15020 15052
f 15177 14647 14601
f 15215 15169 15210
f 14977 15242 15234
f 15246 15554 15260
f 15270 15255 15252
f 15293 15283 15245
f 15244 15258 15294
f 15249 15298 15269
f 15282 15319 15311
f 15254 15325 15292
f 15143 15332 15138
f 15305 15281 15291
f 15272 15299 15337
f 15323 15256 15345
f 15257 15267 15350
f 15334 15368 15271
f 15344 15268 15370
f 15303 15351 15359
f 15309 15360 15340
f 15304 15289 15356
f 15378 15354 15326
f 15355 15290 15322
f 15321 15042 15313
f 15044 15383 15314
f 15369 15372 15346
f 15375 15393 15347
f 15361 15357 15124
f 15352 15409 15127
f 15406 15358 15400
f 15408 15428 15420
f 15367 15335 15431
f 15450 15149 15453
f 15459 15411 15405
f 15410 15458 15427
f 15402 15415 15462
f 14947 15261 15131
f 15253 15199 15297
f 15366 15433 15376
f 15466 15569 15475
f 15461 15414 15481
f 15436 15482 15416
f 15495 15457 15490
f 15336 15390 15430
f 14495 14690 15134
f 15526 15531 15178
f 15296 14991 15388
f 15054 15098 15156
f 15039 15162 15182
f 15111 15188 15085
f 15113 14898 15186
f 15181 15540 15031
f 15132 15327 15503
f 15176 15129 15504
f 15185 14918 15022
f 15102 14982 15014
f 15508 14494 15137
f 15506 15521 15174
f 15232 15211 15226
f 15365 15310 15301
f 15300 15392 15333
f 15401 15353 15380
f 14568 15172 14602
f 15460 15492 15497
f 14967 15079 14980
f 15069 14919 14938
f 14957 15171 15219
f 15545 15483 15440
f 15478 15546 15552
f 14956 14652 15170
f 15206 15221 15218
f 15222 15275 14972
f 15248 15556 15274
f 14973 15557 15243
f 15553 15251 15259
f 15558 15239 15285
f 15286 15241 15247
f 15559 15287 15312
f 15320 15288 15306
f 15284 15302 15307
f 15387 15561 15315
f 15562 15000 15202
f 15317 15308 15342
f 15030 14986 15058
f 15229 15227 14974
f 15061 15043 15316
f 15236 15230 14975
f 15555 14976 15278
f 15363 15105 15097
f 15062 15318 15338
f 15123 15060 15343
f 15324 15348 15379
f 15349 15394 15381
f 15120 15339 15093
f 15371 15445 15395
f 15153 15119 15096
f 15155 15095 15107
f 15382 15398 15403
f 15341 15362 15094
f 15150 15447 15118
f 15419 15128 15407
f 15399 15441 15439
f 15262 15141 15135
f 15404 15397 15412
f 15364 15126 15110
f 15413 15396 15438
f 15570 15165 15425
f 15469 15164 15567
f 15518 15542 15442
f 15154 15106 15163
f 15422 15476 15568
f 15108 15125 15421
f 15168 15109 15417
f 15280 15565 15197
f 15250 15273 15200
f 15515 15444 15373
f 15426 15167 15418
f 15489 15463 15477
f 15530 15035 15429
f 15037 15374 15434
f 15203 14989 15295
f 15435 15028 15527
f 15151 15166 15468
f 15033 15514 15040
f 15543 15437 15443
f 15432 15389 15029
f 15452 15152 15465
f 15510 15130 14569
f 15136 15173 14570
f 15010 14871 14999
f 14990 15087 15055
f 15472 15423 15502
f 15529 15025 15160
f 15089 14997 15116
f 15115 15086 15090
f 15026 15057 15161
f 14998 14873 15114
f 15036 15528 15159
f 15496 15424 15464
f 15112 14872 14899
f 15535 15204 15175
f 15104 15074 15146
f 15034 15038 15180
f 15377 15041 15520
f 15100 15191 15157
f 14896 14953 15190
f 15024 15081 15187
f 15548 15544 15519
f 15147 14971 14981
f 15539 15550 15516
f 15538 15517 15032
f 14922 15189 14952
f 15099 15145 14978
f 14988 15027 15391
f 15198 14994 14992
f 15484 15549 15602
f 15609 15575 15449
f 15590 15597 15491
f 15603 15584 15480
f 15121 15577 15059
f 15448 15576 15122
f 15479 15585 15586
f 15455 15633 15451
f 15632 15613 15446
f 15486 15485 15589
f 15571 15579 15117
f 15640 15645 15500
f 15493 15487 15604
f 15488 15596 15606
f 15499 15494 15605
f 15607 15636 15501
f 15474 15498 15643
f 15580 15615 15063
f 15473 15644 15647
f 15467 15471 15648
f 15622 15045 15619
f 15064 15620 15046
f 15470 15649 15454
f 15650 15631 15456
f 15621 15385 15047
f 15656 15601 15551
f 14940 14782 15674
f 15683 15689 15677
f 14942 15675 15693
f 14936 14944 15694
f 15676 15688 15690
f 15067 14939 15691
f 15686 15701 15692
f 15070 15696 15705
f 15048 15066 15710
f 15077 15050 15708
f 15702 15709 15695
f 14979 15078 15707
f 15715 14985 15703
f 15718 15733 15723
f 14798 15720 15726
f 15735 15740 15756
f 15745 14109 14126
f 15724 15728 15759
f 15741 15760 15749
f 15738 15752 15758
f 15766 15784 15767
f 15768 15782 15776
f 15783 15786 15774
f 15775 15788 15658
f 17185 15746 15794
f 15787 15806 15801
f 15661 15789 15800
f 17184 15796 15797
f 15804 17183 15802
f 15820 15742 14132
f 15818 15795 15743
f 15793 15664 15798
f 15670 15659 15799
f 15725 15810 14797
f 15772 15660 15823
f 15821 15826 15777
f 14131 14140 15816
f 14139 15848 15817
f 15669 15837 15850
f 15819 15844 15840
f 15846 15852 15839
f 15662 15668 15878
f 15183 15193 15862
f 15824 15663 15877
f 15863 15192 15882
f 15196 15016 15883
f 15884 15017 15898
f 15849 15901 15667
f 15015 14984 15895
f 15666 15903 15875
f 15894 14983 15716
f 15874 15888 15822
f 15748 14127 14133
f 15935 15870 15925
f 14813 14807 15855
f 15940 15958 15856
f 15945 15953 15930
f 15926 15950 15936
f 15954 14816 15854
f 15873 15932 15939
f 15933 15965 15937
f 14796 14812 15960
f 15961 15970 15942
f 15956 15938 15972
f 15974 15682 15678
f 15791 15815 15838
f 15792 15841 15665
f 15727 15753 15811
f 15755 15834 15813
f 15769 15773 15829
f 15828 15913 15771
f 15757 15905 15832
f 15872 15859 15809
f 15871 15808 15833
f 14144 15842 14136
f 14804 15812 14809
f 15814 15858 14808
f 15929 15907 15943
f 15911 15918 15947
f 15857 15868 15941
f 15827 15893 15915
f 15921 15721 14827
f 15722 14800 14826
f 15912 15754 15751
f 15761 15910 15750
f 15909 15762 15770
f 15831 15914 15908
f 15906 15928 15835
f 15927 15869 15836
f 15825 15887 15830
f 14778 14793 15955
f 15959 15969 15673
f 15967 15976 15672
f 14777 15957 15671
f 15997 14213 14198
f 14121 16024 14116
f 14204 14286 15996
f 14095 16005 16016
f 14238 14091 15980
f 16026 16040 14115
f 14235 15983 15987
f 16027 15978 14093
f 14112 16043 16030
f 16039 14124 14102
f 14087 16015 16007
f 14123 16036 16022
f 14228 14237 15988
f 16029 14090 14117
f 14103 16021 16033
f 14232 16008 14084
f 14082 16006 14098
f 16020 14104 14097
f 14223 15990 14209
f 15986 16051 14226
f 14225 16048 14222
f 16046 15995 14219
f 16014 14231 14216
f 16001 16013 14214
f 16063 16087 14164
f 16067 16056 14189
f 14191 16079 14187
f 16081 16066 14186
f 16055 16074 14181
f 16091 14192 14210
f 14185 16053 14176
f 16089 14208 15994
f 16077 16062 14172
f 16065 14168 14174
f 16075 14175 14179
f 16093 16083 14190
f 16095 15924 14824
f 14629 16096 14623
f 14621 16099 14821
f 15179 15861 15536
f 15537 15866 15653
f 15541 15654 15547
f 16117 16128 16121
f 16115 16206 16127
f 16141 16105 16109
f 16140 16112 16150
f 16155 16123 16157
f 17727 16133 16137
f 16151 16118 16120
f 14335 16139 16149
f 17725 16136 16163
f 16169 16153 16156
f 16176 17728 16166
f 16170 16158 16179
f 16184 14269 16191
f 16187 14264 14268
f 16194 16168 16180
f 16201 16175 16162
f 16197 16177 16210
f 16202 16165 16124
f 16216 16199 16212
f 16131 16188 16190
f 16130 16193 16135
f 16106 16213 16208
f 16107 16207 16108
f 14267 13590 13571
f 16245 16110 16209
f 16237 16240 16211
f 16229 14266 13570
f 16231 16189 14265
f 16237 16211 16178
f 16247 16255 16147
f 16238 16181 16161
f 16254 14371 16145
f 16244 16148 16111
f 16228 16134 16192
f 16223 16164 16138
f 16223 16125 16164
f 16227 16122 16126
f 16227 16160 16122
f 16225 16234 16159
f 16219 16232 16226
f 15560 15384 15237
f 15386 15626 15238
f 15240 15625 16260
f 15624 16267 16256
f 16268 16277 16263
f 16262 16275 16284
f 13911 16273 13969
f 16281 16274 13907
f 16283 13908 16289
f 16280 18937 13972
f 15233 15235 16257
f 15220 15231 16329
f 13478 13501 16351
f 13958 16331 13919
f 13918 16356 16342
f 16353 16363 16340
f 16361 14964 16368
f 13475 16349 16372
f 16339 16362 16364
f 13477 16370 13484
f 13483 16369 13498
f 16365 14965 15216
f 13494 16371 16380
f 14963 14959 15213
f 13917 16333 16357
f 13493 16376 16384
f 13492 16383 13488
f 13489 16382 16392
f 13487 16391 13985
f 13892 13890 16393
f 13980 13986 16332
f 13988 16390 16335
f 13982 16337 13963
f 13888 13915 16344
f 16395 13891 16343
f 16401 16423 16679
f 16437 16405 14274
f 16441 16422 16402
f 16446 16399 16403
f 16445 16454 16425
f 16459 16420 16451
f 16464 16460 16452
f 16456 16467 16453
f 15598 15655 16476
f 16470 16272 16462
f 16266 16458 16276
f 16469 16491 16278
f 15595 16502 15634
f 15594 15635 15608
f 16497 16483 16674
f 16508 15593 15587
f 16510 16505 15592
f 16522 15582 15600
f 15637 16503 16529
f 16513 16535 16506
f 16504 16532 16525
f 15591 15583 16521
f 16517 15639 16528
f 16512 16549 16537
f 16546 16477 16501
f 16533 16511 16538
f 16564 16547 16498
f 16558 16527 16536
f 16591 16563 16495
f 16585 16581 16557
f 16592 16499 16552
f 16593 16548 16565
f 16572 15629 15652
f 16609 16594 16550
f 16606 16620 16616
f 16542 16544 16597
f 16579 16637 16567
f 16605 16541 16596
f 16573 16608 16554
f 16604 16595 16610
f 16629 16617 16621
f 16636 16586 16630
f 16612 16619 16603
f 16641 15630 16571
f 16623 16644 16627
f 16622 16611 16577
f 14279 16624 16574
f 16642 16625 14278
f 16481 16520 15599
f 16480 16545 16524
f 16664 16639 16651
f 16645 16408 16635
f 16507 15588 16523
f 14282 14275 16643
f 16509 16519 16543
f 16566 15642 16518
f 16450 16421 16414
f 16433 16449 16415
f 15578 16419 15616
f 14310 16473 16436
f 16461 15614 16418
f 16475 14311 16668
f 16472 16669 16493
f 16474 16490 16488
f 15623 15617 16264
f 16463 16265 15618
f 16526 16556 16516
f 16614 16531 16540
f 16599 16534 16613
f 16618 16539 16607
f 16590 16562 16601
f 16514 15641 15638
f 16598 16615 16631
f 16580 16587 16654
f 15651 15646 16570
f 16583 16648 16638
f 16647 16632 16626
f 15627 16640 16666
f 16559 16568 16515
f 16432 16661 16652
f 16412 15572 15612
f 16665 16428 16413
f 16582 16569 16560
f 16416 15581 15574
f 16417 15573 16411
f 16448 16431 16427
f 14276 14309 16434
f 16439 16444 16409
f 16447 16424 16457
f 16443 16484 16466
f 16442 16465 16455
f 16438 16471 16485
f 16435 16486 16440
f 16468 16487 16492
f 16530 16600 16561
f 16653 16588 16658
f 16628 16589 16602
f 16633 16660 16584
f 16663 15610 15628
f 16657 16634 16407
f 16680 16650 16655
f 16410 15611 16662
f 16429 16649 16677
f 16400 16678 16659
f 14271 16404 16646
f 16398 16656 16406
f 16426 16430 16681
f 15860 16479 15657
f 16682 16478 15867
f 16684 16676 16482
f 16693 16675 16686
f 16692 16494 16673
f 16696 16553 16496
f 16697 16500 16690
f 16702 16555 16698
f 16703 16576 16551
f 16710 16578 16704
f 16709 14284 16575
f 14288 14281 16711
f 16712 15865 15881
f 16000 16967 16009
f 16685 15864 16713
f 16688 16683 16716
f 16691 16717 16721
f 16738 16729 16994
f 16732 15697 15685
f 16767 16735 16992
f 16774 16779 16753
f 16815 16803 16794
f 16820 15698 16731
f 16810 16770 16827
f 16840 16830 16816
f 15993 16805 16826
f 16853 16725 16739
f 16823 16730 16728
f 16859 16847 16841
f 16857 16863 16845
f 16887 16736 16765
f 16889 16851 16737
f 16850 16822 16727
f 16695 16687 16894
f 16809 16884 16769
f 16741 16757 16897
f 16742 16751 16752
f 16747 16740 16905
f 16754 16906 16895
f 16743 16821 16848
f 16745 16898 16819
f 16788 16748 16764
f 16050 16807 15992
f 15981 16786 16759
f 16771 16785 16789
f 16920 16886 16806
f 16028 16790 16783
f 16915 15699 16818
f 16903 16744 16849
f 16902 16852 16888
f 16912 15704 15700
f 16899 16910 16817
f 16049 16921 16808
f 16811 16797 16929
f 16800 16814 16834
f 16917 16900 16885
f 15989 16918 16047
f 16837 16812 16949
f 16831 16838 16843
f 16763 16901 16919
f 16907 16913 16896
f 16869 16862 16876
f 15984 16762 16922
f 16883 16871 16864
f 16874 16718 16870
f 16893 16719 16873
f 16892 16689 16723
f 16934 16890 16875
f 16694 16891 16933
f 16938 16911 16909
f 16945 15711 16914
f 16761 16749 16904
f 16776 16756 16746
f 16775 16750 16784
f 16937 16947 16916
f 16950 16813 16928
f 16858 16839 16957
f 16946 15712 15706
f 16940 16908 16758
f 16031 16787 15982
f 16930 16872 16881
f 16931 16879 16969
f 16781 16942 16755
f 16976 16948 16943
f 16701 16699 16932
f 16700 16935 16708
f 16978 16782 16772
f 16802 16975 16941
f 16983 16773 16791
f 16974 15717 16944
f 16780 16801 16939
f 16951 16923 16984
f 16959 16836 16953
f 16963 16855 16956
f 16044 16977 16793
f 16798 16778 16979
f 16796 16804 16777
f 16705 16936 16966
f 16995 16981 16041
f 16760 15985 15979
f 16924 16795 16982
f 16792 16032 16042
f 16996 16037 16925
f 16832 16973 16799
f 16987 16926 16038
f 16955 16952 16988
f 16999 16927 16980
f 16965 16960 16004
f 16964 16003 16010
f 16025 16998 16045
f 16970 16882 16011
f 16706 16968 15999
f 16833 17003 16971
f 17002 15713 16972
f 16766 16989 17085
f 16035 16997 16023
f 17001 15896 15714
f 14287 16707 15998
f 16846 17005 16835
f 16017 16985 16034
f 16018 16954 16986
f 17009 15897 17004
f 16866 17007 17006
f 16868 17000 16842
f 17012 15885 15899
f 16002 16958 16019
f 16860 16865 16844
f 16877 16861 16854
f 16714 15886 17010
f 16880 16856 16962
f 16012 16878 16961
f 16722 17011 16867
f 16720 16715 17008
f 17026 17037 17027
f 15679 15973 17019
f 17032 17041 17017
f 17042 16082 17018
f 16070 17044 17060
f 17047 16072 17117
f 17057 17043 17034
f 17055 17035 17020
f 17046 16058 16073
f 17072 16084 16060
f 17063 16057 16068
f 17053 17024 17079
f 16092 15991 16824
f 17062 17054 17091
f 17061 17090 16054
f 15966 17067 15975
f 17101 17089 17051
f 17078 17108 17052
f 15968 17111 17064
f 17115 17107 17077
f 17102 17056 17105
f 15900 17136 15880
f 15904 17070 17135
f 15851 17069 15902
f 17103 17141 17121
f 17144 17099 17110
f 17148 17075 15845
f 17113 17154 17109
f 15971 15964 17114
f 17120 17140 17050
f 17151 17116 15963
f 17096 16990 16724
f 17150 15949 17156
f 15952 17155 15934
f 15892 17167 15916
f 16828 16768 17084
f 15687 17093 16733
f 17082 17015 16825
f 17030 17081 16993
f 16078 16088 17016
f 16069 16080 17040
f 17031 17036 17039
f 17023 15977 17068
f 17058 17059 17038
f 17065 17076 17025
f 17088 16071 16052
f 17080 17066 17112
f 17118 16076 17087
f 17119 17086 17100
f 17157 17139 17104
f 17158 17106 17152
f 17153 15962 15931
f 17045 17143 17124
f 17125 17142 17159
f 17048 17126 17128
f 17163 17160 15951
f 17166 17127 17161
f 17130 16059 17049
f 17165 15948 15946
f 16061 17131 17134
f 15891 17123 17164
f 17129 17122 15889
f 17162 15944 15917
f 15879 17137 17133
f 16064 17138 17073
f 15876 17132 15890
f 15843 17071 15853
f 17149 16085 17074
f 17145 14169 16086
f 15847 14142 17147
f 14147 14162 17146
f 16726 16734 17095
f 17013 16090 16829
f 17029 17014 17083
f 15681 17098 15684
f 17094 17028 16991
f 15680 17021 17092
f 17033 17097 17022
f 17202 17180 17191
f 15747 17181 17195
f 17194 17186 17201
f 17198 17200 14032
f 14036 17199 13995
f 17230 15765 15736
f 17221 17226 17251
f 13998 17253 17170
f 17178 17241 17254
f 13996 17179 17255
f 17261 17237 17212
f 15731 15719 15922
f 15764 17263 15778
f 17264 17242 17176
f 15779 17268 15790
f 15780 17265 17174
f 17269 15781 17177
f 17187 15807 17270
f 17188 17271 17175
f 17190 17182 15805
f 15729 17273 15739
f 17171 14024 14000
f 13997 17189 17173
f 17192 13999 17203
f 17278 17229 15737
f 17249 17168 17252
f 17231 17274 17243
f 14033 14058 17193
f 17232 17240 17267
f 14106 15744 17197
f 17266 15763 17233
f 17272 15803 15785
f 17196 14057 14107
f 17262 17239 17276
f 17206 15734 15923
f 15732 17207 17235
f 17209 17213 17234
f 17217 17259 17214
f 17260 17219 17247
f 15730 17238 17277
f 14020 17172 17227
f 17258 17275 17236
f 17250 17223 17169
f 17246 17245 17257
f 17256 17244 17248
f 17305 16100 14628
f 17299 17308 14625
f 17324 17339 17205
f 17314 17311 17224
f 17351 17283 17296
f 16101 17325 15919
f 17316 17365 17313
f 17358 17366 17318
f 17323 17370 17329
f 17354 17222 17346
f 17355 17380 17367
f 17352 17362 17407
f 17395 17340 16094
f 17338 17389 17347
f 17335 17215 17208
f 17399 17448 14003
f 17391 17433 17343
f 17386 14019 17310
f 17387 17309 17368
f 17442 17294 17438
f 17394 16097 17307
f 17289 17435 17295
f 17384 14009 14031
f 17430 17440 17424
f 17319 17284 17353
f 17300 17429 17390
f 17298 17393 17306
f 17350 17371 17321
f 17437 17287 17381
f 17405 17361 17419
f 17363 17379 17418
f 17402 17328 17369
f 17286 14006 17383
f 17331 17401 14002
f 17303 17281 17431
f 17290 17439 17279
f 17292 17280 17320
f 17225 17312 14027
f 17228 17218 17317
f 17327 17204 15920
f 17341 17210 17337
f 17342 17216 17211
f 17220 17357 17315
f 17360 17349 17304
f 17348 17406 17372
f 17376 17364 17302
f 17377 17301 14626
f 17414 17400 17373
f 17415 17374 17404
f 17392 17396 17297
f 17336 17326 16098
f 17334 17397 17388
f 17432 17282 17441
f 17356 17427 17382
f 17425 17359 17345
f 17344 17428 17426
f 17423 17436 17385
f 17443 17434 17422
f 17330 17288 17293
f 17333 17291 17322
f 17332 14013 17285
f 17378 17458 17416
f 17409 17408 17417
f 17452 17420 17460
f 17454 17411 17421
f 14627 17462 17375
f 17410 17464 17403
f 17413 17472 17465
f 17456 14596 17477
f 17451 17468 17412
f 17469 17450 17474
f 14073 17489 14046
f 17503 14049 17490
f 17517 17495 17514
f 17502 17486 17506
f 14419 17478 14595
f 14733 17516 14741
f 17507 14561 17504
f 14668 17508 17520
f 17522 14740 13825
f 13833 14047 17524
f 14736 17523 17501
f 13821 13835 17526
f 17463 17449 17398
f 14076 14011 17447
f 17487 14077 17496
f 17509 17488 17494
f 17515 17497 17480
f 17519 17510 17492
f 17518 17513 14731
f 14730 14664 17521
f 17453 17459 17475
f 17481 17444 17467
f 17470 17485 17466
f 17446 17482 17493
f 17530 17473 17479
f 14074 17445 17491
f 17532 17476 14421
f 17529 17484 17471
f 17528 14423 14745
f 17511 17483 17527
f 17512 17531 14744
f 14557 17505 14669
f 17498 17525 14045
f 14518 17499 14560
f 14517 14738 17500
f 16358 17535 14680
f 16360 14677 14960
f 16352 17536 16359
f 17544 17550 17538
f 17543 17534 16355
f 17552 17546 17542
f 17558 17561 17548
f 17554 14261 17562
f 17565 14263 17553
f 17570 17759 17576
f 17571 16185 17755
f 17590 17599 17584
f 17603 17573 17578
f 14640 17585 14637
f 14646 17588 17586
f 17602 17579 17598
f 17607 17606 17593
f 17592 17608 17600
f 17559 14259 16186
f 17563 16183 17574
f 17551 17560 17572
f 17547 17569 17601
f 17539 17609 17587
f 17540 17549 17604
f 17537 17605 17610
f 14681 17533 17589
f 14679 17591 14644
f 17612 16143 14338
f 17611 14337 17618
f 17624 17613 17619
f 17631 17626 17620
f 17646 17627 17632
f 17640 17633 14525
f 17636 17644 17630
f 14546 17638 14522
f 17667 16154 16167
f 17664 16114 16152
f 17676 17669 17671
f 17687 16103 16144
f 17685 16142 17617
f 17700 17686 17614
f 17691 17678 17695
f 16204 17707 16173
f 17690 17703 16203
f 17701 17615 17645
f 17704 17692 17696
f 17697 17680 17715
f 17713 17716 17732
f 17710 17735 17693
f 17706 17729 16174
f 17708 17694 17730
f 17738 17698 17641
f 17745 14662 14635
f 17709 17753 17726
f 17741 17643 17639
f 17647 16104 17683
f 17767 17743 17637
f 17651 16214 16102
f 17770 17650 17682
f 17768 17684 17702
f 14545 17763 17635
f 17742 17771 17699
f 17648 16195 16215
f 17654 16198 17649
f 17655 17659 16200
f 14552 17766 14543
f 16196 17663 16171
f 17782 17657 17769
f 17665 16172 17662
f 17785 17772 17740
f 17790 17786 17737
f 17705 17736 17754
f 17762 17791 17739
f 17784 17658 17656
f 14342 17777 17621
f 17798 17788 17764
f 14588 17796 17761
f 14587 17765 14553
f 17807 17661 17781
f 17809 17802 17783
f 17808 17780 17787
f 17803 17670 17660
f 17804 17672 17668
f 17797 17810 17789
f 17652 17773 17653
f 17679 16119 17666
f 17818 17813 17800
f 17825 17675 17805
f 17823 17806 17812
f 14663 17801 14583
f 14658 17817 17799
f 17689 16205 16113
f 17688 16116 17681
f 17816 17821 17811
f 17714 17673 17822
f 17711 17677 17674
f 17719 17712 17824
f 17642 17616 17625
f 17717 17820 17814
f 17748 17721 17819
f 14660 17747 17815
f 17760 16132 17724
f 17794 17734 17718
f 17583 17720 17744
f 17756 17723 17751
f 14639 17582 17746
f 17581 17793 17722
f 17577 17757 17752
f 17597 17750 17731
f 17596 17575 17749
f 17595 17733 17795
f 17580 17594 17792
f 16182 16129 17758
f 17857 17775 14327
f 17841 17774 17858
f 17845 17863 17826
f 17839 17862 17844
f 17859 17853 17829
f 14358 17854 14328
f 17836 17856 17869
f 14469 14486 17921
f 17870 14464 17919
f 17837 17868 17893
f 17840 17892 17864
f 17890 17879 17861
f 17878 17899 17848
f 17880 17888 17900
f 17887 17916 17901
f 17902 17908 17876
f 17896 17877 17906
f 17872 14429 14463
f 17922 17898 17909
f 14383 14430 17939
f 17904 17917 17953
f 17903 17954 17910
f 17924 14492 17897
f 14321 17885 17959
f 14355 17883 14325
f 17950 17912 17955
f 14350 14450 17970
f 14344 17969 17974
f 14349 17976 14454
f 17925 17960 17948
f 17957 17932 17949
f 17936 17929 17951
f 14657 14697 17991
f 17989 14701 17986
f 17984 17975 17990
f 17982 14352 17971
f 17835 14499 14523
f 14330 17779 14341
f 17830 17850 17832
f 17851 14502 17834
f 17881 17849 17860
f 14504 17895 14488
f 17867 17855 14359
f 17918 17907 17962
f 17952 17964 17905
f 17827 14524 17628
f 14316 17866 14362
f 17894 14498 17852
f 14317 17889 17865
f 14320 17913 17891
f 14493 17920 14485
f 17956 17911 14323
f 17961 17875 17923
f 17874 17963 17926
f 17958 17884 17934
f 17940 17873 17930
f 17937 14428 17871
f 14699 14384 17942
f 17943 14382 17938
f 17945 17941 17928
f 17931 17985 17944
f 17933 17946 17927
f 17983 17935 17882
f 17987 14698 17947
f 17965 14656 17992
f 17966 14539 14655
f 17981 17886 14351
f 17972 17967 17988
f 14452 14538 17968
f 14345 17973 14354
f 14705 14451 17978
f 13828 14709 17979
f 14348 13841 17980
f 13842 13829 17977
f 17831 17833 14529
f 17634 17622 17846
f 17843 17828 17629
f 17847 17623 17776
f 17842 17778 17838
f 18266 13932 17998
f 13933 13936 17999
f 18741 13767 18738
f 13743 18021 18027
f 18014 13519 18032
f 18015 18033 18008
f 13525 13510 18035
f 18023 18004 18042
f 18003 18009 18047
f 18024 18039 18030
f 18002 18046 18038
f 18011 18037 18048
f 18031 13511 18074
f 13543 13532 18086
f 18054 13543 18086
f 18062 18052 18094
f 18058 18087 18099
f 18049 18034 18100
f 18036 18076 18102
f 13512 13558 18079
f 18061 18097 18065
f 18050 18105 18108
f 18043 18045 18109
f 18088 13536 18115
f 18044 18112 18120
f 18040 18124 13765
f 18085 18117 18129
f 18095 18084 18131
f 18026 18041 13761
f 18064 18096 18133
f 18098 18127 18136
f 13534 13521 18114
f 18066 18132 18022
f 18090 18068 18020
f 18092 18018 13740
f 18135 18128 18005
f 18126 18118 18012
f 18130 18013 18007
f 18119 13523 18016
f 18116 18017 18010
f 18019 18134 18006
f 13699 13708 18089
f 13745 13702 18091
f 18093 13711 18067
f 13710 13717 18070
f 18069 13719 18060
f 18063 13716 18059
f 13713 13726 18055
f 13730 13562 13543
f 18054 13730 13543
f 16286 18153 16259
f 18144 16285 16288
f 16293 18141 16287
f 18167 16328 18158
f 18151 16292 13906
f 18157 18137 18176
f 13904 18163 18150
f 13903 18182 18162
f 18193 18173 18166
f 18199 15214 16327
f 18170 18152 18174
f 18203 18185 18190
f 18155 16325 16261
f 18160 18181 18189
f 16330 15228 16258
f 18188 16396 16341
f 18191 16347 18204
f 18196 18186 18205
f 18168 18198 16326
f 18143 16291 18161
f 18187 18197 18171
f 18178 13902 13894
f 18184 18172 18194
f 18183 18169 18175
f 18208 15212 18195
f 18200 18201 18207
f 18180 16394 18192
f 18138 18165 18177
f 16366 15217 18206
f 16397 18179 13893
f 16346 18210 18202
f 16345 16367 18209
f 18159 16290 18149
f 18140 18156 18142
f 18164 18139 18145
f 18146 18154 16282
f 14302 18216 16312
f 14148 14158 16318
f 14301 14290 18217
f 14306 14300 16315
f 14305 16316 16304
f 16269 16672 16297
f 14292 14151 16319
f 16489 16671 16270
f 14293 16324 18218
f 14304 16307 16295
f 16670 14303 16300
f 16338 17541 16354
f 17555 17545 16334
f 17556 16336 16389
f 17568 17557 16388
f 14257 17567 16386
f 14255 16387 16381
f 14256 16385 16378
f 14251 14253 16377
f 14249 16379 16373
f 14242 16375 16348
f 14243 14248 16374
f 14245 16350 13508
f 14246 13507 13556
f 18222 13944 18225
f 18228 13947 13954
f 18224 13952 18230
f 13953 13955 18234
f 18231 13957 18237
f 18235 13956 13882
f 18245 18236 13887
f 13935 17994 17997
f 17996 17993 18250
f 17995 13946 18249
f 18248 13945 18220
f 18256 13466 18260
f 13467 13934 18263
f 18261 13931 18265
f 13432 13435 18274
f 18275 13437 18278
f 18277 13434 18287
f 13436 13465 18283
f 18281 13464 18289
f 13463 13469 18292
f 18288 13468 18254
f 18384 13441 18276
f 18269 13440 13433
f 13461 13471 18293
f 18297 13470 18300
f 13472 13439 18305
f 18302 13438 18382
f 18308 13449 18311
f 13448 13453 18317
f 18313 13450 18321
f 13452 13457 18325
f 18318 13454 18326
f 13455 13458 18329
f 18322 13456 18330
f 18331 13459 18298
f 13460 13462 18294
f 13443 13447 18342
f 18333 13444 18344
f 18343 13445 18310
f 13446 13451 18306
f 18348 13926 18354
f 13927 13939 18352
f 18353 13938 18356
f 13937 13941 18361
f 18357 13940 18359
f 13942 13442 18336
f 18363 13943 18334
f 13928 18349 18368
f 13885 18370 18246
f 13925 18375 13883
f 13930 18366 18376
f 18380 14840 14889
f 18377 18381 18270
f 14890 18385 18379
f 18378 18271 14838
f 18391 14842 18273
f 18272 18279 18390
f 18383 14893 18304
f 18387 14847 14843
f 18301 14904 18296
f 18303 14888 14903
f 18284 18386 18280
f 18396 18295 14900
f 14851 14845 18389
f 14850 18388 18286
f 18395 14905 14934
f 18328 18299 18394
f 18285 18397 14849
f 18290 18398 18282
f 14929 18393 14935
f 18327 14927 18323
f 18332 18392 14928
f 18399 14949 14852
f 18291 18257 18400
f 14930 14886 18320
f 18324 14924 18319
f 18316 14885 14879
f 18314 18315 14881
f 18309 18312 14880
f 18405 15140 15266
f 15264 14950 18401
f 18262 15265 18402
f 18268 18406 18264
f 18259 18403 18255
f 18001 18407 18267
f 18258 18404 15263
f 18307 14878 18341
f 14883 14866 18340
f 14867 18338 18339
f 18253 18219 18415
f 15329 18251 18414
f 18416 15507 15331
f 18410 15328 15142
f 18247 15330 18409
f 18252 18408 18000
f 15522 15505 18412
f 18229 15523 18413
f 18226 18411 18221
f 18240 15533 18418
f 18239 18419 18232
f 15534 15525 18421
f 18417 18223 18233
f 15524 18227 18420
f 15007 18350 18355
f 15003 18358 18360
f 15004 18364 15008
f 15011 18362 18335
f 15013 18337 14863
f 15207 15532 18241
f 18242 15209 18238
f 15002 15563 18347
f 18351 15006 18346
f 18423 18243 18373
f 18345 15564 18365
f 18422 15205 18244
f 18374 15225 18425
f 18369 15566 15276
f 15223 15208 18424
f 15279 15224 18371
f 15277 18372 18367
f 13923 13898 13421
f 13425 13923 13421
f 13967 13426 13993
f 13966 13922 13422
f 13977 13965 13989
f 18433 13578 18428
f 18434 13572 13582
f 18438 13574 18435
f 16230 13575 18443
f 18464 18471 18445
f 18454 18472 18462
f 18477 18451 18463
f 18458 18478 18461
f 18457 18467 16220
f 18436 18481 18453
f 18432 18455 18474
f 16217 18442 18460
f 18439 18476 18459
f 18441 18431 18475
f 16224 18440 16218
f 18426 18483 18437
f 16221 18488 16239
f 18517 18524 18495
f 18527 18522 18491
f 18519 18513 18505
f 16236 18515 18507
f 18484 18528 18516
f 18525 18446 18520
f 18490 18498 18511
f 18518 18489 18510
f 18487 18514 16233
f 18526 18468 18444
f 18485 16222 18466
f 18486 18465 18529
f 18538 18509 18502
f 18540 18496 18535
f 18621 18504 18508
f 18622 18512 18537
f 16246 16235 18506
f 16242 18503 18623
f 18547 18557 18573
f 18568 13801 13795
f 16249 18572 18558
f 16251 18549 18570
f 18581 18578 18542
f 18565 13798 14363
f 18582 18544 18552
f 18591 18563 14364
f 18593 18550 16253
f 18595 18584 18551
f 18592 14367 14369
f 18585 18601 18579
f 16241 18594 16252
f 18617 18589 14368
f 18596 18613 18580
f 18616 18602 18583
f 18625 18611 18598
f 18614 18533 18603
f 16243 18624 18597
f 18536 18530 18612
f 18590 18605 18566
f 18574 18608 18587
f 18626 18539 18615
f 18620 14373 16250
f 18548 18541 18553
f 18561 18571 18586
f 18569 18555 18606
f 18559 18588 18619
f 16248 18560 18618
f 18430 13580 18628
f 18629 13581 13735
f 18429 18630 18632
f 13579 13552 13539
f 13739 13577 13538
f 18567 18642 13802
f 18648 18643 18562
f 18610 18646 18564
f 18651 18647 18609
f 18554 18655 18607
f 18545 18654 18556
f 18656 18650 18543
f 18575 18657 18546
f 18665 18659 18576
f 18604 18662 18577
f 18671 18666 18599
f 18531 18670 18600
f 18675 18667 18532
f 18677 18534 18497
f 18680 18676 18499
f 18500 18686 18681
f 18494 18683 18501
f 18492 18692 18685
f 18523 18691 18493
f 18448 18697 18690
f 18447 18689 18521
f 18473 18698 18449
f 18470 18704 18699
f 18450 18705 18469
f 18452 18707 18703
f 18480 18713 18456
f 18482 18634 18710
f 18427 18636 18479
f 13738 13692 18627
f 18637 13691 13626
f 18631 13693 18635
f 18711 18633 13630
f 13661 18712 13625
f 13663 13642 18709
f 13780 18701 13645
f 18695 18706 13779
f 13647 18702 18708
f 18715 18722 18731
f 18679 18682 18720
f 18723 18688 18730
f 18724 18687 18693
f 18727 18696 13778
f 18725 18694 18700
f 18716 18684 18721
f 18719 18674 18678
f 18718 13758 18673
f 18661 13759 13749
f 18640 18645 13769
f 13755 18668 18672
f 18748 18639 13774
f 18746 18747 13773
f 18663 13748 18660
f 18653 18658 13747
f 18669 13754 18664
f 13771 18652 13746
f 13772 18644 18649
f 14240 18978 14156
f 13476 13485 13500
f 13502 13479 13499
f 18125 18773 18767
f 18121 18766 18768
f 18763 18113 18106
f 18110 18762 18771
f 18101 18759 18764
f 18104 18757 18760
f 18072 18752 18756
f 13760 18745 13770
f 13766 18770 18739
f 13558 18758 18732
f 13558 18753 18079
f 18641 18734 13800
f 13393 8714 13290
f 12775 13406 13410
f 12757 13400 13402
f 12750 13399 13396
f 8699 8708 13391
f 8706 13384 13408
f 18749 18733 18638
f 18123 18107 18772
f 18765 18761 18111
f 18103 18073 18755
f 13764 18743 18744
f 13762 18122 18769
f 13558 18732 18753
f 14015 18821 18829
f 18818 18831 18801
f 8919 18796 18803
f 14065 18782 14054
f 14038 18792 18822
f 8891 18784 8896
f 14044 18788 18793
f 14078 18828 18816
f 8906 18778 18774
f 14070 18811 14066
f 14081 18813 14071
f 8911 18777 18798
f 8895 18791 13870
f 8871 18805 8890
f 8920 18830 8870
f 14015 14039 18821
f 18776 18781 18799
f 18809 18812 18815
f 18818 18827 18831
f 18823 18795 18825
f 18790 18783 18834
f 18807 18833 18786
f 18802 18797 18775
f 18780 18808 18820
f 18826 18794 18789
f 18787 18835 18824
f 18800 18779 18817
f 8919 8908 18796
f 14065 18810 18782
f 14038 14043 18792
f 8891 18806 18784
f 14044 13869 18788
f 14078 14018 18828
f 8906 14053 18778
f 14070 18814 18811
f 14081 18819 18813
f 8911 8907 18777
f 8895 18785 18791
f 8871 18832 18805
f 8920 18804 18830
f 8516 18838 18845
f 13430 18854 13496
f 13414 18858 18860
f 13495 18852 13482
f 13480 18849 13473
f 8460 18841 18871
f 8448 18874 18875
f 13474 18847 8508
f 18938 16299 18942
f 18844 8529 8515
f 18891 18215 18890
f 18968 10996 18967
f 18898 16314 18897
f 18925 10986 10977
f 18894 16311 18212
f 18922 18919 12867
f 18929 10976 10951
f 18910 18908 10987
f 18906 18912 16301
f 18984 12866 18918
f 18950 18960 13912
f 18954 8825 8759
f 18859 18861 13415
f 18944 18941 16296
f 18885 16322 18981
f 18974 16320 14160
f 18888 18213 16321
f 18970 18973 14155
f 18931 18934 10974
f 18921 10990 18913
f 18899 18901 16309
f 18977 18976 14154
f 18864 18866 13416
f 18964 18966 10997
f 18862 18863 13413
f 18905 16306 18902
f 18917 10991 10985
f 18876 18869 8447
f 18836 18839 8508
f 18868 18867 8449
f 18933 18926 10975
f 8922 14161 18971
f 8823 18956 18928
f 18945 13973 18935
f 16279 18939 18936
f 14241 18980 18979
f 8512 8506 18837
f 13431 13417 18856
f 18857 18854 13430
f 13419 18865 18855
f 13495 18853 18852
f 13481 18851 18848
f 18873 8446 18870
f 8459 8526 18843
f 8459 18843 18840
f 18872 8450 8461
f 13474 18850 18847
f 18940 16271 16303
f 18844 18842 8529
f 18892 18893 18214
f 18969 14157 11001
f 18900 16305 16310
f 18925 18923 10986
f 18895 18896 16313
f 18930 18932 10978
f 10984 18924 18909
f 18908 18916 10987
f 16298 18904 18907
f 18911 18943 16294
f 18985 10999 12864
f 13970 18946 18949
f 18947 18951 18958
f 18959 18961 18963
f 13910 13971 18948
f 18957 18962 13909
f 8764 18883 18881
f 18880 18877 8765
f 8763 18882 18879
f 18955 8826 18953
f 18878 18952 8758
f 18884 18886 16323
f 18975 18982 16317
f 18887 18889 18211
f 18920 12861 10992
f 10997 18986 18965
f 18965 18964 10997
f 18903 16302 16308
f 18915 18914 10993
f 8508 18847 18846
f 18846 18836 8508
f 18987 19009 19012
f 19000 18997 19017
f 19010 19025 19014
f 18995 19032 19019
f 19031 19039 19044
f 19041 19038 19049
f 19034 18988 19048
f 19067 19061 19050
f 19064 19052 19069
f 19071 19073 19062
f 19078 19072 19079
f 19080 19083 19076
f 19084 19082 19092
f 19098 19086 19094
f 19104 19090 19102
f 19107 19096 19089
f 19103 19110 19106
f 19118 19111 19101
f 19116 19119 19113
f 19120 19117 19125
f 19126 19136 19121
f 19139 19135 19127
f 19138 19142 19137
f 19143 19140 19151
f 19152 19157 19144
f 19165 19154 19166
f 19163 19155 19153
f 19168 19172 19162
f 19057 20571 19051
f 19174 19171 20610
f 19181 20401 19931
f 19180 19930 19184
f 19190 19178 19182
f 19189 19183 19192
f 19197 19188 19194
f 19195 19191 19205
f 19209 19196 19206
f 19207 19204 19215
f 19220 19211 19212
f 19226 19219 19213
f 19224 19214 19230
f 19234 19223 19229
f 19241 19237 19231
f 19239 19232 19248
f 19251 19243 19249
f 19258 19253 19247
f 19260 19246 19262
f 19271 19255 19265
f 19272 19269 19263
f 19274 19264 19278
f 19287 19273 19279
f 19291 19286 19280
f 19288 19281 19298
f 19301 19290 19295
f 19306 19303 19296
f 19305 19297 19312
f 19316 19308 19310
f 19315 19311 19325
f 19329 19314 19326
f 19328 19323 19333
f 19338 19330 19334
f 19348 18990 19357
f 19352 19001 19361
f 18991 19011 19355
f 18999 19018 19359
f 19360 19015 19363
f 19013 19024 19353
f 19354 19023 19368
f 19016 19029 19364
f 19030 19043 19365
f 19366 19042 19373
f 19040 19045 19375
f 19372 19047 19346
f 19046 18992 19347
f 19380 19060 19066
f 19381 19378 19056
f 19385 19383 19065
f 19386 19063 19075
f 19389 19387 19077
f 19390 19074 19087
f 19391 19085 19095
f 19396 19392 19097
f 19395 19099 19105
f 19397 19108 19112
f 19399 19394 19109
f 19401 19114 19122
f 19403 19400 19123
f 19405 19124 19134
f 19406 19402 19133
f 19407 19132 19145
f 19410 19408 19146
f 19414 19411 19147
f 19413 19148 19158
f 19415 19156 19161
f 19418 19417 19160
f 19867 19159 19173
f 19864 19419 19164
f 20351 19433 19438
f 19429 19441 19444
f 19426 19442 19430
f 19431 19450 19435
f 19434 19449 19454
f 19446 19463 19464
f 19443 19458 19447
f 19452 19472 19455
f 19457 19469 19473
f 19459 19480 19466
f 19465 19477 19484
f 19479 19487 19483
f 19470 19424 19474
f 19475 19422 19427
f 19482 19488 19493
f 19497 19511 19546
f 19547 19509 19516
f 20114 19517 19505
f 19518 19521 19504
f 19506 19525 19527
f 19512 19531 19515
f 19513 19534 19538
f 19530 19542 19537
f 19523 19502 19528
f 19526 19500 19545
f 19584 19590 19549
f 19588 19553 19551
f 19563 19557 19567
f 19548 19554 19883
f 19555 19570 19882
f 19556 19575 19565
f 19566 19572 19579
f 19574 19583 19577
f 19576 19582 19586
f 19580 19589 19585
f 19640 19594 19597
f 19604 19603 19609
f 19595 19615 19596
f 19598 19616 19619
f 19611 19621 19627
f 19601 19623 19610
f 19622 19629 19626
f 19624 19628 19632
f 19631 19637 19634
f 19633 19638 19643
f 19639 19592 19641
f 19673 19685 19690
f 19693 19671 19689
f 19695 19687 19700
f 19708 19696 19699
f 19705 19698 19709
f 19715 19704 19710
f 19718 19711 19724
f 19727 19719 19723
f 19726 19720 19732
f 19740 19725 19736
f 19737 19733 19742
f 19750 19741 19746
f 19751 19744 19754
f 19763 19752 19755
f 19762 19757 19768
f 19775 19760 19767
f 19774 19764 19778
f 19782 19770 19779
f 19783 19780 19788
f 19792 19785 19791
f 19796 19790 19799
f 19804 19797 19798
f 19806 19802 19813
f 19816 19803 19811
f 19815 19808 19825
f 19826 19814 19820
f 19828 19821 19833
f 19841 19829 19834
f 20009 20022 19849
f 20014 19851 19859
f 19587 19550 19945
f 19945 19550 19869
f 19599 19228 19393
f 19382 19193 19185
f 19384 19193 19382
f 19635 19642 19398
f 19393 19228 19388
f 19398 19642 19393
f 19228 19216 19388
f 20017 19880 19843
f 19384 19203 19193
f 19388 19203 19384
f 19337 19866 19861
f 19388 19216 19203
f 19900 19887 18998
f 19859 19851 19905
f 19294 19282 19409
f 19851 19908 19905
f 19642 19599 19393
f 19550 19885 19869
f 19337 19420 19866
f 19919 19924 19928
f 19900 19913 19887
f 19324 19420 19337
f 19895 19933 19957
f 19606 19261 19938
f 19924 19944 19928
f 19409 19282 19404
f 19324 19416 19420
f 19564 19578 19945
f 19908 19953 19905
f 19905 19953 19885
f 19901 19961 19912
f 19379 19933 19895
f 19965 19564 19945
f 19313 19416 19324
f 19919 19969 19924
f 19846 19956 19902
f 19940 19245 19975
f 19266 19245 19940
f 19977 19969 19919
f 19879 19962 19845
f 19006 18989 19985
f 19885 19008 19869
f 19965 19560 19564
f 19871 19005 19981
f 19953 19008 19885
f 19928 19944 19965
f 19974 19244 19991
f 18993 19035 19984
f 19578 19587 19945
f 19952 19020 19007
f 19965 19994 19560
f 20000 19021 19954
f 19944 19994 19965
f 19313 19412 19416
f 19294 19412 19313
f 19895 19957 19878
f 19982 19036 19886
f 19404 19625 19398
f 19991 19244 20005
f 19404 19608 19625
f 19282 19608 19404
f 19999 20008 19022
f 19379 19185 19933
f 19560 19994 20014
f 19625 19635 19398
f 19037 19028 19890
f 19261 19608 19282
f 20001 20020 20007
f 19244 19228 20005
f 20005 19228 19618
f 19861 19969 19977
f 18996 19892 19033
f 19382 19185 19379
f 19261 19606 19608
f 19861 19866 19969
f 19412 19294 19409
f 19618 19228 19599
f 19994 19851 20014
f 19936 20023 19607
f 20037 20025 19937
f 19617 19614 20002
f 19613 20028 20003
f 20004 20030 19990
f 20024 19600 19605
f 20027 20033 19989
f 19992 20035 19973
f 19976 20031 19939
f 20034 20038 19935
f 20016 20046 19562
f 20041 20044 20015
f 19884 19569 19907
f 19568 20047 19904
f 20045 19558 19561
f 19906 20049 19855
f 20048 20053 19857
f 20052 20039 19858
f 19856 20042 20013
f 20068 20062 20384
f 20068 20057 20062
f 19670 19342 19662
f 19669 20059 19667
f 19669 19667 19340
f 19649 20075 20076
f 20081 20084 20071
f 20103 20108 20100
f 20055 19664 20110
f 20116 20119 20197
f 20125 20119 20116
f 20129 20119 20125
f 20129 20133 20119
f 20131 20141 20137
f 20165 20140 20128
f 20152 20138 20161
f 20155 20160 20204
f 20158 20139 20162
f 20173 19533 19510
f 20172 19541 19532
f 19508 19499 20171
f 20177 19540 20170
f 20177 20181 19540
f 20177 20190 20181
f 20194 20190 20177
f 19522 20200 19495
f 20151 20188 20196
f 20154 20205 20187
f 19524 19520 20197
f 19519 20113 20201
f 19307 19318 20213
f 19309 20212 20215
f 19299 19304 20220
f 19300 20218 20225
f 19292 19302 20224
f 19289 20223 20229
f 19284 19293 20230
f 19285 20231 20234
f 19277 19283 20235
f 19276 20233 20237
f 19270 19275 20240
f 19267 20242 20246
f 19256 19268 20243
f 19257 20247 20251
f 19252 19259 20254
f 19250 20248 20257
f 19238 19254 20258
f 19240 20259 20261
f 19235 19242 20262
f 19233 20263 20268
f 19227 19236 20269
f 19225 20270 20271
f 19218 19222 20272
f 19217 20273 20283
f 19208 19221 20282
f 19201 19210 20279
f 19202 20281 20289
f 20293 19462 20299
f 19461 19439 20303
f 20305 19460 20294
f 20305 19478 19460
f 19440 19421 20298
f 20305 19489 19478
f 20310 19489 20305
f 20312 20319 19485
f 20310 20323 20317
f 20313 20326 20321
f 20332 20341 20325
f 20340 20337 20348
f 20347 20333 20352
f 20334 20355 20350
f 20350 20355 19432
f 19432 20355 19453
f 20355 20365 19453
f 19423 20370 20302
f 19451 20371 19471
f 19468 20373 19425
f 19448 20361 20369
f 19187 20393 20375
f 20069 20378 20396
f 20398 20064 20056
f 20399 20057 20068
f 19199 20392 19186
f 20377 20067 20065
f 20383 20386 20406
f 20066 19179 20376
f 20379 20407 19680
f 19187 20375 19177
f 20417 19317 19331
f 20408 20061 19343
f 20429 20418 19837
f 20431 20414 19327
f 20436 20419 20424
f 20409 20419 20436
f 19332 19668 20432
f 20442 20050 20440
f 19573 19507 19529
f 19559 19507 19573
f 19581 19573 19529
f 19581 19529 19544
f 19591 19581 19544
f 19559 20446 19507
f 20043 20446 19559
f 19591 19544 19514
f 20043 20450 20446
f 20040 20450 20043
f 19552 19591 19514
f 20454 20450 20040
f 20454 20040 20051
f 19535 19552 19514
f 19535 19571 19552
f 20459 20454 20051
f 20462 19571 19535
f 20466 20051 20050
f 20466 20459 20051
f 20440 19571 20462
f 20442 20466 20050
f 20440 20050 19571
f 20156 20164 20460
f 19543 20182 19539
f 19536 20183 20463
f 20461 20163 20455
f 20166 20130 20457
f 20465 20184 20441
f 20180 20186 20464
f 20456 20132 20452
f 20439 20189 20445
f 20127 20123 20453
f 20185 20207 20443
f 20451 20124 20447
f 20444 20208 20467
f 20126 20117 20448
f 20206 20157 20468
f 20449 20115 19503
f 20469 20159 20458
f 20471 20029 19491
f 19620 19456 19476
f 19630 19620 19476
f 19602 19436 19456
f 19602 19456 19620
f 19630 19476 19428
f 19636 19630 19428
f 20026 19436 19602
f 20026 20477 19436
f 19636 19428 19445
f 19593 19636 19445
f 20026 20481 20477
f 19593 19445 19467
f 20036 20481 20026
f 19467 19612 19593
f 19481 19612 19467
f 20482 20481 20036
f 20482 20036 20032
f 19491 19612 19481
f 19491 20029 19612
f 20471 20482 20032
f 20471 20032 20029
f 20327 20343 20483
f 20485 20344 20479
f 19486 20318 19494
f 20316 20320 19490
f 19492 20322 20473
f 20342 20345 20480
f 20478 20346 20474
f 20349 20354 20475
f 20476 20353 19437
f 20324 20328 20470
f 20472 20329 20484
f 19865 19176 20488
f 19972 19868 20490
f 19970 20489 20494
f 19968 20493 20496
f 19923 19971 20500
f 19922 20501 20506
f 19942 19921 20505
f 19943 20504 20508
f 19995 19941 20509
f 19996 20510 20515
f 19853 19993 20516
f 19852 20517 20522
f 19911 19854 20520
f 19910 20519 20525
f 19955 19909 20530
f 19951 20529 20537
f 19997 19950 20536
f 20018 19998 20534
f 20019 20535 20540
f 19881 20021 20539
f 19875 20541 20547
f 19876 20546 20548
f 19894 19877 20552
f 19377 20549 19058
f 19376 19896 20550
f 20581 20558 20560
f 20578 20570 20556
f 20582 20573 20565
f 20585 20564 20577
f 19054 20574 20583
f 20589 19053 20588
f 19093 19070 19055
f 19088 19081 19068
f 20601 19055 20591
f 20605 20593 20599
f 19169 20606 20609
f 19128 19115 19100
f 19131 19093 19055
f 19128 19100 19091
f 19130 19170 19149
f 19131 19055 20601
f 19131 20601 19167
f 19141 19129 19150
f 20626 20756 20633
f 20642 19653 20639
f 20631 20614 20638
f 19654 19644 20637
f 20754 20616 20629
f 20617 20297 20367
f 20619 20624 20296
f 20627 20618 20758
f 20613 20641 20635
f 20658 20677 20662
f 20652 20674 20660
f 20680 20092 20669
f 20666 20645 20667
f 20091 20086 20668
f 20675 20646 20664
f 20654 20145 20150
f 20653 20657 20142
f 20648 20682 20670
f 20073 20395 20078
f 20374 20394 20074
f 20077 20391 19651
f 19652 20686 19646
f 19650 20390 20684
f 20389 19198 20689
f 20688 19200 20287
f 20209 19320 20694
f 20693 19321 19659
f 19656 19319 19663
f 19322 20413 19665
f 19666 20415 20111
f 20416 20434 20112
f 20109 20430 20054
f 20072 20428 20079
f 20438 20427 20070
f 20080 20426 20082
f 20083 20703 20088
f 20085 20423 20704
f 20425 19842 20702
f 20700 19840 19831
f 19682 19681 20708
f 20707 19679 20097
f 20096 19678 20099
f 19677 20405 20102
f 20101 20404 20104
f 20403 20385 20105
f 20106 20387 20107
f 20720 20725 20714
f 19027 20727 19367
f 20711 20723 19351
f 20724 19002 19350
f 19369 20732 20735
f 20728 20734 19371
f 20733 20741 20737
f 20738 20743 20747
f 20744 20749 20745
f 20746 20750 20713
f 20752 20717 20712
f 20715 19349 19358
f 20715 19362 19374
f 20715 19358 19362
f 20736 20715 19374
f 20736 19345 19356
f 20736 19356 19370
f 20736 20748 20715
f 20736 19374 19345
f 20286 20623 20630
f 20288 20628 20683
f 20285 20295 20625
f 20636 19645 19648
f 20687 20634 19647
f 20685 20632 20640
f 20216 20214 20366
f 20219 20372 20362
f 20221 20217 20360
f 20228 20222 20364
f 20227 20363 20356
f 20232 20226 20357
f 20241 20359 20339
f 20238 20236 20358
f 20245 20239 20338
f 20250 20244 20335
f 20252 20336 20330
f 20253 20331 20315
f 20255 20249 20309
f 20265 20256 20311
f 20264 20314 20308
f 20266 20260 20304
f 20275 20267 20306
f 20274 20307 20291
f 20277 20276 20290
f 20278 20292 20300
f 20284 20280 20301
f 20211 20620 20368
f 19658 20612 20691
f 19657 19655 20643
f 20622 20210 20695
f 20690 20615 20757
f 19660 20644 20611
f 20755 20621 20692
f 20696 20661 20665
f 20697 20146 20659
f 20698 19835 20147
f 20671 20087 20090
f 20699 20673 20089
f 20701 20663 20672
f 19691 19684 20148
f 19688 20149 20193
f 19702 19692 20192
f 19714 19701 20191
f 19713 20195 20175
f 19721 19712 20178
f 19731 19722 20179
f 19734 20176 20169
f 19743 19735 20174
f 19753 19745 20167
f 19758 20168 19501
f 19765 19498 20199
f 19766 19756 19496
f 19776 19769 20198
f 19786 19777 20203
f 19789 20202 20122
f 19801 19787 20118
f 19810 19800 20120
f 19809 20121 20136
f 19823 19812 20135
f 19822 20134 20144
f 19832 19824 20143
f 19686 20656 20153
f 20676 20651 20710
f 20098 20650 20709
f 20095 20093 20679
f 20655 19683 20706
f 20705 20649 20678
f 20094 20681 20647
f 20412 19344 19335
f 20411 19336 19862
f 20422 20410 19863
f 20421 19860 19980
f 19838 20420 19978
f 19836 19979 19918
f 19827 19839 19917
f 19818 19830 19920
f 19819 19916 19929
f 19805 19817 19927
f 19795 19807 19926
f 19794 19925 19967
f 19781 19793 19966
f 19772 19784 19964
f 19773 19963 19946
f 19759 19771 19948
f 19748 19761 19947
f 19747 19949 19874
f 19738 19749 19870
f 19728 19739 19873
f 19729 19872 19986
f 19716 19730 19987
f 19707 19717 19988
f 19706 19983 19889
f 19697 19703 19888
f 19672 19694 19891
f 19676 19893 19914
f 19675 19915 19959
f 20381 19674 19958
f 20380 19960 19934
f 20397 20382 19932
f 20608 20491 19175
f 20486 20607 20603
f 20600 20495 20487
f 20604 20497 20492
f 20595 20498 20602
f 20597 20503 20499
f 20511 20502 20598
f 20512 20596 20590
f 20594 20513 20507
f 20514 20592 20586
f 20584 20521 20518
f 20579 20523 20587
f 20580 20528 20524
f 20563 20526 20576
f 20562 20533 20527
f 20557 20543 20531
f 20555 20532 20561
f 20569 20545 20542
f 20568 20538 20559
f 20553 20567 20572
f 20551 20544 20566
f 20575 19059 20554
f 19848 19903 20718
f 20716 19897 20721
f 19026 20011 20729
f 19898 19003 20722
f 19899 18994 19004
f 20726 20006 20730
f 20731 20010 20740
f 20012 19844 20742
f 20739 19850 20751
f 20753 19847 20719
f 20065 20067 20063
f 20058 19661 20060
f 20059 20433 19667
f 19661 19341 20060
f 20058 20060 20435
f 20065 20063 20400
f 20069 20388 20378
f 20066 20402 19179
f 20408 20437 20061
f 19332 19339 19668
